suostey	s8st8	សួស្តី	hello
suosti	s8st8	សួស្តី	hello
suostii	s8st8	សួស្តី	hello
suosdey	s8sd8	សួស្តី	hello
suosdi	s8sd8	សួស្តី	hello
suosdii	s8sd8	សួស្តី	hello
suastey	s8st8	សួស្តី	hello
suasti	s8st8	សួស្តី	hello
suastii	s8st8	សួស្តី	hello
suasdey	s8sd8	សួស្តី	hello
suasdi	s8sd8	សួស្តី	hello
suasdii	s8sd8	សួស្តី	hello
sustey	s8st8	សួស្តី	hello
susti	s8st8	សួស្តី	hello
sustii	s8st8	សួស្តី	hello
susdey	s8sd8	សួស្តី	hello
susdi	s8sd8	សួស្តី	hello
susdii	s8sd8	សួស្តី	hello
suosdei	s8sd8	សួស្តី	hello
soursdey	s8rsd8	សួស្តី	hello
suasdei	s8sd8	សួស្តី	hello
chamrabsuor	ch8mr8bs8r	ជំរាបសួរ	hello (formal)
chamrabsuar	ch8mr8bs8r	ជំរាបសួរ	hello (formal)
chamrabsur	ch8mr8bs8r	ជំរាបសួរ	hello (formal)
chamrabosuor	ch8mr8b8s8r	ជំរាបសួរ	hello (formal)
chamrabosuar	ch8mr8b8s8r	ជំរាបសួរ	hello (formal)
chamrabosur	ch8mr8b8s8r	ជំរាបសួរ	hello (formal)
chamrabasuor	ch8mr8b8s8r	ជំរាបសួរ	hello (formal)
chamrabasuar	ch8mr8b8s8r	ជំរាបសួរ	hello (formal)
chamrabasur	ch8mr8b8s8r	ជំរាបសួរ	hello (formal)
chamrapsuor	ch8mr8ps8r	ជំរាបសួរ	hello (formal)
chamrapsuar	ch8mr8ps8r	ជំរាបសួរ	hello (formal)
chamrapsur	ch8mr8ps8r	ជំរាបសួរ	hello (formal)
chamraposuor	ch8mr8p8s8r	ជំរាបសួរ	hello (formal)
chamraposuar	ch8mr8p8s8r	ជំរាបសួរ	hello (formal)
chamraposur	ch8mr8p8s8r	ជំរាបសួរ	hello (formal)
chamrapasuor	ch8mr8p8s8r	ជំរាបសួរ	hello (formal)
chamrapasuar	ch8mr8p8s8r	ជំរាបសួរ	hello (formal)
chamrapasur	ch8mr8p8s8r	ជំរាបសួរ	hello (formal)
chamreabsuor	ch8mr8bs8r	ជំរាបសួរ	hello (formal)
chamreabsuar	ch8mr8bs8r	ជំរាបសួរ	hello (formal)
chamreabsur	ch8mr8bs8r	ជំរាបសួរ	hello (formal)
chamreabosuor	ch8mr8b8s8r	ជំរាបសួរ	hello (formal)
chamreabosuar	ch8mr8b8s8r	ជំរាបសួរ	hello (formal)
chamreabosur	ch8mr8b8s8r	ជំរាបសួរ	hello (formal)
chamreabasuor	ch8mr8b8s8r	ជំរាបសួរ	hello (formal)
chamreabasuar	ch8mr8b8s8r	ជំរាបសួរ	hello (formal)
chamreabasur	ch8mr8b8s8r	ជំរាបសួរ	hello (formal)
chamreapsuor	ch8mr8ps8r	ជំរាបសួរ	hello (formal)
chamreapsuar	ch8mr8ps8r	ជំរាបសួរ	hello (formal)
chamreapsur	ch8mr8ps8r	ជំរាបសួរ	hello (formal)
chamreaposuor	ch8mr8p8s8r	ជំរាបសួរ	hello (formal)
chamreaposuar	ch8mr8p8s8r	ជំរាបសួរ	hello (formal)
chamreaposur	ch8mr8p8s8r	ជំរាបសួរ	hello (formal)
chamreapasuor	ch8mr8p8s8r	ជំរាបសួរ	hello (formal)
chamreapasuar	ch8mr8p8s8r	ជំរាបសួរ	hello (formal)
chamreapasur	ch8mr8p8s8r	ជំរាបសួរ	hello (formal)
chamraabsuor	ch8mr8bs8r	ជំរាបសួរ	hello (formal)
chamraabsuar	ch8mr8bs8r	ជំរាបសួរ	hello (formal)
chamraabsur	ch8mr8bs8r	ជំរាបសួរ	hello (formal)
chamraabosuor	ch8mr8b8s8r	ជំរាបសួរ	hello (formal)
chamraabosuar	ch8mr8b8s8r	ជំរាបសួរ	hello (formal)
chamraabosur	ch8mr8b8s8r	ជំរាបសួរ	hello (formal)
chamraabasuor	ch8mr8b8s8r	ជំរាបសួរ	hello (formal)
chamraabasuar	ch8mr8b8s8r	ជំរាបសួរ	hello (formal)
chamraabasur	ch8mr8b8s8r	ជំរាបសួរ	hello (formal)
chamraapsuor	ch8mr8ps8r	ជំរាបសួរ	hello (formal)
chamraapsuar	ch8mr8ps8r	ជំរាបសួរ	hello (formal)
chamraapsur	ch8mr8ps8r	ជំរាបសួរ	hello (formal)
chamraaposuor	ch8mr8p8s8r	ជំរាបសួរ	hello (formal)
chamraaposuar	ch8mr8p8s8r	ជំរាបសួរ	hello (formal)
chamraaposur	ch8mr8p8s8r	ជំរាបសួរ	hello (formal)
chamraapasuor	ch8mr8p8s8r	ជំរាបសួរ	hello (formal)
chamraapasuar	ch8mr8p8s8r	ជំរាបសួរ	hello (formal)
chamraapasur	ch8mr8p8s8r	ជំរាបសួរ	hello (formal)
chomrabsuor	ch8mr8bs8r	ជំរាបសួរ	hello (formal)
chomrabsuar	ch8mr8bs8r	ជំរាបសួរ	hello (formal)
chomrabsur	ch8mr8bs8r	ជំរាបសួរ	hello (formal)
chomrabosuor	ch8mr8b8s8r	ជំរាបសួរ	hello (formal)
chomrabosuar	ch8mr8b8s8r	ជំរាបសួរ	hello (formal)
chomrabosur	ch8mr8b8s8r	ជំរាបសួរ	hello (formal)
chomrabasuor	ch8mr8b8s8r	ជំរាបសួរ	hello (formal)
chomrabasuar	ch8mr8b8s8r	ជំរាបសួរ	hello (formal)
chomrabasur	ch8mr8b8s8r	ជំរាបសួរ	hello (formal)
chomrapsuor	ch8mr8ps8r	ជំរាបសួរ	hello (formal)
chomrapsuar	ch8mr8ps8r	ជំរាបសួរ	hello (formal)
chomrapsur	ch8mr8ps8r	ជំរាបសួរ	hello (formal)
chomraposuor	ch8mr8p8s8r	ជំរាបសួរ	hello (formal)
chomraposuar	ch8mr8p8s8r	ជំរាបសួរ	hello (formal)
chomraposur	ch8mr8p8s8r	ជំរាបសួរ	hello (formal)
chomrapasuor	ch8mr8p8s8r	ជំរាបសួរ	hello (formal)
chomrapasuar	ch8mr8p8s8r	ជំរាបសួរ	hello (formal)
chomrapasur	ch8mr8p8s8r	ជំរាបសួរ	hello (formal)
chomreabsuor	ch8mr8bs8r	ជំរាបសួរ	hello (formal)
chomreabsuar	ch8mr8bs8r	ជំរាបសួរ	hello (formal)
chomreabsur	ch8mr8bs8r	ជំរាបសួរ	hello (formal)
chomreabosuor	ch8mr8b8s8r	ជំរាបសួរ	hello (formal)
chomreabosuar	ch8mr8b8s8r	ជំរាបសួរ	hello (formal)
chomreabosur	ch8mr8b8s8r	ជំរាបសួរ	hello (formal)
chomreabasuor	ch8mr8b8s8r	ជំរាបសួរ	hello (formal)
chomreabasuar	ch8mr8b8s8r	ជំរាបសួរ	hello (formal)
chomreabasur	ch8mr8b8s8r	ជំរាបសួរ	hello (formal)
chomreapsuor	ch8mr8ps8r	ជំរាបសួរ	hello (formal)
chomreapsuar	ch8mr8ps8r	ជំរាបសួរ	hello (formal)
chomreapsur	ch8mr8ps8r	ជំរាបសួរ	hello (formal)
chomreaposuor	ch8mr8p8s8r	ជំរាបសួរ	hello (formal)
chomreaposuar	ch8mr8p8s8r	ជំរាបសួរ	hello (formal)
chomreaposur	ch8mr8p8s8r	ជំរាបសួរ	hello (formal)
chomreapasuor	ch8mr8p8s8r	ជំរាបសួរ	hello (formal)
chomreapasuar	ch8mr8p8s8r	ជំរាបសួរ	hello (formal)
chomreapasur	ch8mr8p8s8r	ជំរាបសួរ	hello (formal)
chomraabsuor	ch8mr8bs8r	ជំរាបសួរ	hello (formal)
chomraabsuar	ch8mr8bs8r	ជំរាបសួរ	hello (formal)
chomraabsur	ch8mr8bs8r	ជំរាបសួរ	hello (formal)
chomraabosuor	ch8mr8b8s8r	ជំរាបសួរ	hello (formal)
chomraabosuar	ch8mr8b8s8r	ជំរាបសួរ	hello (formal)
chomraabosur	ch8mr8b8s8r	ជំរាបសួរ	hello (formal)
chomraabasuor	ch8mr8b8s8r	ជំរាបសួរ	hello (formal)
chomraabasuar	ch8mr8b8s8r	ជំរាបសួរ	hello (formal)
chomraabasur	ch8mr8b8s8r	ជំរាបសួរ	hello (formal)
chomraapsuor	ch8mr8ps8r	ជំរាបសួរ	hello (formal)
chomraapsuar	ch8mr8ps8r	ជំរាបសួរ	hello (formal)
chomraapsur	ch8mr8ps8r	ជំរាបសួរ	hello (formal)
chomraaposuor	ch8mr8p8s8r	ជំរាបសួរ	hello (formal)
chomraaposuar	ch8mr8p8s8r	ជំរាបសួរ	hello (formal)
chomraaposur	ch8mr8p8s8r	ជំរាបសួរ	hello (formal)
chomraapasuor	ch8mr8p8s8r	ជំរាបសួរ	hello (formal)
chomraapasuar	ch8mr8p8s8r	ជំរាបសួរ	hello (formal)
chomraapasur	ch8mr8p8s8r	ជំរាបសួរ	hello (formal)
chumrabsuor	ch8mr8bs8r	ជំរាបសួរ	hello (formal)
chumrabsuar	ch8mr8bs8r	ជំរាបសួរ	hello (formal)
chumrabsur	ch8mr8bs8r	ជំរាបសួរ	hello (formal)
chumrabosuor	ch8mr8b8s8r	ជំរាបសួរ	hello (formal)
chumrabosuar	ch8mr8b8s8r	ជំរាបសួរ	hello (formal)
chumrabosur	ch8mr8b8s8r	ជំរាបសួរ	hello (formal)
chumrabasuor	ch8mr8b8s8r	ជំរាបសួរ	hello (formal)
chumrabasuar	ch8mr8b8s8r	ជំរាបសួរ	hello (formal)
chumrabasur	ch8mr8b8s8r	ជំរាបសួរ	hello (formal)
chumrapsuor	ch8mr8ps8r	ជំរាបសួរ	hello (formal)
chumrapsuar	ch8mr8ps8r	ជំរាបសួរ	hello (formal)
chumrapsur	ch8mr8ps8r	ជំរាបសួរ	hello (formal)
jomreabsour	j8mr8bs8r	ជំរាបសួរ	hello (formal)
chumreapsour	ch8mr8ps8r	ជំរាបសួរ	hello (formal)
chamrabla	ch8mr8bl8	ជំរាបលា	goodbye (formal)
chamrablea	ch8mr8bl8	ជំរាបលា	goodbye (formal)
chamrablaa	ch8mr8bl8	ជំរាបលា	goodbye (formal)
chamrabola	ch8mr8b8l8	ជំរាបលា	goodbye (formal)
chamrabolea	ch8mr8b8l8	ជំរាបលា	goodbye (formal)
chamrabolaa	ch8mr8b8l8	ជំរាបលា	goodbye (formal)
chamrabala	ch8mr8b8l8	ជំរាបលា	goodbye (formal)
chamrabalea	ch8mr8b8l8	ជំរាបលា	goodbye (formal)
chamrabalaa	ch8mr8b8l8	ជំរាបលា	goodbye (formal)
chamrapla	ch8mr8pl8	ជំរាបលា	goodbye (formal)
chamraplea	ch8mr8pl8	ជំរាបលា	goodbye (formal)
chamraplaa	ch8mr8pl8	ជំរាបលា	goodbye (formal)
chamrapola	ch8mr8p8l8	ជំរាបលា	goodbye (formal)
chamrapolea	ch8mr8p8l8	ជំរាបលា	goodbye (formal)
chamrapolaa	ch8mr8p8l8	ជំរាបលា	goodbye (formal)
chamrapala	ch8mr8p8l8	ជំរាបលា	goodbye (formal)
chamrapalea	ch8mr8p8l8	ជំរាបលា	goodbye (formal)
chamrapalaa	ch8mr8p8l8	ជំរាបលា	goodbye (formal)
chamreabla	ch8mr8bl8	ជំរាបលា	goodbye (formal)
chamreablea	ch8mr8bl8	ជំរាបលា	goodbye (formal)
chamreablaa	ch8mr8bl8	ជំរាបលា	goodbye (formal)
chamreabola	ch8mr8b8l8	ជំរាបលា	goodbye (formal)
chamreabolea	ch8mr8b8l8	ជំរាបលា	goodbye (formal)
chamreabolaa	ch8mr8b8l8	ជំរាបលា	goodbye (formal)
chamreabala	ch8mr8b8l8	ជំរាបលា	goodbye (formal)
chamreabalea	ch8mr8b8l8	ជំរាបលា	goodbye (formal)
chamreabalaa	ch8mr8b8l8	ជំរាបលា	goodbye (formal)
chamreapla	ch8mr8pl8	ជំរាបលា	goodbye (formal)
chamreaplea	ch8mr8pl8	ជំរាបលា	goodbye (formal)
chamreaplaa	ch8mr8pl8	ជំរាបលា	goodbye (formal)
chamreapola	ch8mr8p8l8	ជំរាបលា	goodbye (formal)
chamreapolea	ch8mr8p8l8	ជំរាបលា	goodbye (formal)
chamreapolaa	ch8mr8p8l8	ជំរាបលា	goodbye (formal)
chamreapala	ch8mr8p8l8	ជំរាបលា	goodbye (formal)
chamreapalea	ch8mr8p8l8	ជំរាបលា	goodbye (formal)
chamreapalaa	ch8mr8p8l8	ជំរាបលា	goodbye (formal)
chamraabla	ch8mr8bl8	ជំរាបលា	goodbye (formal)
chamraablea	ch8mr8bl8	ជំរាបលា	goodbye (formal)
chamraablaa	ch8mr8bl8	ជំរាបលា	goodbye (formal)
chamraabola	ch8mr8b8l8	ជំរាបលា	goodbye (formal)
chamraabolea	ch8mr8b8l8	ជំរាបលា	goodbye (formal)
chamraabolaa	ch8mr8b8l8	ជំរាបលា	goodbye (formal)
chamraabala	ch8mr8b8l8	ជំរាបលា	goodbye (formal)
chamraabalea	ch8mr8b8l8	ជំរាបលា	goodbye (formal)
chamraabalaa	ch8mr8b8l8	ជំរាបលា	goodbye (formal)
chamraapla	ch8mr8pl8	ជំរាបលា	goodbye (formal)
chamraaplea	ch8mr8pl8	ជំរាបលា	goodbye (formal)
chamraaplaa	ch8mr8pl8	ជំរាបលា	goodbye (formal)
chamraapola	ch8mr8p8l8	ជំរាបលា	goodbye (formal)
chamraapolea	ch8mr8p8l8	ជំរាបលា	goodbye (formal)
chamraapolaa	ch8mr8p8l8	ជំរាបលា	goodbye (formal)
chamraapala	ch8mr8p8l8	ជំរាបលា	goodbye (formal)
chamraapalea	ch8mr8p8l8	ជំរាបលា	goodbye (formal)
chamraapalaa	ch8mr8p8l8	ជំរាបលា	goodbye (formal)
chomrabla	ch8mr8bl8	ជំរាបលា	goodbye (formal)
chomrablea	ch8mr8bl8	ជំរាបលា	goodbye (formal)
chomrablaa	ch8mr8bl8	ជំរាបលា	goodbye (formal)
chomrabola	ch8mr8b8l8	ជំរាបលា	goodbye (formal)
chomrabolea	ch8mr8b8l8	ជំរាបលា	goodbye (formal)
chomrabolaa	ch8mr8b8l8	ជំរាបលា	goodbye (formal)
chomrabala	ch8mr8b8l8	ជំរាបលា	goodbye (formal)
chomrabalea	ch8mr8b8l8	ជំរាបលា	goodbye (formal)
chomrabalaa	ch8mr8b8l8	ជំរាបលា	goodbye (formal)
chomrapla	ch8mr8pl8	ជំរាបលា	goodbye (formal)
chomraplea	ch8mr8pl8	ជំរាបលា	goodbye (formal)
chomraplaa	ch8mr8pl8	ជំរាបលា	goodbye (formal)
chomrapola	ch8mr8p8l8	ជំរាបលា	goodbye (formal)
chomrapolea	ch8mr8p8l8	ជំរាបលា	goodbye (formal)
chomrapolaa	ch8mr8p8l8	ជំរាបលា	goodbye (formal)
chomrapala	ch8mr8p8l8	ជំរាបលា	goodbye (formal)
chomrapalea	ch8mr8p8l8	ជំរាបលា	goodbye (formal)
chomrapalaa	ch8mr8p8l8	ជំរាបលា	goodbye (formal)
chomreabla	ch8mr8bl8	ជំរាបលា	goodbye (formal)
chomreablea	ch8mr8bl8	ជំរាបលា	goodbye (formal)
chomreablaa	ch8mr8bl8	ជំរាបលា	goodbye (formal)
chomreabola	ch8mr8b8l8	ជំរាបលា	goodbye (formal)
chomreabolea	ch8mr8b8l8	ជំរាបលា	goodbye (formal)
chomreabolaa	ch8mr8b8l8	ជំរាបលា	goodbye (formal)
chomreabala	ch8mr8b8l8	ជំរាបលា	goodbye (formal)
chomreabalea	ch8mr8b8l8	ជំរាបលា	goodbye (formal)
chomreabalaa	ch8mr8b8l8	ជំរាបលា	goodbye (formal)
chomreapla	ch8mr8pl8	ជំរាបលា	goodbye (formal)
chomreaplea	ch8mr8pl8	ជំរាបលា	goodbye (formal)
chomreaplaa	ch8mr8pl8	ជំរាបលា	goodbye (formal)
chomreapola	ch8mr8p8l8	ជំរាបលា	goodbye (formal)
chomreapolea	ch8mr8p8l8	ជំរាបលា	goodbye (formal)
chomreapolaa	ch8mr8p8l8	ជំរាបលា	goodbye (formal)
chomreapala	ch8mr8p8l8	ជំរាបលា	goodbye (formal)
chomreapalea	ch8mr8p8l8	ជំរាបលា	goodbye (formal)
chomreapalaa	ch8mr8p8l8	ជំរាបលា	goodbye (formal)
chomraabla	ch8mr8bl8	ជំរាបលា	goodbye (formal)
chomraablea	ch8mr8bl8	ជំរាបលា	goodbye (formal)
chomraablaa	ch8mr8bl8	ជំរាបលា	goodbye (formal)
chomraabola	ch8mr8b8l8	ជំរាបលា	goodbye (formal)
chomraabolea	ch8mr8b8l8	ជំរាបលា	goodbye (formal)
chomraabolaa	ch8mr8b8l8	ជំរាបលា	goodbye (formal)
chomraabala	ch8mr8b8l8	ជំរាបលា	goodbye (formal)
chomraabalea	ch8mr8b8l8	ជំរាបលា	goodbye (formal)
chomraabalaa	ch8mr8b8l8	ជំរាបលា	goodbye (formal)
chomraapla	ch8mr8pl8	ជំរាបលា	goodbye (formal)
chomraaplea	ch8mr8pl8	ជំរាបលា	goodbye (formal)
chomraaplaa	ch8mr8pl8	ជំរាបលា	goodbye (formal)
chomraapola	ch8mr8p8l8	ជំរាបលា	goodbye (formal)
chomraapolea	ch8mr8p8l8	ជំរាបលា	goodbye (formal)
chomraapolaa	ch8mr8p8l8	ជំរាបលា	goodbye (formal)
chomraapala	ch8mr8p8l8	ជំរាបលា	goodbye (formal)
chomraapalea	ch8mr8p8l8	ជំរាបលា	goodbye (formal)
chomraapalaa	ch8mr8p8l8	ជំរាបលា	goodbye (formal)
chumrabla	ch8mr8bl8	ជំរាបលា	goodbye (formal)
chumrablea	ch8mr8bl8	ជំរាបលា	goodbye (formal)
chumrablaa	ch8mr8bl8	ជំរាបលា	goodbye (formal)
chumrabola	ch8mr8b8l8	ជំរាបលា	goodbye (formal)
chumrabolea	ch8mr8b8l8	ជំរាបលា	goodbye (formal)
chumrabolaa	ch8mr8b8l8	ជំរាបលា	goodbye (formal)
chumrabala	ch8mr8b8l8	ជំរាបលា	goodbye (formal)
chumrabalea	ch8mr8b8l8	ជំរាបលា	goodbye (formal)
chumrabalaa	ch8mr8b8l8	ជំរាបលា	goodbye (formal)
chumrapla	ch8mr8pl8	ជំរាបលា	goodbye (formal)
chumraplea	ch8mr8pl8	ជំរាបលា	goodbye (formal)
chumraplaa	ch8mr8pl8	ជំរាបលា	goodbye (formal)
jumreaplea	j8mr8pl8	ជំរាបលា	goodbye (formal)
arkun	8rk8n	អរគុណ	thank you
arkon	8rk8n	អរគុណ	thank you
argun	8rg8n	អរគុណ	thank you
argon	8rg8n	អរគុណ	thank you
arokun	8r8k8n	អរគុណ	thank you
arokon	8r8k8n	អរគុណ	thank you
arogun	8r8g8n	អរគុណ	thank you
arogon	8r8g8n	អរគុណ	thank you
arakun	8r8k8n	អរគុណ	thank you
arakon	8r8k8n	អរគុណ	thank you
aragun	8r8g8n	អរគុណ	thank you
aragon	8r8g8n	អរគុណ	thank you
aorkun	8rk8n	អរគុណ	thank you
aorkon	8rk8n	អរគុណ	thank you
aorgun	8rg8n	អរគុណ	thank you
aorgon	8rg8n	អរគុណ	thank you
aorokun	8r8k8n	អរគុណ	thank you
aorokon	8r8k8n	អរគុណ	thank you
aorogun	8r8g8n	អរគុណ	thank you
aorogon	8r8g8n	អរគុណ	thank you
aorakun	8r8k8n	អរគុណ	thank you
aorakon	8r8k8n	អរគុណ	thank you
aoragun	8r8g8n	អរគុណ	thank you
aoragon	8r8g8n	អរគុណ	thank you
aarkun	8rk8n	អរគុណ	thank you
aarkon	8rk8n	អរគុណ	thank you
aargun	8rg8n	អរគុណ	thank you
aargon	8rg8n	អរគុណ	thank you
aarokun	8r8k8n	អរគុណ	thank you
aarokon	8r8k8n	អរគុណ	thank you
aarogun	8r8g8n	អរគុណ	thank you
aarogon	8r8g8n	អរគុណ	thank you
aarakun	8r8k8n	អរគុណ	thank you
aarakon	8r8k8n	អរគុណ	thank you
aaragun	8r8g8n	អរគុណ	thank you
aaragon	8r8g8n	អរគុណ	thank you
orkun	8rk8n	អរគុណ	thank you
orkon	8rk8n	អរគុណ	thank you
orgun	8rg8n	អរគុណ	thank you
orgon	8rg8n	អរគុណ	thank you
orokun	8r8k8n	អរគុណ	thank you
orokon	8r8k8n	អរគុណ	thank you
orogun	8r8g8n	អរគុណ	thank you
orogon	8r8g8n	អរគុណ	thank you
orakun	8r8k8n	អរគុណ	thank you
orakon	8r8k8n	អរគុណ	thank you
oragun	8r8g8n	អរគុណ	thank you
oragon	8r8g8n	អរគុណ	thank you
oorkun	8rk8n	អរគុណ	thank you
oorkon	8rk8n	អរគុណ	thank you
oorgun	8rg8n	អរគុណ	thank you
oorgon	8rg8n	អរគុណ	thank you
oorokun	8r8k8n	អរគុណ	thank you
oorokon	8r8k8n	អរគុណ	thank you
oorogun	8r8g8n	អរគុណ	thank you
oorogon	8r8g8n	អរគុណ	thank you
oorakun	8r8k8n	អរគុណ	thank you
oorakon	8r8k8n	អរគុណ	thank you
ooragun	8r8g8n	អរគុណ	thank you
ooragon	8r8g8n	អរគុណ	thank you
oarkun	8rk8n	អរគុណ	thank you
oarkon	8rk8n	អរគុណ	thank you
oargun	8rg8n	អរគុណ	thank you
oargon	8rg8n	អរគុណ	thank you
oarokun	8r8k8n	អរគុណ	thank you
oarokon	8r8k8n	អរគុណ	thank you
oarogun	8r8g8n	អរគុណ	thank you
oarogon	8r8g8n	អរគុណ	thank you
oarakun	8r8k8n	អរគុណ	thank you
oarakon	8r8k8n	អរគុណ	thank you
oaragun	8r8g8n	អរគុណ	thank you
oaragon	8r8g8n	អរគុណ	thank you
qrkun	qrk8n	អរគុណ	thank you
qrkon	qrk8n	អរគុណ	thank you
qrgun	qrg8n	អរគុណ	thank you
qrgon	qrg8n	អរគុណ	thank you
qrokun	qr8k8n	អរគុណ	thank you
qrokon	qr8k8n	អរគុណ	thank you
qrogun	qr8g8n	អរគុណ	thank you
qrogon	qr8g8n	អរគុណ	thank you
qrakun	qr8k8n	អរគុណ	thank you
qrakon	qr8k8n	អរគុណ	thank you
qragun	qr8g8n	អរគុណ	thank you
qragon	qr8g8n	អរគុណ	thank you
qorkun	q8rk8n	អរគុណ	thank you
qorkon	q8rk8n	អរគុណ	thank you
qorgun	q8rg8n	អរគុណ	thank you
qorgon	q8rg8n	អរគុណ	thank you
qorokun	q8r8k8n	អរគុណ	thank you
qorokon	q8r8k8n	អរគុណ	thank you
qorogun	q8r8g8n	អរគុណ	thank you
qorogon	q8r8g8n	អរគុណ	thank you
qorakun	q8r8k8n	អរគុណ	thank you
qorakon	q8r8k8n	អរគុណ	thank you
qoragun	q8r8g8n	អរគុណ	thank you
qoragon	q8r8g8n	អរគុណ	thank you
qarkun	q8rk8n	អរគុណ	thank you
qarkon	q8rk8n	អរគុណ	thank you
qargun	q8rg8n	អរគុណ	thank you
qargon	q8rg8n	អរគុណ	thank you
qarokun	q8r8k8n	អរគុណ	thank you
qarokon	q8r8k8n	អរគុណ	thank you
qarogun	q8r8g8n	អរគុណ	thank you
qarogon	q8r8g8n	អរគុណ	thank you
qarakun	q8r8k8n	អរគុណ	thank you
qarakon	q8r8k8n	អរគុណ	thank you
qaragun	q8r8g8n	អរគុណ	thank you
qaragon	q8r8g8n	អរគុណ	thank you
rkun	rk8n	អរគុណ	thank you
rkon	rk8n	អរគុណ	thank you
rgun	rg8n	អរគុណ	thank you
rgon	rg8n	អរគុណ	thank you
rokun	r8k8n	អរគុណ	thank you
rokon	r8k8n	អរគុណ	thank you
rogun	r8g8n	អរគុណ	thank you
rogon	r8g8n	អរគុណ	thank you
rakun	r8k8n	អរគុណ	thank you
rakon	r8k8n	អរគុណ	thank you
ragun	r8g8n	អរគុណ	thank you
ragon	r8g8n	អរគុណ	thank you
awkun	8wk8n	អរគុណ	thank you
akun	8k8n	អរគុណ	thank you
soum	s8m	សូម	please
sum	s8m	សូម	please
som	s8m	សូម	please
suum	s8m	សូម	please
saum	s8m	សូម	please
soumtos	s8mt8s	សូមទោស	sorry / excuse me
soumtaos	s8mt8s	សូមទោស	sorry / excuse me
soumtous	s8mt8s	សូមទោស	sorry / excuse me
soumtoas	s8mt8s	សូមទោស	sorry / excuse me
soumdos	s8md8s	សូមទោស	sorry / excuse me
soumdaos	s8md8s	សូមទោស	sorry / excuse me
soumdous	s8md8s	សូមទោស	sorry / excuse me
soumdoas	s8md8s	សូមទោស	sorry / excuse me
soumddos	s8mdd8s	សូមទោស	sorry / excuse me
soumddaos	s8mdd8s	សូមទោស	sorry / excuse me
soumddous	s8mdd8s	សូមទោស	sorry / excuse me
soumddoas	s8mdd8s	សូមទោស	sorry / excuse me
soumotos	s8m8t8s	សូមទោស	sorry / excuse me
soumotaos	s8m8t8s	សូមទោស	sorry / excuse me
soumotous	s8m8t8s	សូមទោស	sorry / excuse me
soumotoas	s8m8t8s	សូមទោស	sorry / excuse me
soumodos	s8m8d8s	សូមទោស	sorry / excuse me
soumodaos	s8m8d8s	សូមទោស	sorry / excuse me
soumodous	s8m8d8s	សូមទោស	sorry / excuse me
soumodoas	s8m8d8s	សូមទោស	sorry / excuse me
soumoddos	s8m8dd8s	សូមទោស	sorry / excuse me
soumoddaos	s8m8dd8s	សូមទោស	sorry / excuse me
soumoddous	s8m8dd8s	សូមទោស	sorry / excuse me
soumoddoas	s8m8dd8s	សូមទោស	sorry / excuse me
soumatos	s8m8t8s	សូមទោស	sorry / excuse me
soumataos	s8m8t8s	សូមទោស	sorry / excuse me
soumatous	s8m8t8s	សូមទោស	sorry / excuse me
soumatoas	s8m8t8s	សូមទោស	sorry / excuse me
soumados	s8m8d8s	សូមទោស	sorry / excuse me
soumadaos	s8m8d8s	សូមទោស	sorry / excuse me
soumadous	s8m8d8s	សូមទោស	sorry / excuse me
soumadoas	s8m8d8s	សូមទោស	sorry / excuse me
soumaddos	s8m8dd8s	សូមទោស	sorry / excuse me
soumaddaos	s8m8dd8s	សូមទោស	sorry / excuse me
soumaddous	s8m8dd8s	សូមទោស	sorry / excuse me
soumaddoas	s8m8dd8s	សូមទោស	sorry / excuse me
sumtos	s8mt8s	សូមទោស	sorry / excuse me
sumtaos	s8mt8s	សូមទោស	sorry / excuse me
sumtous	s8mt8s	សូមទោស	sorry / excuse me
sumtoas	s8mt8s	សូមទោស	sorry / excuse me
sumdos	s8md8s	សូមទោស	sorry / excuse me
sumdaos	s8md8s	សូមទោស	sorry / excuse me
sumdous	s8md8s	សូមទោស	sorry / excuse me
sumdoas	s8md8s	សូមទោស	sorry / excuse me
sumddos	s8mdd8s	សូមទោស	sorry / excuse me
sumddaos	s8mdd8s	សូមទោស	sorry / excuse me
sumddous	s8mdd8s	សូមទោស	sorry / excuse me
sumddoas	s8mdd8s	សូមទោស	sorry / excuse me
sumotos	s8m8t8s	សូមទោស	sorry / excuse me
sumotaos	s8m8t8s	សូមទោស	sorry / excuse me
sumotous	s8m8t8s	សូមទោស	sorry / excuse me
sumotoas	s8m8t8s	សូមទោស	sorry / excuse me
sumodos	s8m8d8s	សូមទោស	sorry / excuse me
sumodaos	s8m8d8s	សូមទោស	sorry / excuse me
sumodous	s8m8d8s	សូមទោស	sorry / excuse me
sumodoas	s8m8d8s	សូមទោស	sorry / excuse me
sumoddos	s8m8dd8s	សូមទោស	sorry / excuse me
sumoddaos	s8m8dd8s	សូមទោស	sorry / excuse me
sumoddous	s8m8dd8s	សូមទោស	sorry / excuse me
sumoddoas	s8m8dd8s	សូមទោស	sorry / excuse me
sumatos	s8m8t8s	សូមទោស	sorry / excuse me
sumataos	s8m8t8s	សូមទោស	sorry / excuse me
sumatous	s8m8t8s	សូមទោស	sorry / excuse me
sumatoas	s8m8t8s	សូមទោស	sorry / excuse me
sumados	s8m8d8s	សូមទោស	sorry / excuse me
sumadaos	s8m8d8s	សូមទោស	sorry / excuse me
sumadous	s8m8d8s	សូមទោស	sorry / excuse me
sumadoas	s8m8d8s	សូមទោស	sorry / excuse me
sumaddos	s8m8dd8s	សូមទោស	sorry / excuse me
sumaddaos	s8m8dd8s	សូមទោស	sorry / excuse me
sumaddous	s8m8dd8s	សូមទោស	sorry / excuse me
sumaddoas	s8m8dd8s	សូមទោស	sorry / excuse me
somtos	s8mt8s	សូមទោស	sorry / excuse me
somtaos	s8mt8s	សូមទោស	sorry / excuse me
somtous	s8mt8s	សូមទោស	sorry / excuse me
somtoas	s8mt8s	សូមទោស	sorry / excuse me
somdos	s8md8s	សូមទោស	sorry / excuse me
somdaos	s8md8s	សូមទោស	sorry / excuse me
somdous	s8md8s	សូមទោស	sorry / excuse me
somdoas	s8md8s	សូមទោស	sorry / excuse me
somddos	s8mdd8s	សូមទោស	sorry / excuse me
somddaos	s8mdd8s	សូមទោស	sorry / excuse me
somddous	s8mdd8s	សូមទោស	sorry / excuse me
somddoas	s8mdd8s	សូមទោស	sorry / excuse me
somotos	s8m8t8s	សូមទោស	sorry / excuse me
somotaos	s8m8t8s	សូមទោស	sorry / excuse me
somotous	s8m8t8s	សូមទោស	sorry / excuse me
somotoas	s8m8t8s	សូមទោស	sorry / excuse me
somodos	s8m8d8s	សូមទោស	sorry / excuse me
somodaos	s8m8d8s	សូមទោស	sorry / excuse me
somodous	s8m8d8s	សូមទោស	sorry / excuse me
somodoas	s8m8d8s	សូមទោស	sorry / excuse me
somoddos	s8m8dd8s	សូមទោស	sorry / excuse me
somoddaos	s8m8dd8s	សូមទោស	sorry / excuse me
somoddous	s8m8dd8s	សូមទោស	sorry / excuse me
somoddoas	s8m8dd8s	សូមទោស	sorry / excuse me
somatos	s8m8t8s	សូមទោស	sorry / excuse me
somataos	s8m8t8s	សូមទោស	sorry / excuse me
somatous	s8m8t8s	សូមទោស	sorry / excuse me
somatoas	s8m8t8s	សូមទោស	sorry / excuse me
somados	s8m8d8s	សូមទោស	sorry / excuse me
somadaos	s8m8d8s	សូមទោស	sorry / excuse me
somadous	s8m8d8s	សូមទោស	sorry / excuse me
somadoas	s8m8d8s	សូមទោស	sorry / excuse me
somaddos	s8m8dd8s	សូមទោស	sorry / excuse me
somaddaos	s8m8dd8s	សូមទោស	sorry / excuse me
somaddous	s8m8dd8s	សូមទោស	sorry / excuse me
somaddoas	s8m8dd8s	សូមទោស	sorry / excuse me
suumtos	s8mt8s	សូមទោស	sorry / excuse me
suumtaos	s8mt8s	សូមទោស	sorry / excuse me
suumtous	s8mt8s	សូមទោស	sorry / excuse me
suumtoas	s8mt8s	សូមទោស	sorry / excuse me
suumdos	s8md8s	សូមទោស	sorry / excuse me
suumdaos	s8md8s	សូមទោស	sorry / excuse me
suumdous	s8md8s	សូមទោស	sorry / excuse me
suumdoas	s8md8s	សូមទោស	sorry / excuse me
suumddos	s8mdd8s	សូមទោស	sorry / excuse me
suumddaos	s8mdd8s	សូមទោស	sorry / excuse me
suumddous	s8mdd8s	សូមទោស	sorry / excuse me
suumddoas	s8mdd8s	សូមទោស	sorry / excuse me
saumtoh	s8mt8h	សូមទោស	sorry / excuse me
somtoh	s8mt8h	សូមទោស	sorry / excuse me
bat	b8t	បាទ	yes (male)
bad	b8d	បាទ	yes (male)
badd	b8dd	បាទ	yes (male)
beat	b8t	បាទ	yes (male)
bead	b8d	បាទ	yes (male)
beadd	b8dd	បាទ	yes (male)
baat	b8t	បាទ	yes (male)
baad	b8d	បាទ	yes (male)
baadd	b8dd	បាទ	yes (male)
pat	p8t	បាទ	yes (male)
pad	p8d	បាទ	yes (male)
padd	p8dd	បាទ	yes (male)
peat	p8t	បាទ	yes (male)
pead	p8d	បាទ	yes (male)
peadd	p8dd	បាទ	yes (male)
paat	p8t	បាទ	yes (male)
paad	p8d	បាទ	yes (male)
paadd	p8dd	បាទ	yes (male)
chas	ch8s	ចាស	yes (female)
cheas	ch8s	ចាស	yes (female)
chaas	ch8s	ចាស	yes (female)
jas	j8s	ចាស	yes (female)
jeas	j8s	ចាស	yes (female)
jaas	j8s	ចាស	yes (female)
jaa	j8	ចាស	yes (female)
te	t8	ទេ	no
tei	t8	ទេ	no
de	d8	ទេ	no
dei	d8	ទេ	no
dde	dd8	ទេ	no
ddei	dd8	ទេ	no
tee	t8	ទេ	no
minaeyte	m8n8t8	មិនអីទេ	it's okay
minaeytei	m8n8t8	មិនអីទេ	it's okay
minaeyde	m8n8d8	មិនអីទេ	it's okay
minaeydei	m8n8d8	មិនអីទេ	it's okay
minaeydde	m8n8dd8	មិនអីទេ	it's okay
minaeyddei	m8n8dd8	មិនអីទេ	it's okay
minaite	m8n8t8	មិនអីទេ	it's okay
minaitei	m8n8t8	មិនអីទេ	it's okay
minaide	m8n8d8	មិនអីទេ	it's okay
minaidei	m8n8d8	មិនអីទេ	it's okay
minaidde	m8n8dd8	មិនអីទេ	it's okay
minaiddei	m8n8dd8	មិនអីទេ	it's okay
minaiite	m8n8t8	មិនអីទេ	it's okay
minaiitei	m8n8t8	មិនអីទេ	it's okay
minaiide	m8n8d8	មិនអីទេ	it's okay
minaiidei	m8n8d8	មិនអីទេ	it's okay
minaiidde	m8n8dd8	មិនអីទេ	it's okay
minaiiddei	m8n8dd8	មិនអីទេ	it's okay
minoeyte	m8n8t8	មិនអីទេ	it's okay
minoeytei	m8n8t8	មិនអីទេ	it's okay
minoeyde	m8n8d8	មិនអីទេ	it's okay
minoeydei	m8n8d8	មិនអីទេ	it's okay
minoeydde	m8n8dd8	មិនអីទេ	it's okay
minoeyddei	m8n8dd8	មិនអីទេ	it's okay
minoite	m8n8t8	មិនអីទេ	it's okay
minoitei	m8n8t8	មិនអីទេ	it's okay
minoide	m8n8d8	មិនអីទេ	it's okay
minoidei	m8n8d8	មិនអីទេ	it's okay
minoidde	m8n8dd8	មិនអីទេ	it's okay
minoiddei	m8n8dd8	មិនអីទេ	it's okay
minoiite	m8n8t8	មិនអីទេ	it's okay
minoiitei	m8n8t8	មិនអីទេ	it's okay
minoiide	m8n8d8	មិនអីទេ	it's okay
minoiidei	m8n8d8	មិនអីទេ	it's okay
minoiidde	m8n8dd8	មិនអីទេ	it's okay
minoiiddei	m8n8dd8	មិនអីទេ	it's okay
minqeyte	m8nq8t8	មិនអីទេ	it's okay
minqeytei	m8nq8t8	មិនអីទេ	it's okay
minqeyde	m8nq8d8	មិនអីទេ	it's okay
minqeydei	m8nq8d8	មិនអីទេ	it's okay
minqeydde	m8nq8dd8	មិនអីទេ	it's okay
minqeyddei	m8nq8dd8	មិនអីទេ	it's okay
minqite	m8nq8t8	មិនអីទេ	it's okay
minqitei	m8nq8t8	មិនអីទេ	it's okay
minqide	m8nq8d8	មិនអីទេ	it's okay
minqidei	m8nq8d8	មិនអីទេ	it's okay
minqidde	m8nq8dd8	មិនអីទេ	it's okay
minqiddei	m8nq8dd8	មិនអីទេ	it's okay
minqiite	m8nq8t8	មិនអីទេ	it's okay
minqiitei	m8nq8t8	មិនអីទេ	it's okay
minqiide	m8nq8d8	មិនអីទេ	it's okay
minqiidei	m8nq8d8	មិនអីទេ	it's okay
minqiidde	m8nq8dd8	មិនអីទេ	it's okay
minqiiddei	m8nq8dd8	មិនអីទេ	it's okay
mineyte	m8n8t8	មិនអីទេ	it's okay
mineytei	m8n8t8	មិនអីទេ	it's okay
mineyde	m8n8d8	មិនអីទេ	it's okay
mineydei	m8n8d8	មិនអីទេ	it's okay
mineydde	m8n8dd8	មិនអីទេ	it's okay
mineyddei	m8n8dd8	មិនអីទេ	it's okay
minite	m8n8t8	មិនអីទេ	it's okay
minitei	m8n8t8	មិនអីទេ	it's okay
minide	m8n8d8	មិនអីទេ	it's okay
minidei	m8n8d8	មិនអីទេ	it's okay
minidde	m8n8dd8	មិនអីទេ	it's okay
miniddei	m8n8dd8	មិនអីទេ	it's okay
miniite	m8n8t8	មិនអីទេ	it's okay
miniitei	m8n8t8	មិនអីទេ	it's okay
miniide	m8n8d8	មិនអីទេ	it's okay
miniidei	m8n8d8	មិនអីទេ	it's okay
miniidde	m8n8dd8	មិនអីទេ	it's okay
miniiddei	m8n8dd8	មិនអីទេ	it's okay
minoaeyte	m8n8t8	មិនអីទេ	it's okay
minoaeytei	m8n8t8	មិនអីទេ	it's okay
minoaeyde	m8n8d8	មិនអីទេ	it's okay
minoaeydei	m8n8d8	មិនអីទេ	it's okay
minoaeydde	m8n8dd8	មិនអីទេ	it's okay
minoaeyddei	m8n8dd8	មិនអីទេ	it's okay
minoaite	m8n8t8	មិនអីទេ	it's okay
minoaitei	m8n8t8	មិនអីទេ	it's okay
minoaide	m8n8d8	មិនអីទេ	it's okay
minoaidei	m8n8d8	មិនអីទេ	it's okay
minoaidde	m8n8dd8	មិនអីទេ	it's okay
minoaiddei	m8n8dd8	មិនអីទេ	it's okay
minoaiite	m8n8t8	មិនអីទេ	it's okay
minoaiitei	m8n8t8	មិនអីទេ	it's okay
minoaiide	m8n8d8	មិនអីទេ	it's okay
minoaiidei	m8n8d8	មិនអីទេ	it's okay
minoaiidde	m8n8dd8	មិនអីទេ	it's okay
minoaiiddei	m8n8dd8	មិនអីទេ	it's okay
minooeyte	m8n8t8	មិនអីទេ	it's okay
minooeytei	m8n8t8	មិនអីទេ	it's okay
minooeyde	m8n8d8	មិនអីទេ	it's okay
minooeydei	m8n8d8	មិនអីទេ	it's okay
minooeydde	m8n8dd8	មិនអីទេ	it's okay
minooeyddei	m8n8dd8	មិនអីទេ	it's okay
minooite	m8n8t8	មិនអីទេ	it's okay
minooitei	m8n8t8	មិនអីទេ	it's okay
minooide	m8n8d8	មិនអីទេ	it's okay
minooidei	m8n8d8	មិនអីទេ	it's okay
minooidde	m8n8dd8	មិនអីទេ	it's okay
minooiddei	m8n8dd8	មិនអីទេ	it's okay
minooiite	m8n8t8	មិនអីទេ	it's okay
minooiitei	m8n8t8	មិនអីទេ	it's okay
minooiide	m8n8d8	មិនអីទេ	it's okay
minooiidei	m8n8d8	មិនអីទេ	it's okay
minooiidde	m8n8dd8	មិនអីទេ	it's okay
minooiiddei	m8n8dd8	មិនអីទេ	it's okay
minoqeyte	m8n8q8t8	មិនអីទេ	it's okay
minoqeytei	m8n8q8t8	មិនអីទេ	it's okay
minoqeyde	m8n8q8d8	មិនអីទេ	it's okay
minoqeydei	m8n8q8d8	មិនអីទេ	it's okay
minoqeydde	m8n8q8dd8	មិនអីទេ	it's okay
minoqeyddei	m8n8q8dd8	មិនអីទេ	it's okay
minoqite	m8n8q8t8	មិនអីទេ	it's okay
minoqitei	m8n8q8t8	មិនអីទេ	it's okay
minoqide	m8n8q8d8	មិនអីទេ	it's okay
minoqidei	m8n8q8d8	មិនអីទេ	it's okay
minoqidde	m8n8q8dd8	មិនអីទេ	it's okay
minoqiddei	m8n8q8dd8	មិនអីទេ	it's okay
menaite	m8n8t8	មិនអីទេ	it's okay
sukhsbbay	s8khsbb8	សុខសប្បាយ	fine / well
sukhsbbeay	s8khsbb8	សុខសប្បាយ	fine / well
sukhsbbaay	s8khsbb8	សុខសប្បាយ	fine / well
sukhsbpay	s8khsbp8	សុខសប្បាយ	fine / well
sukhsbpeay	s8khsbp8	សុខសប្បាយ	fine / well
sukhsbpaay	s8khsbp8	សុខសប្បាយ	fine / well
sukhspbay	s8khspb8	សុខសប្បាយ	fine / well
sukhspbeay	s8khspb8	សុខសប្បាយ	fine / well
sukhspbaay	s8khspb8	សុខសប្បាយ	fine / well
sukhsppay	s8khspp8	សុខសប្បាយ	fine / well
sukhsppeay	s8khspp8	សុខសប្បាយ	fine / well
sukhsppaay	s8khspp8	សុខសប្បាយ	fine / well
sukhsobbay	s8khs8bb8	សុខសប្បាយ	fine / well
sukhsobbeay	s8khs8bb8	សុខសប្បាយ	fine / well
sukhsobbaay	s8khs8bb8	សុខសប្បាយ	fine / well
sukhsobpay	s8khs8bp8	សុខសប្បាយ	fine / well
sukhsobpeay	s8khs8bp8	សុខសប្បាយ	fine / well
sukhsobpaay	s8khs8bp8	សុខសប្បាយ	fine / well
sukhsopbay	s8khs8pb8	សុខសប្បាយ	fine / well
sukhsopbeay	s8khs8pb8	សុខសប្បាយ	fine / well
sukhsopbaay	s8khs8pb8	សុខសប្បាយ	fine / well
sukhsoppay	s8khs8pp8	សុខសប្បាយ	fine / well
sukhsoppeay	s8khs8pp8	សុខសប្បាយ	fine / well
sukhsoppaay	s8khs8pp8	សុខសប្បាយ	fine / well
sukhsabbay	s8khs8bb8	សុខសប្បាយ	fine / well
sukhsabbeay	s8khs8bb8	សុខសប្បាយ	fine / well
sukhsabbaay	s8khs8bb8	សុខសប្បាយ	fine / well
sukhsabpay	s8khs8bp8	សុខសប្បាយ	fine / well
sukhsabpeay	s8khs8bp8	សុខសប្បាយ	fine / well
sukhsabpaay	s8khs8bp8	សុខសប្បាយ	fine / well
sukhsapbay	s8khs8pb8	សុខសប្បាយ	fine / well
sukhsapbeay	s8khs8pb8	សុខសប្បាយ	fine / well
sukhsapbaay	s8khs8pb8	សុខសប្បាយ	fine / well
sukhsappay	s8khs8pp8	សុខសប្បាយ	fine / well
sukhsappeay	s8khs8pp8	សុខសប្បាយ	fine / well
sukhsappaay	s8khs8pp8	សុខសប្បាយ	fine / well
sukhosbbay	s8kh8sbb8	សុខសប្បាយ	fine / well
sukhosbbeay	s8kh8sbb8	សុខសប្បាយ	fine / well
sukhosbbaay	s8kh8sbb8	សុខសប្បាយ	fine / well
sukhosbpay	s8kh8sbp8	សុខសប្បាយ	fine / well
sukhosbpeay	s8kh8sbp8	សុខសប្បាយ	fine / well
sukhosbpaay	s8kh8sbp8	សុខសប្បាយ	fine / well
sukhospbay	s8kh8spb8	សុខសប្បាយ	fine / well
sukhospbeay	s8kh8spb8	សុខសប្បាយ	fine / well
sukhospbaay	s8kh8spb8	សុខសប្បាយ	fine / well
sukhosppay	s8kh8spp8	សុខសប្បាយ	fine / well
sukhosppeay	s8kh8spp8	សុខសប្បាយ	fine / well
sukhosppaay	s8kh8spp8	សុខសប្បាយ	fine / well
sukhosobbay	s8kh8s8bb8	សុខសប្បាយ	fine / well
sukhosobbeay	s8kh8s8bb8	សុខសប្បាយ	fine / well
sukhosobbaay	s8kh8s8bb8	សុខសប្បាយ	fine / well
sukhosobpay	s8kh8s8bp8	សុខសប្បាយ	fine / well
sukhosobpeay	s8kh8s8bp8	សុខសប្បាយ	fine / well
sukhosobpaay	s8kh8s8bp8	សុខសប្បាយ	fine / well
sukhosopbay	s8kh8s8pb8	សុខសប្បាយ	fine / well
sukhosopbeay	s8kh8s8pb8	សុខសប្បាយ	fine / well
sukhosopbaay	s8kh8s8pb8	សុខសប្បាយ	fine / well
sukhosoppay	s8kh8s8pp8	សុខសប្បាយ	fine / well
sukhosoppeay	s8kh8s8pp8	សុខសប្បាយ	fine / well
sukhosoppaay	s8kh8s8pp8	សុខសប្បាយ	fine / well
sukhosabbay	s8kh8s8bb8	សុខសប្បាយ	fine / well
sukhosabbeay	s8kh8s8bb8	សុខសប្បាយ	fine / well
sukhosabbaay	s8kh8s8bb8	សុខសប្បាយ	fine / well
sukhosabpay	s8kh8s8bp8	សុខសប្បាយ	fine / well
sukhosabpeay	s8kh8s8bp8	សុខសប្បាយ	fine / well
sukhosabpaay	s8kh8s8bp8	សុខសប្បាយ	fine / well
sukhosapbay	s8kh8s8pb8	សុខសប្បាយ	fine / well
sukhosapbeay	s8kh8s8pb8	សុខសប្បាយ	fine / well
sukhosapbaay	s8kh8s8pb8	សុខសប្បាយ	fine / well
sukhosappay	s8kh8s8pp8	សុខសប្បាយ	fine / well
sukhosappeay	s8kh8s8pp8	សុខសប្បាយ	fine / well
sukhosappaay	s8kh8s8pp8	សុខសប្បាយ	fine / well
sukhasbbay	s8kh8sbb8	សុខសប្បាយ	fine / well
sukhasbbeay	s8kh8sbb8	សុខសប្បាយ	fine / well
sukhasbbaay	s8kh8sbb8	សុខសប្បាយ	fine / well
sukhasbpay	s8kh8sbp8	សុខសប្បាយ	fine / well
sukhasbpeay	s8kh8sbp8	សុខសប្បាយ	fine / well
sukhasbpaay	s8kh8sbp8	សុខសប្បាយ	fine / well
sukhaspbay	s8kh8spb8	សុខសប្បាយ	fine / well
sukhaspbeay	s8kh8spb8	សុខសប្បាយ	fine / well
sukhaspbaay	s8kh8spb8	សុខសប្បាយ	fine / well
sukhasppay	s8kh8spp8	សុខសប្បាយ	fine / well
sukhasppeay	s8kh8spp8	សុខសប្បាយ	fine / well
sukhasppaay	s8kh8spp8	សុខសប្បាយ	fine / well
sukhasobbay	s8kh8s8bb8	សុខសប្បាយ	fine / well
sukhasobbeay	s8kh8s8bb8	សុខសប្បាយ	fine / well
sukhasobbaay	s8kh8s8bb8	សុខសប្បាយ	fine / well
sukhasobpay	s8kh8s8bp8	សុខសប្បាយ	fine / well
sukhasobpeay	s8kh8s8bp8	សុខសប្បាយ	fine / well
sukhasobpaay	s8kh8s8bp8	សុខសប្បាយ	fine / well
sukhasopbay	s8kh8s8pb8	សុខសប្បាយ	fine / well
sukhasopbeay	s8kh8s8pb8	សុខសប្បាយ	fine / well
sukhasopbaay	s8kh8s8pb8	សុខសប្បាយ	fine / well
sukhasoppay	s8kh8s8pp8	សុខសប្បាយ	fine / well
sukhasoppeay	s8kh8s8pp8	សុខសប្បាយ	fine / well
sukhasoppaay	s8kh8s8pp8	សុខសប្បាយ	fine / well
sukhasabbay	s8kh8s8bb8	សុខសប្បាយ	fine / well
sukhasabbeay	s8kh8s8bb8	សុខសប្បាយ	fine / well
sukhasabbaay	s8kh8s8bb8	សុខសប្បាយ	fine / well
sukhasabpay	s8kh8s8bp8	សុខសប្បាយ	fine / well
sukhasabpeay	s8kh8s8bp8	សុខសប្បាយ	fine / well
sukhasabpaay	s8kh8s8bp8	សុខសប្បាយ	fine / well
sukhasapbay	s8kh8s8pb8	សុខសប្បាយ	fine / well
sukhasapbeay	s8kh8s8pb8	សុខសប្បាយ	fine / well
sukhasapbaay	s8kh8s8pb8	សុខសប្បាយ	fine / well
sukhasappay	s8kh8s8pp8	សុខសប្បាយ	fine / well
sukhasappeay	s8kh8s8pp8	សុខសប្បាយ	fine / well
sukhasappaay	s8kh8s8pp8	សុខសប្បាយ	fine / well
sokhsbbay	s8khsbb8	សុខសប្បាយ	fine / well
sokhsbbeay	s8khsbb8	សុខសប្បាយ	fine / well
sokhsbbaay	s8khsbb8	សុខសប្បាយ	fine / well
sokhsbpay	s8khsbp8	សុខសប្បាយ	fine / well
sokhsbpeay	s8khsbp8	សុខសប្បាយ	fine / well
sokhsbpaay	s8khsbp8	សុខសប្បាយ	fine / well
sokhspbay	s8khspb8	សុខសប្បាយ	fine / well
sokhspbeay	s8khspb8	សុខសប្បាយ	fine / well
sokhspbaay	s8khspb8	សុខសប្បាយ	fine / well
sokhsppay	s8khspp8	សុខសប្បាយ	fine / well
sokhsppeay	s8khspp8	សុខសប្បាយ	fine / well
sokhsppaay	s8khspp8	សុខសប្បាយ	fine / well
soksabay	s8ks8b8	សុខសប្បាយ	fine / well
sokhsabay	s8khs8b8	សុខសប្បាយ	fine / well
svakmn	sv8kmn	ស្វាគមន៍	welcome
svakmon	sv8km8n	ស្វាគមន៍	welcome
svakman	sv8km8n	ស្វាគមន៍	welcome
svakomn	sv8k8mn	ស្វាគមន៍	welcome
svakomon	sv8k8m8n	ស្វាគមន៍	welcome
svakoman	sv8k8m8n	ស្វាគមន៍	welcome
svakamn	sv8k8mn	ស្វាគមន៍	welcome
svakamon	sv8k8m8n	ស្វាគមន៍	welcome
svakaman	sv8k8m8n	ស្វាគមន៍	welcome
svagmn	sv8gmn	ស្វាគមន៍	welcome
svagmon	sv8gm8n	ស្វាគមន៍	welcome
svagman	sv8gm8n	ស្វាគមន៍	welcome
svagomn	sv8g8mn	ស្វាគមន៍	welcome
svagomon	sv8g8m8n	ស្វាគមន៍	welcome
svagoman	sv8g8m8n	ស្វាគមន៍	welcome
svagamn	sv8g8mn	ស្វាគមន៍	welcome
svagamon	sv8g8m8n	ស្វាគមន៍	welcome
svagaman	sv8g8m8n	ស្វាគមន៍	welcome
sveakmn	sv8kmn	ស្វាគមន៍	welcome
sveakmon	sv8km8n	ស្វាគមន៍	welcome
sveakman	sv8km8n	ស្វាគមន៍	welcome
sveakomn	sv8k8mn	ស្វាគមន៍	welcome
sveakomon	sv8k8m8n	ស្វាគមន៍	welcome
sveakoman	sv8k8m8n	ស្វាគមន៍	welcome
sveakamn	sv8k8mn	ស្វាគមន៍	welcome
sveakamon	sv8k8m8n	ស្វាគមន៍	welcome
sveakaman	sv8k8m8n	ស្វាគមន៍	welcome
sveagmn	sv8gmn	ស្វាគមន៍	welcome
sveagmon	sv8gm8n	ស្វាគមន៍	welcome
sveagman	sv8gm8n	ស្វាគមន៍	welcome
sveagomn	sv8g8mn	ស្វាគមន៍	welcome
sveagomon	sv8g8m8n	ស្វាគមន៍	welcome
sveagoman	sv8g8m8n	ស្វាគមន៍	welcome
sveagamn	sv8g8mn	ស្វាគមន៍	welcome
sveagamon	sv8g8m8n	ស្វាគមន៍	welcome
sveagaman	sv8g8m8n	ស្វាគមន៍	welcome
svaakmn	sv8kmn	ស្វាគមន៍	welcome
svaakmon	sv8km8n	ស្វាគមន៍	welcome
svaakman	sv8km8n	ស្វាគមន៍	welcome
svaakomn	sv8k8mn	ស្វាគមន៍	welcome
svaakomon	sv8k8m8n	ស្វាគមន៍	welcome
svaakoman	sv8k8m8n	ស្វាគមន៍	welcome
svaakamn	sv8k8mn	ស្វាគមន៍	welcome
svaakamon	sv8k8m8n	ស្វាគមន៍	welcome
svaakaman	sv8k8m8n	ស្វាគមន៍	welcome
svaagmn	sv8gmn	ស្វាគមន៍	welcome
svaagmon	sv8gm8n	ស្វាគមន៍	welcome
svaagman	sv8gm8n	ស្វាគមន៍	welcome
svaagomn	sv8g8mn	ស្វាគមន៍	welcome
svaagomon	sv8g8m8n	ស្វាគមន៍	welcome
svaagoman	sv8g8m8n	ស្វាគមន៍	welcome
svaagamn	sv8g8mn	ស្វាគមន៍	welcome
svaagamon	sv8g8m8n	ស្វាគមន៍	welcome
svaagaman	sv8g8m8n	ស្វាគមន៍	welcome
swakmn	sw8kmn	ស្វាគមន៍	welcome
swakmon	sw8km8n	ស្វាគមន៍	welcome
swakman	sw8km8n	ស្វាគមន៍	welcome
swakomn	sw8k8mn	ស្វាគមន៍	welcome
swakomon	sw8k8m8n	ស្វាគមន៍	welcome
swakoman	sw8k8m8n	ស្វាគមន៍	welcome
swakamn	sw8k8mn	ស្វាគមន៍	welcome
swakamon	sw8k8m8n	ស្វាគមន៍	welcome
swakaman	sw8k8m8n	ស្វាគមន៍	welcome
swagmn	sw8gmn	ស្វាគមន៍	welcome
swagmon	sw8gm8n	ស្វាគមន៍	welcome
swagman	sw8gm8n	ស្វាគមន៍	welcome
swagomn	sw8g8mn	ស្វាគមន៍	welcome
swagomon	sw8g8m8n	ស្វាគមន៍	welcome
swagoman	sw8g8m8n	ស្វាគមន៍	welcome
swagamn	sw8g8mn	ស្វាគមន៍	welcome
swagamon	sw8g8m8n	ស្វាគមន៍	welcome
swagaman	sw8g8m8n	ស្វាគមន៍	welcome
sweakmn	sw8kmn	ស្វាគមន៍	welcome
sweakmon	sw8km8n	ស្វាគមន៍	welcome
sweakman	sw8km8n	ស្វាគមន៍	welcome
sweakomn	sw8k8mn	ស្វាគមន៍	welcome
sweakomon	sw8k8m8n	ស្វាគមន៍	welcome
sweakoman	sw8k8m8n	ស្វាគមន៍	welcome
sweakamn	sw8k8mn	ស្វាគមន៍	welcome
sweakamon	sw8k8m8n	ស្វាគមន៍	welcome
sweakaman	sw8k8m8n	ស្វាគមន៍	welcome
sweagmn	sw8gmn	ស្វាគមន៍	welcome
sweagmon	sw8gm8n	ស្វាគមន៍	welcome
sweagman	sw8gm8n	ស្វាគមន៍	welcome
sweagomn	sw8g8mn	ស្វាគមន៍	welcome
sweagomon	sw8g8m8n	ស្វាគមន៍	welcome
sweagoman	sw8g8m8n	ស្វាគមន៍	welcome
sweagamn	sw8g8mn	ស្វាគមន៍	welcome
sweagamon	sw8g8m8n	ស្វាគមន៍	welcome
sweagaman	sw8g8m8n	ស្វាគមន៍	welcome
swaakmn	sw8kmn	ស្វាគមន៍	welcome
swaakmon	sw8km8n	ស្វាគមន៍	welcome
swaakman	sw8km8n	ស្វាគមន៍	welcome
swaakomn	sw8k8mn	ស្វាគមន៍	welcome
swaakomon	sw8k8m8n	ស្វាគមន៍	welcome
swaakoman	sw8k8m8n	ស្វាគមន៍	welcome
swaakamn	sw8k8mn	ស្វាគមន៍	welcome
swaakamon	sw8k8m8n	ស្វាគមន៍	welcome
swaakaman	sw8k8m8n	ស្វាគមន៍	welcome
swaagmn	sw8gmn	ស្វាគមន៍	welcome
swaagmon	sw8gm8n	ស្វាគមន៍	welcome
swaagman	sw8gm8n	ស្វាគមន៍	welcome
swaagomn	sw8g8mn	ស្វាគមន៍	welcome
swaagomon	sw8g8m8n	ស្វាគមន៍	welcome
swaagoman	sw8g8m8n	ស្វាគមន៍	welcome
swaagamn	sw8g8mn	ស្វាគមន៍	welcome
swaagamon	sw8g8m8n	ស្វាគមន៍	welcome
swaagaman	sw8g8m8n	ស្វាគមន៍	welcome
svakum	sv8k8m	ស្វាគមន៍	welcome
swakom	sw8k8m	ស្វាគមន៍	welcome
svakumn	sv8k8mn	ស្វាគមន៍	welcome
khnhuam	khnh8m	ខ្ញុំ	I, me
khnhuom	khnh8m	ខ្ញុំ	I, me
khnhuum	khnh8m	ខ្ញុំ	I, me
khnhoam	khnh8m	ខ្ញុំ	I, me
khnhoom	khnh8m	ខ្ញុំ	I, me
khnhoum	khnh8m	ខ្ញុំ	I, me
khnyuam	khn8m	ខ្ញុំ	I, me
khnyuom	khn8m	ខ្ញុំ	I, me
khnyuum	khn8m	ខ្ញុំ	I, me
khnyoam	khn8m	ខ្ញុំ	I, me
khnyoom	khn8m	ខ្ញុំ	I, me
khnyoum	khn8m	ខ្ញុំ	I, me
khnhom	khnh8m	ខ្ញុំ	I, me
knhom	knh8m	ខ្ញុំ	I, me
knyom	kn8m	ខ្ញុំ	I, me
kinhom	k8nh8m	ខ្ញុំ	I, me
ank	8nk	អ្នក	you
anok	8n8k	អ្នក	you
anak	8n8k	អ្នក	you
onk	8nk	អ្នក	you
onok	8n8k	អ្នក	you
onak	8n8k	អ្នក	you
qnk	qnk	អ្នក	you
qnok	qn8k	អ្នក	you
qnak	qn8k	អ្នក	you
nk	nk	អ្នក	you
nok	n8k	អ្នក	you
nak	n8k	អ្នក	you
neak	n8k	អ្នក	you
lok	l8k	លោក	you / Mr.
laok	l8k	លោក	you / Mr.
louk	l8k	លោក	you / Mr.
loak	l8k	លោក	you / Mr.
loksrey	l8ksr8	លោកស្រី	Mrs. / madam
loksri	l8ksr8	លោកស្រី	Mrs. / madam
loksrii	l8ksr8	លោកស្រី	Mrs. / madam
lokosrey	l8k8sr8	លោកស្រី	Mrs. / madam
lokosri	l8k8sr8	លោកស្រី	Mrs. / madam
lokosrii	l8k8sr8	លោកស្រី	Mrs. / madam
lokasrey	l8k8sr8	លោកស្រី	Mrs. / madam
lokasri	l8k8sr8	លោកស្រី	Mrs. / madam
lokasrii	l8k8sr8	លោកស្រី	Mrs. / madam
laoksrey	l8ksr8	លោកស្រី	Mrs. / madam
laoksri	l8ksr8	លោកស្រី	Mrs. / madam
laoksrii	l8ksr8	លោកស្រី	Mrs. / madam
laokosrey	l8k8sr8	លោកស្រី	Mrs. / madam
laokosri	l8k8sr8	លោកស្រី	Mrs. / madam
laokosrii	l8k8sr8	លោកស្រី	Mrs. / madam
laokasrey	l8k8sr8	លោកស្រី	Mrs. / madam
laokasri	l8k8sr8	លោកស្រី	Mrs. / madam
laokasrii	l8k8sr8	លោកស្រី	Mrs. / madam
louksrey	l8ksr8	លោកស្រី	Mrs. / madam
louksri	l8ksr8	លោកស្រី	Mrs. / madam
louksrii	l8ksr8	លោកស្រី	Mrs. / madam
loukosrey	l8k8sr8	លោកស្រី	Mrs. / madam
loukosri	l8k8sr8	លោកស្រី	Mrs. / madam
loukosrii	l8k8sr8	លោកស្រី	Mrs. / madam
loukasrey	l8k8sr8	លោកស្រី	Mrs. / madam
loukasri	l8k8sr8	លោកស្រី	Mrs. / madam
loukasrii	l8k8sr8	លោកស្រី	Mrs. / madam
loaksrey	l8ksr8	លោកស្រី	Mrs. / madam
loaksri	l8ksr8	លោកស្រី	Mrs. / madam
loaksrii	l8ksr8	លោកស្រី	Mrs. / madam
loakosrey	l8k8sr8	លោកស្រី	Mrs. / madam
loakosri	l8k8sr8	លោកស្រី	Mrs. / madam
loakosrii	l8k8sr8	លោកស្រី	Mrs. / madam
loakasrey	l8k8sr8	លោកស្រី	Mrs. / madam
loakasri	l8k8sr8	លោកស្រី	Mrs. / madam
loakasrii	l8k8sr8	លោកស្រី	Mrs. / madam
louksrei	l8ksr8	លោកស្រី	Mrs. / madam
kat	k8t	គាត់	he / she
kat'	k8t'	គាត់	he / she
kad	k8d	គាត់	he / she
kad'	k8d'	គាត់	he / she
keat	k8t	គាត់	he / she
keat'	k8t'	គាត់	he / she
kead	k8d	គាត់	he / she
kead'	k8d'	គាត់	he / she
kaat	k8t	គាត់	he / she
kaat'	k8t'	គាត់	he / she
kaad	k8d	គាត់	he / she
kaad'	k8d'	គាត់	he / she
gat	g8t	គាត់	he / she
gat'	g8t'	គាត់	he / she
gad	g8d	គាត់	he / she
gad'	g8d'	គាត់	he / she
geat	g8t	គាត់	he / she
geat'	g8t'	គាត់	he / she
gead	g8d	គាត់	he / she
gead'	g8d'	គាត់	he / she
gaat	g8t	គាត់	he / she
gaat'	g8t'	គាត់	he / she
gaad	g8d	គាត់	he / she
gaad'	g8d'	គាត់	he / she
koat	k8t	គាត់	he / she
goat	g8t	គាត់	he / she
nang	n8ng	នាង	she
neang	n8ng	នាង	she
naang	n8ng	នាង	she
niang	n8ng	នាង	she
ke	k8	គេ	they / one
kei	k8	គេ	they / one
ge	g8	គេ	they / one
gei	g8	គេ	they / one
kee	k8	គេ	they / one
yaeng	8ng	យើង	we
yerng	8rng	យើង	we
yeung	8ng	យើង	we
yaeung	8ng	យើង	we
yoeng	8ng	យើង	we
va	v8	វា	it
vea	v8	វា	it
vaa	v8	វា	it
wa	w8	វា	it
wea	w8	វា	it
waa	w8	វា	it
via	v8	វា	it
puokke	p8kk8	ពួកគេ	they
puokkei	p8kk8	ពួកគេ	they
puokge	p8kg8	ពួកគេ	they
puokgei	p8kg8	ពួកគេ	they
puokoke	p8k8k8	ពួកគេ	they
puokokei	p8k8k8	ពួកគេ	they
puokoge	p8k8g8	ពួកគេ	they
puokogei	p8k8g8	ពួកគេ	they
puokake	p8k8k8	ពួកគេ	they
puokakei	p8k8k8	ពួកគេ	they
puokage	p8k8g8	ពួកគេ	they
puokagei	p8k8g8	ពួកគេ	they
puakke	p8kk8	ពួកគេ	they
puakkei	p8kk8	ពួកគេ	they
puakge	p8kg8	ពួកគេ	they
puakgei	p8kg8	ពួកគេ	they
puakoke	p8k8k8	ពួកគេ	they
puakokei	p8k8k8	ពួកគេ	they
puakoge	p8k8g8	ពួកគេ	they
puakogei	p8k8g8	ពួកគេ	they
puakake	p8k8k8	ពួកគេ	they
puakakei	p8k8k8	ពួកគេ	they
puakage	p8k8g8	ពួកគេ	they
puakagei	p8k8g8	ពួកគេ	they
pukke	p8kk8	ពួកគេ	they
pukkei	p8kk8	ពួកគេ	they
pukge	p8kg8	ពួកគេ	they
pukgei	p8kg8	ពួកគេ	they
pukoke	p8k8k8	ពួកគេ	they
pukokei	p8k8k8	ពួកគេ	they
pukoge	p8k8g8	ពួកគេ	they
pukogei	p8k8g8	ពួកគេ	they
pukake	p8k8k8	ពួកគេ	they
pukakei	p8k8k8	ពួកគេ	they
pukage	p8k8g8	ពួកគេ	they
pukagei	p8k8g8	ពួកគេ	they
buokke	b8kk8	ពួកគេ	they
buokkei	b8kk8	ពួកគេ	they
buokge	b8kg8	ពួកគេ	they
buokgei	b8kg8	ពួកគេ	they
buokoke	b8k8k8	ពួកគេ	they
buokokei	b8k8k8	ពួកគេ	they
buokoge	b8k8g8	ពួកគេ	they
buokogei	b8k8g8	ពួកគេ	they
buokake	b8k8k8	ពួកគេ	they
buokakei	b8k8k8	ពួកគេ	they
buokage	b8k8g8	ពួកគេ	they
buokagei	b8k8g8	ពួកគេ	they
buakke	b8kk8	ពួកគេ	they
buakkei	b8kk8	ពួកគេ	they
buakge	b8kg8	ពួកគេ	they
buakgei	b8kg8	ពួកគេ	they
buakoke	b8k8k8	ពួកគេ	they
buakokei	b8k8k8	ពួកគេ	they
buakoge	b8k8g8	ពួកគេ	they
buakogei	b8k8g8	ពួកគេ	they
buakake	b8k8k8	ពួកគេ	they
buakakei	b8k8k8	ពួកគេ	they
buakage	b8k8g8	ពួកគេ	they
buakagei	b8k8g8	ពួកគេ	they
bukke	b8kk8	ពួកគេ	they
bukkei	b8kk8	ពួកគេ	they
bukge	b8kg8	ពួកគេ	they
bukgei	b8kg8	ពួកគេ	they
bukoke	b8k8k8	ពួកគេ	they
bukokei	b8k8k8	ពួកគេ	they
bukoge	b8k8g8	ពួកគេ	they
bukogei	b8k8g8	ពួកគេ	they
bukake	b8k8k8	ពួកគេ	they
bukakei	b8k8k8	ពួកគេ	they
bukage	b8k8g8	ពួកគេ	they
bukagei	b8k8g8	ពួកគេ	they
pourkke	p8rkk8	ពួកគេ	they
puok	p8k	ពួកគេ	they
kruosar	kr8s8r	គ្រួសារ	family
kruosear	kr8s8r	គ្រួសារ	family
kruosaar	kr8s8r	គ្រួសារ	family
kruasar	kr8s8r	គ្រួសារ	family
kruasear	kr8s8r	គ្រួសារ	family
kruasaar	kr8s8r	គ្រួសារ	family
krusar	kr8s8r	គ្រួសារ	family
krusear	kr8s8r	គ្រួសារ	family
krusaar	kr8s8r	គ្រួសារ	family
gruosar	gr8s8r	គ្រួសារ	family
gruosear	gr8s8r	គ្រួសារ	family
gruosaar	gr8s8r	គ្រួសារ	family
gruasar	gr8s8r	គ្រួសារ	family
gruasear	gr8s8r	គ្រួសារ	family
gruasaar	gr8s8r	គ្រួសារ	family
grusar	gr8s8r	គ្រួសារ	family
grusear	gr8s8r	គ្រួសារ	family
grusaar	gr8s8r	គ្រួសារ	family
kruosa	kr8s8	គ្រួសារ	family
krousar	kr8s8r	គ្រួសារ	family
mtay	mt8	ម្តាយ	mother
mteay	mt8	ម្តាយ	mother
mtaay	mt8	ម្តាយ	mother
mday	md8	ម្តាយ	mother
mdeay	md8	ម្តាយ	mother
mdaay	md8	ម្តាយ	mother
maday	m8d8	ម្តាយ	mother
ovpuk	8vp8k	ឪពុក	father
ovpok	8vp8k	ឪពុក	father
ovbuk	8vb8k	ឪពុក	father
ovbok	8vb8k	ឪពុក	father
aupuk	8p8k	ឪពុក	father
aupok	8p8k	ឪពុក	father
aubuk	8b8k	ឪពុក	father
aubok	8b8k	ឪពុក	father
mak	m8k	ម៉ាក់	mom
mak'	m8k'	ម៉ាក់	mom
meak	m8k	ម៉ាក់	mom
meak'	m8k'	ម៉ាក់	mom
maak	m8k	ម៉ាក់	mom
maak'	m8k'	ម៉ាក់	mom
ba	b8	ប៉ា	dad
bea	b8	ប៉ា	dad
baa	b8	ប៉ា	dad
pa	p8	ប៉ា	dad
pea	p8	ប៉ា	dad
paa	p8	ប៉ា	dad
bng	bng	បង	older sibling / dear
bong	b8ng	បង	older sibling / dear
bang	b8ng	បង	older sibling / dear
png	png	បង	older sibling / dear
pong	p8ng	បង	older sibling / dear
pang	p8ng	បង	older sibling / dear
baoun	b8n	ប្អូន	younger sibling
baun	b8n	ប្អូន	younger sibling
baon	b8n	ប្អូន	younger sibling
bauun	b8n	ប្អូន	younger sibling
booun	b8n	ប្អូន	younger sibling
boun	b8n	ប្អូន	younger sibling
boon	b8n	ប្អូន	younger sibling
bouun	b8n	ប្អូន	younger sibling
bqoun	bq8n	ប្អូន	younger sibling
bqun	bq8n	ប្អូន	younger sibling
bqon	bq8n	ប្អូន	younger sibling
bquun	bq8n	ប្អូន	younger sibling
bun	b8n	ប្អូន	younger sibling
bon	b8n	ប្អូន	younger sibling
buun	b8n	ប្អូន	younger sibling
paoun	p8n	ប្អូន	younger sibling
paun	p8n	ប្អូន	younger sibling
paon	p8n	ប្អូន	younger sibling
pauun	p8n	ប្អូន	younger sibling
pooun	p8n	ប្អូន	younger sibling
poun	p8n	ប្អូន	younger sibling
poon	p8n	ប្អូន	younger sibling
pouun	p8n	ប្អូន	younger sibling
pqoun	pq8n	ប្អូន	younger sibling
pqun	pq8n	ប្អូន	younger sibling
pqon	pq8n	ប្អូន	younger sibling
pquun	pq8n	ប្អូន	younger sibling
pun	p8n	ប្អូន	younger sibling
pon	p8n	ប្អូន	younger sibling
puun	p8n	ប្អូន	younger sibling
b'oun	b'8n	ប្អូន	younger sibling
koun	k8n	កូន	child (offspring)
kun	k8n	កូន	child (offspring)
kon	k8n	កូន	child (offspring)
kuun	k8n	កូន	child (offspring)
kaun	k8n	កូន	child (offspring)
brpnth	brpnth	ប្រពន្ធ	wife
brpndh	brpndh	ប្រពន្ធ	wife
brponth	brp8nth	ប្រពន្ធ	wife
brpondh	brp8ndh	ប្រពន្ធ	wife
brpanth	brp8nth	ប្រពន្ធ	wife
brpandh	brp8ndh	ប្រពន្ធ	wife
brbnth	brbnth	ប្រពន្ធ	wife
brbndh	brbndh	ប្រពន្ធ	wife
brbonth	brb8nth	ប្រពន្ធ	wife
brbondh	brb8ndh	ប្រពន្ធ	wife
brbanth	brb8nth	ប្រពន្ធ	wife
brbandh	brb8ndh	ប្រពន្ធ	wife
bropnth	br8pnth	ប្រពន្ធ	wife
bropndh	br8pndh	ប្រពន្ធ	wife
broponth	br8p8nth	ប្រពន្ធ	wife
bropondh	br8p8ndh	ប្រពន្ធ	wife
bropanth	br8p8nth	ប្រពន្ធ	wife
bropandh	br8p8ndh	ប្រពន្ធ	wife
brobnth	br8bnth	ប្រពន្ធ	wife
brobndh	br8bndh	ប្រពន្ធ	wife
brobonth	br8b8nth	ប្រពន្ធ	wife
brobondh	br8b8ndh	ប្រពន្ធ	wife
brobanth	br8b8nth	ប្រពន្ធ	wife
brobandh	br8b8ndh	ប្រពន្ធ	wife
brapnth	br8pnth	ប្រពន្ធ	wife
brapndh	br8pndh	ប្រពន្ធ	wife
braponth	br8p8nth	ប្រពន្ធ	wife
brapondh	br8p8ndh	ប្រពន្ធ	wife
brapanth	br8p8nth	ប្រពន្ធ	wife
brapandh	br8p8ndh	ប្រពន្ធ	wife
brabnth	br8bnth	ប្រពន្ធ	wife
brabndh	br8bndh	ប្រពន្ធ	wife
brabonth	br8b8nth	ប្រពន្ធ	wife
brabondh	br8b8ndh	ប្រពន្ធ	wife
brabanth	br8b8nth	ប្រពន្ធ	wife
brabandh	br8b8ndh	ប្រពន្ធ	wife
prpnth	prpnth	ប្រពន្ធ	wife
prpndh	prpndh	ប្រពន្ធ	wife
prponth	prp8nth	ប្រពន្ធ	wife
prpondh	prp8ndh	ប្រពន្ធ	wife
prpanth	prp8nth	ប្រពន្ធ	wife
prpandh	prp8ndh	ប្រពន្ធ	wife
prbnth	prbnth	ប្រពន្ធ	wife
prbndh	prbndh	ប្រពន្ធ	wife
prbonth	prb8nth	ប្រពន្ធ	wife
prbondh	prb8ndh	ប្រពន្ធ	wife
prbanth	prb8nth	ប្រពន្ធ	wife
prbandh	prb8ndh	ប្រពន្ធ	wife
propnth	pr8pnth	ប្រពន្ធ	wife
propndh	pr8pndh	ប្រពន្ធ	wife
proponth	pr8p8nth	ប្រពន្ធ	wife
propondh	pr8p8ndh	ប្រពន្ធ	wife
propanth	pr8p8nth	ប្រពន្ធ	wife
propandh	pr8p8ndh	ប្រពន្ធ	wife
probnth	pr8bnth	ប្រពន្ធ	wife
probndh	pr8bndh	ប្រពន្ធ	wife
probonth	pr8b8nth	ប្រពន្ធ	wife
probondh	pr8b8ndh	ប្រពន្ធ	wife
probanth	pr8b8nth	ប្រពន្ធ	wife
probandh	pr8b8ndh	ប្រពន្ធ	wife
prapnth	pr8pnth	ប្រពន្ធ	wife
prapndh	pr8pndh	ប្រពន្ធ	wife
praponth	pr8p8nth	ប្រពន្ធ	wife
prapondh	pr8p8ndh	ប្រពន្ធ	wife
prapanth	pr8p8nth	ប្រពន្ធ	wife
prapandh	pr8p8ndh	ប្រពន្ធ	wife
prabnth	pr8bnth	ប្រពន្ធ	wife
prabndh	pr8bndh	ប្រពន្ធ	wife
prabonth	pr8b8nth	ប្រពន្ធ	wife
prabondh	pr8b8ndh	ប្រពន្ធ	wife
prabanth	pr8b8nth	ប្រពន្ធ	wife
prabandh	pr8b8ndh	ប្រពន្ធ	wife
propun	pr8p8n	ប្រពន្ធ	wife
prapun	pr8p8n	ប្រពន្ធ	wife
brapun	br8p8n	ប្រពន្ធ	wife
btey	bt8	ប្តី	husband
bti	bt8	ប្តី	husband
btii	bt8	ប្តី	husband
bdey	bd8	ប្តី	husband
bdi	bd8	ប្តី	husband
bdii	bd8	ប្តី	husband
ptey	pt8	ប្តី	husband
pti	pt8	ប្តី	husband
ptii	pt8	ប្តី	husband
pdey	pd8	ប្តី	husband
pdi	pd8	ប្តី	husband
pdii	pd8	ប្តី	husband
burs	b8rs	បុរស	man
buros	b8r8s	បុរស	man
buras	b8r8s	បុរស	man
bors	b8rs	បុរស	man
boros	b8r8s	បុរស	man
boras	b8r8s	បុរស	man
purs	p8rs	បុរស	man
puros	p8r8s	បុរស	man
puras	p8r8s	បុរស	man
pors	p8rs	បុរស	man
poros	p8r8s	បុរស	man
poras	p8r8s	បុរស	man
baorash	b8r8sh	បុរស	man
strey	str8	ស្ត្រី	woman
stri	str8	ស្ត្រី	woman
strii	str8	ស្ត្រី	woman
sdrey	sdr8	ស្ត្រី	woman
sdri	sdr8	ស្ត្រី	woman
sdrii	sdr8	ស្ត្រី	woman
satrey	s8tr8	ស្ត្រី	woman
strei	str8	ស្ត្រី	woman
kmeng	km8ng	ក្មេង	child, kid
kmeing	km8ng	ក្មេង	child, kid
khmeng	khm8ng	ក្មេង	child, kid
mitt	m8tt	មិត្ត	friend
mitd	m8td	មិត្ត	friend
midt	m8dt	មិត្ត	friend
midd	m8dd	មិត្ត	friend
mett	m8tt	មិត្ត	friend
metd	m8td	មិត្ត	friend
medt	m8dt	មិត្ត	friend
medd	m8dd	មិត្ត	friend
mit	m8t	មិត្ត	friend
mittphkti	m8ttphkt8	មិត្តភក្តិ	friend (close)
mittphkte	m8ttphkt8	មិត្តភក្តិ	friend (close)
mittphkdi	m8ttphkd8	មិត្តភក្តិ	friend (close)
mittphkde	m8ttphkd8	មិត្តភក្តិ	friend (close)
mittphokti	m8ttph8kt8	មិត្តភក្តិ	friend (close)
mittphokte	m8ttph8kt8	មិត្តភក្តិ	friend (close)
mittphokdi	m8ttph8kd8	មិត្តភក្តិ	friend (close)
mittphokde	m8ttph8kd8	មិត្តភក្តិ	friend (close)
mittphakti	m8ttph8kt8	មិត្តភក្តិ	friend (close)
mittphakte	m8ttph8kt8	មិត្តភក្តិ	friend (close)
mittphakdi	m8ttph8kd8	មិត្តភក្តិ	friend (close)
mittphakde	m8ttph8kd8	មិត្តភក្តិ	friend (close)
mittbhkti	m8ttbhkt8	មិត្តភក្តិ	friend (close)
mittbhkte	m8ttbhkt8	មិត្តភក្តិ	friend (close)
mittbhkdi	m8ttbhkd8	មិត្តភក្តិ	friend (close)
mittbhkde	m8ttbhkd8	មិត្តភក្តិ	friend (close)
mittbhokti	m8ttbh8kt8	មិត្តភក្តិ	friend (close)
mittbhokte	m8ttbh8kt8	មិត្តភក្តិ	friend (close)
mittbhokdi	m8ttbh8kd8	មិត្តភក្តិ	friend (close)
mittbhokde	m8ttbh8kd8	មិត្តភក្តិ	friend (close)
mittbhakti	m8ttbh8kt8	មិត្តភក្តិ	friend (close)
mittbhakte	m8ttbh8kt8	មិត្តភក្តិ	friend (close)
mittbhakdi	m8ttbh8kd8	មិត្តភក្តិ	friend (close)
mittbhakde	m8ttbh8kd8	មិត្តភក្តិ	friend (close)
mittophkti	m8tt8phkt8	មិត្តភក្តិ	friend (close)
mittophkte	m8tt8phkt8	មិត្តភក្តិ	friend (close)
mittophkdi	m8tt8phkd8	មិត្តភក្តិ	friend (close)
mittophkde	m8tt8phkd8	មិត្តភក្តិ	friend (close)
mittophokti	m8tt8ph8kt8	មិត្តភក្តិ	friend (close)
mittophokte	m8tt8ph8kt8	មិត្តភក្តិ	friend (close)
mittophokdi	m8tt8ph8kd8	មិត្តភក្តិ	friend (close)
mittophokde	m8tt8ph8kd8	មិត្តភក្តិ	friend (close)
mittophakti	m8tt8ph8kt8	មិត្តភក្តិ	friend (close)
mittophakte	m8tt8ph8kt8	មិត្តភក្តិ	friend (close)
mittophakdi	m8tt8ph8kd8	មិត្តភក្តិ	friend (close)
mittophakde	m8tt8ph8kd8	មិត្តភក្តិ	friend (close)
mittobhkti	m8tt8bhkt8	មិត្តភក្តិ	friend (close)
mittobhkte	m8tt8bhkt8	មិត្តភក្តិ	friend (close)
mittobhkdi	m8tt8bhkd8	មិត្តភក្តិ	friend (close)
mittobhkde	m8tt8bhkd8	មិត្តភក្តិ	friend (close)
mittobhokti	m8tt8bh8kt8	មិត្តភក្តិ	friend (close)
mittobhokte	m8tt8bh8kt8	មិត្តភក្តិ	friend (close)
mittobhokdi	m8tt8bh8kd8	មិត្តភក្តិ	friend (close)
mittobhokde	m8tt8bh8kd8	មិត្តភក្តិ	friend (close)
mittobhakti	m8tt8bh8kt8	មិត្តភក្តិ	friend (close)
mittobhakte	m8tt8bh8kt8	មិត្តភក្តិ	friend (close)
mittobhakdi	m8tt8bh8kd8	មិត្តភក្តិ	friend (close)
mittobhakde	m8tt8bh8kd8	មិត្តភក្តិ	friend (close)
mittaphkti	m8tt8phkt8	មិត្តភក្តិ	friend (close)
mittaphkte	m8tt8phkt8	មិត្តភក្តិ	friend (close)
mittaphkdi	m8tt8phkd8	មិត្តភក្តិ	friend (close)
mittaphkde	m8tt8phkd8	មិត្តភក្តិ	friend (close)
mittaphokti	m8tt8ph8kt8	មិត្តភក្តិ	friend (close)
mittaphokte	m8tt8ph8kt8	មិត្តភក្តិ	friend (close)
mittaphokdi	m8tt8ph8kd8	មិត្តភក្តិ	friend (close)
mittaphokde	m8tt8ph8kd8	មិត្តភក្តិ	friend (close)
mittaphakti	m8tt8ph8kt8	មិត្តភក្តិ	friend (close)
mittaphakte	m8tt8ph8kt8	មិត្តភក្តិ	friend (close)
mittaphakdi	m8tt8ph8kd8	មិត្តភក្តិ	friend (close)
mittaphakde	m8tt8ph8kd8	មិត្តភក្តិ	friend (close)
mittabhkti	m8tt8bhkt8	មិត្តភក្តិ	friend (close)
mittabhkte	m8tt8bhkt8	មិត្តភក្តិ	friend (close)
mittabhkdi	m8tt8bhkd8	មិត្តភក្តិ	friend (close)
mittabhkde	m8tt8bhkd8	មិត្តភក្តិ	friend (close)
mittabhokti	m8tt8bh8kt8	មិត្តភក្តិ	friend (close)
mittabhokte	m8tt8bh8kt8	មិត្តភក្តិ	friend (close)
mittabhokdi	m8tt8bh8kd8	មិត្តភក្តិ	friend (close)
mittabhokde	m8tt8bh8kd8	មិត្តភក្តិ	friend (close)
mittabhakti	m8tt8bh8kt8	មិត្តភក្តិ	friend (close)
mittabhakte	m8tt8bh8kt8	មិត្តភក្តិ	friend (close)
mittabhakdi	m8tt8bh8kd8	មិត្តភក្តិ	friend (close)
mittabhakde	m8tt8bh8kd8	មិត្តភក្តិ	friend (close)
mitdphkti	m8tdphkt8	មិត្តភក្តិ	friend (close)
mitdphkte	m8tdphkt8	មិត្តភក្តិ	friend (close)
mitdphkdi	m8tdphkd8	មិត្តភក្តិ	friend (close)
mitdphkde	m8tdphkd8	មិត្តភក្តិ	friend (close)
mitdphokti	m8tdph8kt8	មិត្តភក្តិ	friend (close)
mitdphokte	m8tdph8kt8	មិត្តភក្តិ	friend (close)
mitdphokdi	m8tdph8kd8	មិត្តភក្តិ	friend (close)
mitdphokde	m8tdph8kd8	មិត្តភក្តិ	friend (close)
mitdphakti	m8tdph8kt8	មិត្តភក្តិ	friend (close)
mitdphakte	m8tdph8kt8	មិត្តភក្តិ	friend (close)
mitdphakdi	m8tdph8kd8	មិត្តភក្តិ	friend (close)
mitdphakde	m8tdph8kd8	មិត្តភក្តិ	friend (close)
mitdbhkti	m8tdbhkt8	មិត្តភក្តិ	friend (close)
mitdbhkte	m8tdbhkt8	មិត្តភក្តិ	friend (close)
mitdbhkdi	m8tdbhkd8	មិត្តភក្តិ	friend (close)
mitdbhkde	m8tdbhkd8	មិត្តភក្តិ	friend (close)
mitdbhokti	m8tdbh8kt8	មិត្តភក្តិ	friend (close)
mitdbhokte	m8tdbh8kt8	មិត្តភក្តិ	friend (close)
mitdbhokdi	m8tdbh8kd8	មិត្តភក្តិ	friend (close)
mitdbhokde	m8tdbh8kd8	មិត្តភក្តិ	friend (close)
mitdbhakti	m8tdbh8kt8	មិត្តភក្តិ	friend (close)
mitdbhakte	m8tdbh8kt8	មិត្តភក្តិ	friend (close)
mitdbhakdi	m8tdbh8kd8	មិត្តភក្តិ	friend (close)
mitdbhakde	m8tdbh8kd8	មិត្តភក្តិ	friend (close)
mitdophkti	m8td8phkt8	មិត្តភក្តិ	friend (close)
mitdophkte	m8td8phkt8	មិត្តភក្តិ	friend (close)
mitdophkdi	m8td8phkd8	មិត្តភក្តិ	friend (close)
mitdophkde	m8td8phkd8	មិត្តភក្តិ	friend (close)
mitdophokti	m8td8ph8kt8	មិត្តភក្តិ	friend (close)
mitdophokte	m8td8ph8kt8	មិត្តភក្តិ	friend (close)
mitdophokdi	m8td8ph8kd8	មិត្តភក្តិ	friend (close)
mitdophokde	m8td8ph8kd8	មិត្តភក្តិ	friend (close)
mitdophakti	m8td8ph8kt8	មិត្តភក្តិ	friend (close)
mitdophakte	m8td8ph8kt8	មិត្តភក្តិ	friend (close)
mitdophakdi	m8td8ph8kd8	មិត្តភក្តិ	friend (close)
mitdophakde	m8td8ph8kd8	មិត្តភក្តិ	friend (close)
mitdobhkti	m8td8bhkt8	មិត្តភក្តិ	friend (close)
mitdobhkte	m8td8bhkt8	មិត្តភក្តិ	friend (close)
mitdobhkdi	m8td8bhkd8	មិត្តភក្តិ	friend (close)
mitdobhkde	m8td8bhkd8	មិត្តភក្តិ	friend (close)
mitdobhokti	m8td8bh8kt8	មិត្តភក្តិ	friend (close)
mitdobhokte	m8td8bh8kt8	មិត្តភក្តិ	friend (close)
mitdobhokdi	m8td8bh8kd8	មិត្តភក្តិ	friend (close)
mitdobhokde	m8td8bh8kd8	មិត្តភក្តិ	friend (close)
mitdobhakti	m8td8bh8kt8	មិត្តភក្តិ	friend (close)
mitdobhakte	m8td8bh8kt8	មិត្តភក្តិ	friend (close)
mitdobhakdi	m8td8bh8kd8	មិត្តភក្តិ	friend (close)
mitdobhakde	m8td8bh8kd8	មិត្តភក្តិ	friend (close)
mitpheak	m8tph8k	មិត្តភក្តិ	friend (close)
mittapheak	m8tt8ph8k	មិត្តភក្តិ	friend (close)
tov	t8v	ទៅ	go
tau	t8	ទៅ	go
tow	t8w	ទៅ	go
tav	t8v	ទៅ	go
dov	d8v	ទៅ	go
dau	d8	ទៅ	go
dow	d8w	ទៅ	go
dav	d8v	ទៅ	go
ddov	dd8v	ទៅ	go
ddau	dd8	ទៅ	go
ddow	dd8w	ទៅ	go
ddav	dd8v	ទៅ	go
teuv	t8v	ទៅ	go
tiv	t8v	ទៅ	go
mk	mk	មក	come
mok	m8k	មក	come
mak	m8k	មក	come
mork	m8rk	មក	come
thvae	thv8	ធ្វើ	do, make
thver	thv8r	ធ្វើ	do, make
thveu	thv8	ធ្វើ	do, make
thvaeu	thv8	ធ្វើ	do, make
thwae	thw8	ធ្វើ	do, make
thwer	thw8r	ធ្វើ	do, make
thweu	thw8	ធ្វើ	do, make
thwaeu	thw8	ធ្វើ	do, make
dhvae	dhv8	ធ្វើ	do, make
dhver	dhv8r	ធ្វើ	do, make
dhveu	dhv8	ធ្វើ	do, make
dhvaeu	dhv8	ធ្វើ	do, make
dhwae	dhw8	ធ្វើ	do, make
dhwer	dhw8r	ធ្វើ	do, make
dhweu	dhw8	ធ្វើ	do, make
dhwaeu	dhw8	ធ្វើ	do, make
tveu	tv8	ធ្វើ	do, make
twer	tw8r	ធ្វើ	do, make
man	m8n	មាន	have, there is
mean	m8n	មាន	have, there is
maan	m8n	មាន	have, there is
mien	m8n	មាន	have, there is
kman	km8n	គ្មាន	not have
kmean	km8n	គ្មាន	not have
kmaan	km8n	គ្មាន	not have
gman	gm8n	គ្មាន	not have
gmean	gm8n	គ្មាន	not have
gmaan	gm8n	គ្មាន	not have
khmean	khm8n	គ្មាន	not have
chng	chng	ចង់	want
chng'	chng'	ចង់	want
chong	ch8ng	ចង់	want
chong'	ch8ng'	ចង់	want
chang	ch8ng	ចង់	want
chang'	ch8ng'	ចង់	want
jng	jng	ចង់	want
jng'	jng'	ចង់	want
jong	j8ng	ចង់	want
jong'	j8ng'	ចង់	want
jang	j8ng	ចង់	want
jang'	j8ng'	ចង់	want
trouv	tr8v	ត្រូវ	correct / must
trouw	tr8w	ត្រូវ	correct / must
truv	tr8v	ត្រូវ	correct / must
truw	tr8w	ត្រូវ	correct / must
trov	tr8v	ត្រូវ	correct / must
trow	tr8w	ត្រូវ	correct / must
truuv	tr8v	ត្រូវ	correct / must
truuw	tr8w	ត្រូវ	correct / must
drouv	dr8v	ត្រូវ	correct / must
drouw	dr8w	ត្រូវ	correct / must
druv	dr8v	ត្រូវ	correct / must
druw	dr8w	ត្រូវ	correct / must
drov	dr8v	ត្រូវ	correct / must
drow	dr8w	ត្រូវ	correct / must
druuv	dr8v	ត្រូវ	correct / must
druuw	dr8w	ត្រូវ	correct / must
aach	8ch	អាច	can
aaj	8j	អាច	can
aeach	8ch	អាច	can
aeaj	8j	អាច	can
aaach	8ch	អាច	can
aaaj	8j	អាច	can
oach	8ch	អាច	can
oaj	8j	អាច	can
oeach	8ch	អាច	can
oeaj	8j	អាច	can
oaach	8ch	អាច	can
oaaj	8j	អាច	can
qach	q8ch	អាច	can
qaj	q8j	អាច	can
qeach	q8ch	អាច	can
qeaj	q8j	អាច	can
qaach	q8ch	អាច	can
qaaj	q8j	អាច	can
ach	8ch	អាច	can
aj	8j	អាច	can
each	8ch	អាច	can
eaj	8j	អាច	can
doeng	d8ng	ដឹង	know (fact)
deung	d8ng	ដឹង	know (fact)
deng	d8ng	ដឹង	know (fact)
dung	d8ng	ដឹង	know (fact)
skal	sk8l	ស្គាល់	know (person)
skal'	sk8l'	ស្គាល់	know (person)
skeal	sk8l	ស្គាល់	know (person)
skeal'	sk8l'	ស្គាល់	know (person)
skaal	sk8l	ស្គាល់	know (person)
skaal'	sk8l'	ស្គាល់	know (person)
sgal	sg8l	ស្គាល់	know (person)
sgal'	sg8l'	ស្គាល់	know (person)
sgeal	sg8l	ស្គាល់	know (person)
sgeal'	sg8l'	ស្គាល់	know (person)
sgaal	sg8l	ស្គាល់	know (person)
sgaal'	sg8l'	ស្គាល់	know (person)
skoal	sk8l	ស្គាល់	know (person)
khaenh	kh8nh	ឃើញ	see
khaeny	kh8n8	ឃើញ	see
khernh	kh8rnh	ឃើញ	see
kherny	kh8rn8	ឃើញ	see
kheunh	kh8nh	ឃើញ	see
kheuny	kh8n8	ឃើញ	see
khaeunh	kh8nh	ឃើញ	see
khaeuny	kh8n8	ឃើញ	see
ghaenh	gh8nh	ឃើញ	see
ghaeny	gh8n8	ឃើញ	see
ghernh	gh8rnh	ឃើញ	see
gherny	gh8rn8	ឃើញ	see
gheunh	gh8nh	ឃើញ	see
gheuny	gh8n8	ឃើញ	see
ghaeunh	gh8nh	ឃើញ	see
ghaeuny	gh8n8	ឃើញ	see
keunh	k8nh	ឃើញ	see
khoenh	kh8nh	ឃើញ	see
mael	m8l	មើល	look, watch
merl	m8rl	មើល	look, watch
meul	m8l	មើល	look, watch
maeul	m8l	មើល	look, watch
moel	m8l	មើល	look, watch
stab	st8b	ស្តាប់	listen
stab'	st8b'	ស្តាប់	listen
stap	st8p	ស្តាប់	listen
stap'	st8p'	ស្តាប់	listen
steab	st8b	ស្តាប់	listen
steab'	st8b'	ស្តាប់	listen
steap	st8p	ស្តាប់	listen
steap'	st8p'	ស្តាប់	listen
staab	st8b	ស្តាប់	listen
staab'	st8b'	ស្តាប់	listen
staap	st8p	ស្តាប់	listen
staap'	st8p'	ស្តាប់	listen
sdab	sd8b	ស្តាប់	listen
sdab'	sd8b'	ស្តាប់	listen
sdap	sd8p	ស្តាប់	listen
sdap'	sd8p'	ស្តាប់	listen
sdeab	sd8b	ស្តាប់	listen
sdeab'	sd8b'	ស្តាប់	listen
sdeap	sd8p	ស្តាប់	listen
sdeap'	sd8p'	ស្តាប់	listen
sdaab	sd8b	ស្តាប់	listen
sdaab'	sd8b'	ស្តាប់	listen
sdaap	sd8p	ស្តាប់	listen
sdaap'	sd8p'	ស្តាប់	listen
niyay	n8	និយាយ	speak
niyeay	n8	និយាយ	speak
niyaay	n8	និយាយ	speak
neyay	n8	និយាយ	speak
neyeay	n8	និយាយ	speak
neyaay	n8	និយាយ	speak
niyiey	n8	និយាយ	speak
brab	br8b	ប្រាប់	tell
brab'	br8b'	ប្រាប់	tell
brap	br8p	ប្រាប់	tell
brap'	br8p'	ប្រាប់	tell
breab	br8b	ប្រាប់	tell
breab'	br8b'	ប្រាប់	tell
breap	br8p	ប្រាប់	tell
breap'	br8p'	ប្រាប់	tell
braab	br8b	ប្រាប់	tell
braab'	br8b'	ប្រាប់	tell
braap	br8p	ប្រាប់	tell
braap'	br8p'	ប្រាប់	tell
prab	pr8b	ប្រាប់	tell
prab'	pr8b'	ប្រាប់	tell
prap	pr8p	ប្រាប់	tell
prap'	pr8p'	ប្រាប់	tell
preab	pr8b	ប្រាប់	tell
preab'	pr8b'	ប្រាប់	tell
preap	pr8p	ប្រាប់	tell
preap'	pr8p'	ប្រាប់	tell
praab	pr8b	ប្រាប់	tell
praab'	pr8b'	ប្រាប់	tell
praap	pr8p	ប្រាប់	tell
praap'	pr8p'	ប្រាប់	tell
suor	s8r	សួរ	ask
suar	s8r	សួរ	ask
sur	s8r	សួរ	ask
sour	s8r	សួរ	ask
sua	s8	សួរ	ask
chhlaey	chhl8	ឆ្លើយ	answer
chhlery	chhl8r8	ឆ្លើយ	answer
chhleuy	chhl8	ឆ្លើយ	answer
chhlaeuy	chhl8	ឆ្លើយ	answer
chlaey	chl8	ឆ្លើយ	answer
chlery	chl8r8	ឆ្លើយ	answer
chleuy	chl8	ឆ្លើយ	answer
chlaeuy	chl8	ឆ្លើយ	answer
nhaam	nh8m	ញ៉ាំ	eat
nhaom	nh8m	ញ៉ាំ	eat
nhaum	nh8m	ញ៉ាំ	eat
nheaam	nh8m	ញ៉ាំ	eat
nheaom	nh8m	ញ៉ាំ	eat
nheaum	nh8m	ញ៉ាំ	eat
nhaaam	nh8m	ញ៉ាំ	eat
nhaaom	nh8m	ញ៉ាំ	eat
nhaaum	nh8m	ញ៉ាំ	eat
nyaam	n8m	ញ៉ាំ	eat
nyaom	n8m	ញ៉ាំ	eat
nyaum	n8m	ញ៉ាំ	eat
nyeaam	n8m	ញ៉ាំ	eat
nyeaom	n8m	ញ៉ាំ	eat
nyeaum	n8m	ញ៉ាំ	eat
nyaaam	n8m	ញ៉ាំ	eat
nyaaom	n8m	ញ៉ាំ	eat
nyaaum	n8m	ញ៉ាំ	eat
nham	nh8m	ញ៉ាំ	eat
nhoam	nh8m	ញ៉ាំ	eat
nyam	n8m	ញ៉ាំ	eat
gnam	gn8m	ញ៉ាំ	eat
houb	h8b	ហូប	eat (colloq.)
houp	h8p	ហូប	eat (colloq.)
hub	h8b	ហូប	eat (colloq.)
hup	h8p	ហូប	eat (colloq.)
hob	h8b	ហូប	eat (colloq.)
hop	h8p	ហូប	eat (colloq.)
huub	h8b	ហូប	eat (colloq.)
huup	h8p	ហូប	eat (colloq.)
phoek	ph8k	ផឹក	drink
pheuk	ph8k	ផឹក	drink
phek	ph8k	ផឹក	drink
dek	d8k	ដេក	sleep
deik	d8k	ដេក	sleep
dec	d8c	ដេក	sleep
krok	kr8k	ក្រោក	get up
kraok	kr8k	ក្រោក	get up
krouk	kr8k	ក្រោក	get up
kroak	kr8k	ក្រោក	get up
daer	d8r	ដើរ	walk
derr	d8rr	ដើរ	walk
deur	d8r	ដើរ	walk
daeur	d8r	ដើរ	walk
daeu	d8	ដើរ	walk
der	d8r	ដើរ	walk
dae	d8	ដើរ	walk
rt	rt	រត់	run
rt'	rt'	រត់	run
rd	rd	រត់	run
rd'	rd'	រត់	run
rot	r8t	រត់	run
rot'	r8t'	រត់	run
rod	r8d	រត់	run
rod'	r8d'	រត់	run
rat	r8t	រត់	run
rat'	r8t'	រត់	run
rad	r8d	រត់	run
rad'	r8d'	រត់	run
rut	r8t	រត់	run
angkuy	8ngk8	អង្គុយ	sit
angkoy	8ngk8	អង្គុយ	sit
angguy	8ngg8	អង្គុយ	sit
anggoy	8ngg8	អង្គុយ	sit
aongkuy	8ngk8	អង្គុយ	sit
aongkoy	8ngk8	អង្គុយ	sit
aongguy	8ngg8	អង្គុយ	sit
aonggoy	8ngg8	អង្គុយ	sit
aangkuy	8ngk8	អង្គុយ	sit
aangkoy	8ngk8	អង្គុយ	sit
aangguy	8ngg8	អង្គុយ	sit
aanggoy	8ngg8	អង្គុយ	sit
ongkuy	8ngk8	អង្គុយ	sit
ongkoy	8ngk8	អង្គុយ	sit
ongguy	8ngg8	អង្គុយ	sit
onggoy	8ngg8	អង្គុយ	sit
oongkuy	8ngk8	អង្គុយ	sit
oongkoy	8ngk8	អង្គុយ	sit
oongguy	8ngg8	អង្គុយ	sit
oonggoy	8ngg8	អង្គុយ	sit
oangkuy	8ngk8	អង្គុយ	sit
oangkoy	8ngk8	អង្គុយ	sit
oangguy	8ngg8	អង្គុយ	sit
oanggoy	8ngg8	អង្គុយ	sit
qngkuy	qngk8	អង្គុយ	sit
qngkoy	qngk8	អង្គុយ	sit
qngguy	qngg8	អង្គុយ	sit
qnggoy	qngg8	អង្គុយ	sit
qongkuy	q8ngk8	អង្គុយ	sit
qongkoy	q8ngk8	អង្គុយ	sit
qongguy	q8ngg8	អង្គុយ	sit
qonggoy	q8ngg8	អង្គុយ	sit
qangkuy	q8ngk8	អង្គុយ	sit
qangkoy	q8ngk8	អង្គុយ	sit
qangguy	q8ngg8	អង្គុយ	sit
qanggoy	q8ngg8	អង្គុយ	sit
ngkuy	ngk8	អង្គុយ	sit
ngkoy	ngk8	អង្គុយ	sit
ngguy	ngg8	អង្គុយ	sit
nggoy	ngg8	អង្គុយ	sit
chhr	chhr	ឈរ	stand
chhor	chh8r	ឈរ	stand
chhar	chh8r	ឈរ	stand
jhr	jhr	ឈរ	stand
jhor	jh8r	ឈរ	stand
jhar	jh8r	ឈរ	stand
rien	r8n	រៀន	learn, study
rean	r8n	រៀន	learn, study
bngrien	bngr8n	បង្រៀន	teach
bngrean	bngr8n	បង្រៀន	teach
bongrien	b8ngr8n	បង្រៀន	teach
bongrean	b8ngr8n	បង្រៀន	teach
bangrien	b8ngr8n	បង្រៀន	teach
bangrean	b8ngr8n	បង្រៀន	teach
pngrien	pngr8n	បង្រៀន	teach
pngrean	pngr8n	បង្រៀន	teach
pongrien	p8ngr8n	បង្រៀន	teach
pongrean	p8ngr8n	បង្រៀន	teach
pangrien	p8ngr8n	បង្រៀន	teach
pangrean	p8ngr8n	បង្រៀន	teach
thvaekar	thv8k8r	ធ្វើការ	work (v.)
thvaekear	thv8k8r	ធ្វើការ	work (v.)
thvaekaar	thv8k8r	ធ្វើការ	work (v.)
thverkar	thv8rk8r	ធ្វើការ	work (v.)
thverkear	thv8rk8r	ធ្វើការ	work (v.)
thverkaar	thv8rk8r	ធ្វើការ	work (v.)
thveukar	thv8k8r	ធ្វើការ	work (v.)
thveukear	thv8k8r	ធ្វើការ	work (v.)
thveukaar	thv8k8r	ធ្វើការ	work (v.)
thvaeukar	thv8k8r	ធ្វើការ	work (v.)
thvaeukear	thv8k8r	ធ្វើការ	work (v.)
thvaeukaar	thv8k8r	ធ្វើការ	work (v.)
thwaekar	thw8k8r	ធ្វើការ	work (v.)
thwaekear	thw8k8r	ធ្វើការ	work (v.)
thwaekaar	thw8k8r	ធ្វើការ	work (v.)
thwerkar	thw8rk8r	ធ្វើការ	work (v.)
thwerkear	thw8rk8r	ធ្វើការ	work (v.)
thwerkaar	thw8rk8r	ធ្វើការ	work (v.)
thweukar	thw8k8r	ធ្វើការ	work (v.)
thweukear	thw8k8r	ធ្វើការ	work (v.)
thweukaar	thw8k8r	ធ្វើការ	work (v.)
thwaeukar	thw8k8r	ធ្វើការ	work (v.)
thwaeukear	thw8k8r	ធ្វើការ	work (v.)
thwaeukaar	thw8k8r	ធ្វើការ	work (v.)
dhvaekar	dhv8k8r	ធ្វើការ	work (v.)
dhvaekear	dhv8k8r	ធ្វើការ	work (v.)
dhvaekaar	dhv8k8r	ធ្វើការ	work (v.)
dhverkar	dhv8rk8r	ធ្វើការ	work (v.)
dhverkear	dhv8rk8r	ធ្វើការ	work (v.)
dhverkaar	dhv8rk8r	ធ្វើការ	work (v.)
dhveukar	dhv8k8r	ធ្វើការ	work (v.)
dhveukear	dhv8k8r	ធ្វើការ	work (v.)
dhveukaar	dhv8k8r	ធ្វើការ	work (v.)
dhvaeukar	dhv8k8r	ធ្វើការ	work (v.)
dhvaeukear	dhv8k8r	ធ្វើការ	work (v.)
dhvaeukaar	dhv8k8r	ធ្វើការ	work (v.)
dhwaekar	dhw8k8r	ធ្វើការ	work (v.)
dhwaekear	dhw8k8r	ធ្វើការ	work (v.)
dhwaekaar	dhw8k8r	ធ្វើការ	work (v.)
dhwerkar	dhw8rk8r	ធ្វើការ	work (v.)
dhwerkear	dhw8rk8r	ធ្វើការ	work (v.)
dhwerkaar	dhw8rk8r	ធ្វើការ	work (v.)
dhweukar	dhw8k8r	ធ្វើការ	work (v.)
dhweukear	dhw8k8r	ធ្វើការ	work (v.)
dhweukaar	dhw8k8r	ធ្វើការ	work (v.)
dhwaeukar	dhw8k8r	ធ្វើការ	work (v.)
dhwaeukear	dhw8k8r	ធ្វើការ	work (v.)
dhwaeukaar	dhw8k8r	ធ្វើការ	work (v.)
thveuka	thv8k8	ធ្វើការ	work (v.)
tveuka	tv8k8	ធ្វើការ	work (v.)
leng	l8ng	លេង	play
leing	l8ng	លេង	play
leeng	l8ng	លេង	play
srlanh	srl8nh	ស្រឡាញ់	love
srlanh'	srl8nh'	ស្រឡាញ់	love
srlany	srl8n8	ស្រឡាញ់	love
srlany'	srl8n8'	ស្រឡាញ់	love
srleanh	srl8nh	ស្រឡាញ់	love
srleanh'	srl8nh'	ស្រឡាញ់	love
srleany	srl8n8	ស្រឡាញ់	love
srleany'	srl8n8'	ស្រឡាញ់	love
srlaanh	srl8nh	ស្រឡាញ់	love
srlaanh'	srl8nh'	ស្រឡាញ់	love
srlaany	srl8n8	ស្រឡាញ់	love
srlaany'	srl8n8'	ស្រឡាញ់	love
srolanh	sr8l8nh	ស្រឡាញ់	love
srolanh'	sr8l8nh'	ស្រឡាញ់	love
srolany	sr8l8n8	ស្រឡាញ់	love
srolany'	sr8l8n8'	ស្រឡាញ់	love
sroleanh	sr8l8nh	ស្រឡាញ់	love
sroleanh'	sr8l8nh'	ស្រឡាញ់	love
sroleany	sr8l8n8	ស្រឡាញ់	love
sroleany'	sr8l8n8'	ស្រឡាញ់	love
srolaanh	sr8l8nh	ស្រឡាញ់	love
srolaanh'	sr8l8nh'	ស្រឡាញ់	love
srolaany	sr8l8n8	ស្រឡាញ់	love
srolaany'	sr8l8n8'	ស្រឡាញ់	love
sralanh	sr8l8nh	ស្រឡាញ់	love
sralanh'	sr8l8nh'	ស្រឡាញ់	love
sralany	sr8l8n8	ស្រឡាញ់	love
sralany'	sr8l8n8'	ស្រឡាញ់	love
sraleanh	sr8l8nh	ស្រឡាញ់	love
sraleanh'	sr8l8nh'	ស្រឡាញ់	love
sraleany	sr8l8n8	ស្រឡាញ់	love
sraleany'	sr8l8n8'	ស្រឡាញ់	love
sralaanh	sr8l8nh	ស្រឡាញ់	love
sralaanh'	sr8l8nh'	ស្រឡាញ់	love
sralaany	sr8l8n8	ស្រឡាញ់	love
sralaany'	sr8l8n8'	ស្រឡាញ់	love
choulchitt	ch8lch8tt	ចូលចិត្ត	like
choulchitd	ch8lch8td	ចូលចិត្ត	like
choulchidt	ch8lch8dt	ចូលចិត្ត	like
choulchidd	ch8lch8dd	ចូលចិត្ត	like
choulchett	ch8lch8tt	ចូលចិត្ត	like
choulchetd	ch8lch8td	ចូលចិត្ត	like
choulchedt	ch8lch8dt	ចូលចិត្ត	like
choulchedd	ch8lch8dd	ចូលចិត្ត	like
chouljitt	ch8lj8tt	ចូលចិត្ត	like
chouljitd	ch8lj8td	ចូលចិត្ត	like
chouljidt	ch8lj8dt	ចូលចិត្ត	like
chouljidd	ch8lj8dd	ចូលចិត្ត	like
chouljett	ch8lj8tt	ចូលចិត្ត	like
chouljetd	ch8lj8td	ចូលចិត្ត	like
chouljedt	ch8lj8dt	ចូលចិត្ត	like
chouljedd	ch8lj8dd	ចូលចិត្ត	like
choulochitt	ch8l8ch8tt	ចូលចិត្ត	like
choulochitd	ch8l8ch8td	ចូលចិត្ត	like
choulochidt	ch8l8ch8dt	ចូលចិត្ត	like
choulochidd	ch8l8ch8dd	ចូលចិត្ត	like
choulochett	ch8l8ch8tt	ចូលចិត្ត	like
choulochetd	ch8l8ch8td	ចូលចិត្ត	like
choulochedt	ch8l8ch8dt	ចូលចិត្ត	like
choulochedd	ch8l8ch8dd	ចូលចិត្ត	like
choulojitt	ch8l8j8tt	ចូលចិត្ត	like
choulojitd	ch8l8j8td	ចូលចិត្ត	like
choulojidt	ch8l8j8dt	ចូលចិត្ត	like
choulojidd	ch8l8j8dd	ចូលចិត្ត	like
choulojett	ch8l8j8tt	ចូលចិត្ត	like
choulojetd	ch8l8j8td	ចូលចិត្ត	like
choulojedt	ch8l8j8dt	ចូលចិត្ត	like
choulojedd	ch8l8j8dd	ចូលចិត្ត	like
choulachitt	ch8l8ch8tt	ចូលចិត្ត	like
choulachitd	ch8l8ch8td	ចូលចិត្ត	like
choulachidt	ch8l8ch8dt	ចូលចិត្ត	like
choulachidd	ch8l8ch8dd	ចូលចិត្ត	like
choulachett	ch8l8ch8tt	ចូលចិត្ត	like
choulachetd	ch8l8ch8td	ចូលចិត្ត	like
choulachedt	ch8l8ch8dt	ចូលចិត្ត	like
choulachedd	ch8l8ch8dd	ចូលចិត្ត	like
choulajitt	ch8l8j8tt	ចូលចិត្ត	like
choulajitd	ch8l8j8td	ចូលចិត្ត	like
choulajidt	ch8l8j8dt	ចូលចិត្ត	like
choulajidd	ch8l8j8dd	ចូលចិត្ត	like
choulajett	ch8l8j8tt	ចូលចិត្ត	like
choulajetd	ch8l8j8td	ចូលចិត្ត	like
choulajedt	ch8l8j8dt	ចូលចិត្ត	like
choulajedd	ch8l8j8dd	ចូលចិត្ត	like
chulchitt	ch8lch8tt	ចូលចិត្ត	like
chulchitd	ch8lch8td	ចូលចិត្ត	like
chulchidt	ch8lch8dt	ចូលចិត្ត	like
chulchidd	ch8lch8dd	ចូលចិត្ត	like
chulchett	ch8lch8tt	ចូលចិត្ត	like
chulchetd	ch8lch8td	ចូលចិត្ត	like
chulchedt	ch8lch8dt	ចូលចិត្ត	like
chulchedd	ch8lch8dd	ចូលចិត្ត	like
chuljitt	ch8lj8tt	ចូលចិត្ត	like
chuljitd	ch8lj8td	ចូលចិត្ត	like
chuljidt	ch8lj8dt	ចូលចិត្ត	like
chuljidd	ch8lj8dd	ចូលចិត្ត	like
chuljett	ch8lj8tt	ចូលចិត្ត	like
chuljetd	ch8lj8td	ចូលចិត្ត	like
chuljedt	ch8lj8dt	ចូលចិត្ត	like
chuljedd	ch8lj8dd	ចូលចិត្ត	like
chulochitt	ch8l8ch8tt	ចូលចិត្ត	like
chulochitd	ch8l8ch8td	ចូលចិត្ត	like
chulochidt	ch8l8ch8dt	ចូលចិត្ត	like
chulochidd	ch8l8ch8dd	ចូលចិត្ត	like
chulochett	ch8l8ch8tt	ចូលចិត្ត	like
chulochetd	ch8l8ch8td	ចូលចិត្ត	like
chulochedt	ch8l8ch8dt	ចូលចិត្ត	like
chulochedd	ch8l8ch8dd	ចូលចិត្ត	like
chulojitt	ch8l8j8tt	ចូលចិត្ត	like
chulojitd	ch8l8j8td	ចូលចិត្ត	like
chulojidt	ch8l8j8dt	ចូលចិត្ត	like
chulojidd	ch8l8j8dd	ចូលចិត្ត	like
chulojett	ch8l8j8tt	ចូលចិត្ត	like
chulojetd	ch8l8j8td	ចូលចិត្ត	like
chulojedt	ch8l8j8dt	ចូលចិត្ត	like
chulojedd	ch8l8j8dd	ចូលចិត្ត	like
chulachitt	ch8l8ch8tt	ចូលចិត្ត	like
chulachitd	ch8l8ch8td	ចូលចិត្ត	like
chulachidt	ch8l8ch8dt	ចូលចិត្ត	like
chulachidd	ch8l8ch8dd	ចូលចិត្ត	like
chulachett	ch8l8ch8tt	ចូលចិត្ត	like
chulachetd	ch8l8ch8td	ចូលចិត្ត	like
chulachedt	ch8l8ch8dt	ចូលចិត្ត	like
chulachedd	ch8l8ch8dd	ចូលចិត្ត	like
chulajitt	ch8l8j8tt	ចូលចិត្ត	like
chulajitd	ch8l8j8td	ចូលចិត្ត	like
chulajidt	ch8l8j8dt	ចូលចិត្ត	like
chulajidd	ch8l8j8dd	ចូលចិត្ត	like
chulajett	ch8l8j8tt	ចូលចិត្ត	like
chulajetd	ch8l8j8td	ចូលចិត្ត	like
chulajedt	ch8l8j8dt	ចូលចិត្ត	like
chulajedd	ch8l8j8dd	ចូលចិត្ត	like
cholchitt	ch8lch8tt	ចូលចិត្ត	like
cholchitd	ch8lch8td	ចូលចិត្ត	like
cholchidt	ch8lch8dt	ចូលចិត្ត	like
cholchidd	ch8lch8dd	ចូលចិត្ត	like
cholchett	ch8lch8tt	ចូលចិត្ត	like
cholchetd	ch8lch8td	ចូលចិត្ត	like
cholchedt	ch8lch8dt	ចូលចិត្ត	like
cholchedd	ch8lch8dd	ចូលចិត្ត	like
choljitt	ch8lj8tt	ចូលចិត្ត	like
choljitd	ch8lj8td	ចូលចិត្ត	like
choljidt	ch8lj8dt	ចូលចិត្ត	like
choljidd	ch8lj8dd	ចូលចិត្ត	like
choljett	ch8lj8tt	ចូលចិត្ត	like
choljetd	ch8lj8td	ចូលចិត្ត	like
choljedt	ch8lj8dt	ចូលចិត្ត	like
choljedd	ch8lj8dd	ចូលចិត្ត	like
cholochitt	ch8l8ch8tt	ចូលចិត្ត	like
cholochitd	ch8l8ch8td	ចូលចិត្ត	like
cholochidt	ch8l8ch8dt	ចូលចិត្ត	like
cholochidd	ch8l8ch8dd	ចូលចិត្ត	like
cholochett	ch8l8ch8tt	ចូលចិត្ត	like
cholochetd	ch8l8ch8td	ចូលចិត្ត	like
cholochedt	ch8l8ch8dt	ចូលចិត្ត	like
cholochedd	ch8l8ch8dd	ចូលចិត្ត	like
cholchet	ch8lch8t	ចូលចិត្ត	like
choulchit	ch8lch8t	ចូលចិត្ត	like
cholchit	ch8lch8t	ចូលចិត្ត	like
kit	k8t	គិត	think
kid	k8d	គិត	think
ket	k8t	គិត	think
ked	k8d	គិត	think
git	g8t	គិត	think
gid	g8d	គិត	think
get	g8t	គិត	think
ged	g8d	គិត	think
kut	k8t	គិត	think
yl	8l	យល់	understand
yl'	8l'	យល់	understand
yol	8l	យល់	understand
yol'	8l'	យល់	understand
yal	8l	យល់	understand
yal'	8l'	យល់	understand
yul	8l	យល់	understand
phlech	phl8ch	ភ្លេច	forget
phlej	phl8j	ភ្លេច	forget
phleich	phl8ch	ភ្លេច	forget
phleij	phl8j	ភ្លេច	forget
bhlech	bhl8ch	ភ្លេច	forget
bhlej	bhl8j	ភ្លេច	forget
bhleich	bhl8ch	ភ្លេច	forget
bhleij	bhl8j	ភ្លេច	forget
plech	pl8ch	ភ្លេច	forget
chaam	ch8m	ចាំ	remember / wait
chaom	ch8m	ចាំ	remember / wait
chaum	ch8m	ចាំ	remember / wait
cheaam	ch8m	ចាំ	remember / wait
cheaom	ch8m	ចាំ	remember / wait
cheaum	ch8m	ចាំ	remember / wait
chaaam	ch8m	ចាំ	remember / wait
chaaom	ch8m	ចាំ	remember / wait
chaaum	ch8m	ចាំ	remember / wait
jaam	j8m	ចាំ	remember / wait
jaom	j8m	ចាំ	remember / wait
jaum	j8m	ចាំ	remember / wait
jeaam	j8m	ចាំ	remember / wait
jeaom	j8m	ចាំ	remember / wait
jeaum	j8m	ចាំ	remember / wait
jaaam	j8m	ចាំ	remember / wait
jaaom	j8m	ចាំ	remember / wait
jaaum	j8m	ចាំ	remember / wait
cham	ch8m	ចាំ	remember / wait
chuoy	ch8	ជួយ	help
chuay	ch8	ជួយ	help
chuy	ch8	ជួយ	help
juoy	j8	ជួយ	help
juay	j8	ជួយ	help
juy	j8	ជួយ	help
tinh	t8nh	ទិញ	buy
tiny	t8n8	ទិញ	buy
tenh	t8nh	ទិញ	buy
teny	t8n8	ទិញ	buy
dinh	d8nh	ទិញ	buy
diny	d8n8	ទិញ	buy
denh	d8nh	ទិញ	buy
deny	d8n8	ទិញ	buy
ddinh	dd8nh	ទិញ	buy
ddiny	dd8n8	ទិញ	buy
ddenh	dd8nh	ទិញ	buy
ddeny	dd8n8	ទិញ	buy
tign	t8gn	ទិញ	buy
lk	lk	លក់	sell
lk'	lk'	លក់	sell
lok	l8k	លក់	sell
lok'	l8k'	លក់	sell
lak	l8k	លក់	sell
lak'	l8k'	លក់	sell
luk	l8k	លក់	sell
aoy	8	ឱ្យ	give / let
oy	8	ឱ្យ	give / let
ory	8r8	ឱ្យ	give / let
yk	8k	យក	take
yok	8k	យក	take
yak	8k	យក	take
yuk	8k	យក	take
rk	rk	រក	look for
rok	r8k	រក	look for
rak	r8k	រក	look for
ban	b8n	បាន	get / can / [past]
bean	b8n	បាន	get / can / [past]
baan	b8n	បាន	get / can / [past]
pan	p8n	បាន	get / can / [past]
pean	p8n	បាន	get / can / [past]
paan	p8n	បាន	get / can / [past]
nov	n8v	នៅ	at / stay
nau	n8	នៅ	at / stay
now	n8w	នៅ	at / stay
nav	n8v	នៅ	at / stay
nou	n8	នៅ	at / stay
neuv	n8v	នៅ	at / stay
rsnov	rsn8v	រស់នៅ	live
rsnau	rsn8	រស់នៅ	live
rsnow	rsn8w	រស់នៅ	live
rsnav	rsn8v	រស់នៅ	live
rs'nov	rs'n8v	រស់នៅ	live
rs'nau	rs'n8	រស់នៅ	live
rs'now	rs'n8w	រស់នៅ	live
rs'nav	rs'n8v	រស់នៅ	live
rosnov	r8sn8v	រស់នៅ	live
rosnau	r8sn8	រស់នៅ	live
rosnow	r8sn8w	រស់នៅ	live
rosnav	r8sn8v	រស់នៅ	live
ros'nov	r8s'n8v	រស់នៅ	live
ros'nau	r8s'n8	រស់នៅ	live
ros'now	r8s'n8w	រស់នៅ	live
ros'nav	r8s'n8v	រស់នៅ	live
rasnov	r8sn8v	រស់នៅ	live
rasnau	r8sn8	រស់នៅ	live
rasnow	r8sn8w	រស់នៅ	live
rasnav	r8sn8v	រស់នៅ	live
ras'nov	r8s'n8v	រស់នៅ	live
ras'nau	r8s'n8	រស់នៅ	live
ras'now	r8s'n8w	រស់នៅ	live
ras'nav	r8s'n8v	រស់នៅ	live
ruosnov	r8sn8v	រស់នៅ	live
trlb	trlb	ត្រឡប់	return
trlb'	trlb'	ត្រឡប់	return
trlp	trlp	ត្រឡប់	return
trlp'	trlp'	ត្រឡប់	return
trlob	trl8b	ត្រឡប់	return
trlob'	trl8b'	ត្រឡប់	return
trlop	trl8p	ត្រឡប់	return
trlop'	trl8p'	ត្រឡប់	return
trlab	trl8b	ត្រឡប់	return
trlab'	trl8b'	ត្រឡប់	return
trlap	trl8p	ត្រឡប់	return
trlap'	trl8p'	ត្រឡប់	return
trolb	tr8lb	ត្រឡប់	return
trolb'	tr8lb'	ត្រឡប់	return
trolp	tr8lp	ត្រឡប់	return
trolp'	tr8lp'	ត្រឡប់	return
trolob	tr8l8b	ត្រឡប់	return
trolob'	tr8l8b'	ត្រឡប់	return
trolop	tr8l8p	ត្រឡប់	return
trolop'	tr8l8p'	ត្រឡប់	return
trolab	tr8l8b	ត្រឡប់	return
trolab'	tr8l8b'	ត្រឡប់	return
trolap	tr8l8p	ត្រឡប់	return
trolap'	tr8l8p'	ត្រឡប់	return
tralb	tr8lb	ត្រឡប់	return
tralb'	tr8lb'	ត្រឡប់	return
tralp	tr8lp	ត្រឡប់	return
tralp'	tr8lp'	ត្រឡប់	return
tralob	tr8l8b	ត្រឡប់	return
tralob'	tr8l8b'	ត្រឡប់	return
tralop	tr8l8p	ត្រឡប់	return
tralop'	tr8l8p'	ត្រឡប់	return
tralab	tr8l8b	ត្រឡប់	return
tralab'	tr8l8b'	ត្រឡប់	return
tralap	tr8l8p	ត្រឡប់	return
tralap'	tr8l8p'	ត្រឡប់	return
drlb	drlb	ត្រឡប់	return
drlb'	drlb'	ត្រឡប់	return
drlp	drlp	ត្រឡប់	return
drlp'	drlp'	ត្រឡប់	return
drlob	drl8b	ត្រឡប់	return
drlob'	drl8b'	ត្រឡប់	return
drlop	drl8p	ត្រឡប់	return
drlop'	drl8p'	ត្រឡប់	return
drlab	drl8b	ត្រឡប់	return
drlab'	drl8b'	ត្រឡប់	return
drlap	drl8p	ត្រឡប់	return
drlap'	drl8p'	ត្រឡប់	return
drolb	dr8lb	ត្រឡប់	return
drolb'	dr8lb'	ត្រឡប់	return
drolp	dr8lp	ត្រឡប់	return
drolp'	dr8lp'	ត្រឡប់	return
drolob	dr8l8b	ត្រឡប់	return
drolob'	dr8l8b'	ត្រឡប់	return
drolop	dr8l8p	ត្រឡប់	return
drolop'	dr8l8p'	ត្រឡប់	return
drolab	dr8l8b	ត្រឡប់	return
drolab'	dr8l8b'	ត្រឡប់	return
drolap	dr8l8p	ត្រឡប់	return
drolap'	dr8l8p'	ត្រឡប់	return
dralb	dr8lb	ត្រឡប់	return
dralb'	dr8lb'	ត្រឡប់	return
dralp	dr8lp	ត្រឡប់	return
dralp'	dr8lp'	ត្រឡប់	return
dralob	dr8l8b	ត្រឡប់	return
dralob'	dr8l8b'	ត្រឡប់	return
dralop	dr8l8p	ត្រឡប់	return
dralop'	dr8l8p'	ត្រឡប់	return
dralab	dr8l8b	ត្រឡប់	return
dralab'	dr8l8b'	ត្រឡប់	return
dralap	dr8l8p	ត្រឡប់	return
dralap'	dr8l8p'	ត្រឡប់	return
chabphtaem	ch8bpht8m	ចាប់ផ្តើម	start
chabphterm	ch8bpht8rm	ចាប់ផ្តើម	start
chabphteum	ch8bpht8m	ចាប់ផ្តើម	start
chabphtaeum	ch8bpht8m	ចាប់ផ្តើម	start
chabphdaem	ch8bphd8m	ចាប់ផ្តើម	start
chabphderm	ch8bphd8rm	ចាប់ផ្តើម	start
chabphdeum	ch8bphd8m	ចាប់ផ្តើម	start
chabphdaeum	ch8bphd8m	ចាប់ផ្តើម	start
chab'phtaem	ch8b'pht8m	ចាប់ផ្តើម	start
chab'phterm	ch8b'pht8rm	ចាប់ផ្តើម	start
chab'phteum	ch8b'pht8m	ចាប់ផ្តើម	start
chab'phtaeum	ch8b'pht8m	ចាប់ផ្តើម	start
chab'phdaem	ch8b'phd8m	ចាប់ផ្តើម	start
chab'phderm	ch8b'phd8rm	ចាប់ផ្តើម	start
chab'phdeum	ch8b'phd8m	ចាប់ផ្តើម	start
chab'phdaeum	ch8b'phd8m	ចាប់ផ្តើម	start
chapphtaem	ch8ppht8m	ចាប់ផ្តើម	start
chapphterm	ch8ppht8rm	ចាប់ផ្តើម	start
chapphteum	ch8ppht8m	ចាប់ផ្តើម	start
chapphtaeum	ch8ppht8m	ចាប់ផ្តើម	start
chapphdaem	ch8pphd8m	ចាប់ផ្តើម	start
chapphderm	ch8pphd8rm	ចាប់ផ្តើម	start
chapphdeum	ch8pphd8m	ចាប់ផ្តើម	start
chapphdaeum	ch8pphd8m	ចាប់ផ្តើម	start
chap'phtaem	ch8p'pht8m	ចាប់ផ្តើម	start
chap'phterm	ch8p'pht8rm	ចាប់ផ្តើម	start
chap'phteum	ch8p'pht8m	ចាប់ផ្តើម	start
chap'phtaeum	ch8p'pht8m	ចាប់ផ្តើម	start
chap'phdaem	ch8p'phd8m	ចាប់ផ្តើម	start
chap'phderm	ch8p'phd8rm	ចាប់ផ្តើម	start
chap'phdeum	ch8p'phd8m	ចាប់ផ្តើម	start
chap'phdaeum	ch8p'phd8m	ចាប់ផ្តើម	start
cheabphtaem	ch8bpht8m	ចាប់ផ្តើម	start
cheabphterm	ch8bpht8rm	ចាប់ផ្តើម	start
cheabphteum	ch8bpht8m	ចាប់ផ្តើម	start
cheabphtaeum	ch8bpht8m	ចាប់ផ្តើម	start
cheabphdaem	ch8bphd8m	ចាប់ផ្តើម	start
cheabphderm	ch8bphd8rm	ចាប់ផ្តើម	start
cheabphdeum	ch8bphd8m	ចាប់ផ្តើម	start
cheabphdaeum	ch8bphd8m	ចាប់ផ្តើម	start
cheab'phtaem	ch8b'pht8m	ចាប់ផ្តើម	start
cheab'phterm	ch8b'pht8rm	ចាប់ផ្តើម	start
cheab'phteum	ch8b'pht8m	ចាប់ផ្តើម	start
cheab'phtaeum	ch8b'pht8m	ចាប់ផ្តើម	start
cheab'phdaem	ch8b'phd8m	ចាប់ផ្តើម	start
cheab'phderm	ch8b'phd8rm	ចាប់ផ្តើម	start
cheab'phdeum	ch8b'phd8m	ចាប់ផ្តើម	start
cheab'phdaeum	ch8b'phd8m	ចាប់ផ្តើម	start
cheapphtaem	ch8ppht8m	ចាប់ផ្តើម	start
cheapphterm	ch8ppht8rm	ចាប់ផ្តើម	start
cheapphteum	ch8ppht8m	ចាប់ផ្តើម	start
cheapphtaeum	ch8ppht8m	ចាប់ផ្តើម	start
cheapphdaem	ch8pphd8m	ចាប់ផ្តើម	start
cheapphderm	ch8pphd8rm	ចាប់ផ្តើម	start
cheapphdeum	ch8pphd8m	ចាប់ផ្តើម	start
cheapphdaeum	ch8pphd8m	ចាប់ផ្តើម	start
cheap'phtaem	ch8p'pht8m	ចាប់ផ្តើម	start
cheap'phterm	ch8p'pht8rm	ចាប់ផ្តើម	start
cheap'phteum	ch8p'pht8m	ចាប់ផ្តើម	start
cheap'phtaeum	ch8p'pht8m	ចាប់ផ្តើម	start
cheap'phdaem	ch8p'phd8m	ចាប់ផ្តើម	start
cheap'phderm	ch8p'phd8rm	ចាប់ផ្តើម	start
cheap'phdeum	ch8p'phd8m	ចាប់ផ្តើម	start
cheap'phdaeum	ch8p'phd8m	ចាប់ផ្តើម	start
chaabphtaem	ch8bpht8m	ចាប់ផ្តើម	start
chaabphterm	ch8bpht8rm	ចាប់ផ្តើម	start
chaabphteum	ch8bpht8m	ចាប់ផ្តើម	start
chaabphtaeum	ch8bpht8m	ចាប់ផ្តើម	start
chaabphdaem	ch8bphd8m	ចាប់ផ្តើម	start
chaabphderm	ch8bphd8rm	ចាប់ផ្តើម	start
chaabphdeum	ch8bphd8m	ចាប់ផ្តើម	start
chaabphdaeum	ch8bphd8m	ចាប់ផ្តើម	start
chaab'phtaem	ch8b'pht8m	ចាប់ផ្តើម	start
chaab'phterm	ch8b'pht8rm	ចាប់ផ្តើម	start
chaab'phteum	ch8b'pht8m	ចាប់ផ្តើម	start
chaab'phtaeum	ch8b'pht8m	ចាប់ផ្តើម	start
chaab'phdaem	ch8b'phd8m	ចាប់ផ្តើម	start
chaab'phderm	ch8b'phd8rm	ចាប់ផ្តើម	start
chaab'phdeum	ch8b'phd8m	ចាប់ផ្តើម	start
chaab'phdaeum	ch8b'phd8m	ចាប់ផ្តើម	start
chaapphtaem	ch8ppht8m	ចាប់ផ្តើម	start
chaapphterm	ch8ppht8rm	ចាប់ផ្តើម	start
chaapphteum	ch8ppht8m	ចាប់ផ្តើម	start
chaapphtaeum	ch8ppht8m	ចាប់ផ្តើម	start
chaapphdaem	ch8pphd8m	ចាប់ផ្តើម	start
chaapphderm	ch8pphd8rm	ចាប់ផ្តើម	start
chaapphdeum	ch8pphd8m	ចាប់ផ្តើម	start
chaapphdaeum	ch8pphd8m	ចាប់ផ្តើម	start
chaap'phtaem	ch8p'pht8m	ចាប់ផ្តើម	start
chaap'phterm	ch8p'pht8rm	ចាប់ផ្តើម	start
chaap'phteum	ch8p'pht8m	ចាប់ផ្តើម	start
chaap'phtaeum	ch8p'pht8m	ចាប់ផ្តើម	start
chaap'phdaem	ch8p'phd8m	ចាប់ផ្តើម	start
chaap'phderm	ch8p'phd8rm	ចាប់ផ្តើម	start
chaap'phdeum	ch8p'phd8m	ចាប់ផ្តើម	start
chaap'phdaeum	ch8p'phd8m	ចាប់ផ្តើម	start
jabphtaem	j8bpht8m	ចាប់ផ្តើម	start
jabphterm	j8bpht8rm	ចាប់ផ្តើម	start
jabphteum	j8bpht8m	ចាប់ផ្តើម	start
jabphtaeum	j8bpht8m	ចាប់ផ្តើម	start
jabphdaem	j8bphd8m	ចាប់ផ្តើម	start
jabphderm	j8bphd8rm	ចាប់ផ្តើម	start
jabphdeum	j8bphd8m	ចាប់ផ្តើម	start
jabphdaeum	j8bphd8m	ចាប់ផ្តើម	start
jab'phtaem	j8b'pht8m	ចាប់ផ្តើម	start
jab'phterm	j8b'pht8rm	ចាប់ផ្តើម	start
jab'phteum	j8b'pht8m	ចាប់ផ្តើម	start
jab'phtaeum	j8b'pht8m	ចាប់ផ្តើម	start
jab'phdaem	j8b'phd8m	ចាប់ផ្តើម	start
jab'phderm	j8b'phd8rm	ចាប់ផ្តើម	start
jab'phdeum	j8b'phd8m	ចាប់ផ្តើម	start
jab'phdaeum	j8b'phd8m	ចាប់ផ្តើម	start
japphtaem	j8ppht8m	ចាប់ផ្តើម	start
japphterm	j8ppht8rm	ចាប់ផ្តើម	start
japphteum	j8ppht8m	ចាប់ផ្តើម	start
japphtaeum	j8ppht8m	ចាប់ផ្តើម	start
japphdaem	j8pphd8m	ចាប់ផ្តើម	start
japphderm	j8pphd8rm	ចាប់ផ្តើម	start
japphdeum	j8pphd8m	ចាប់ផ្តើម	start
japphdaeum	j8pphd8m	ចាប់ផ្តើម	start
chapdaem	ch8pd8m	ចាប់ផ្តើម	start
chabpdaem	ch8bpd8m	ចាប់ផ្តើម	start
bnhchb	bnhchb	បញ្ចប់	finish
bnhchb'	bnhchb'	បញ្ចប់	finish
bnhchp	bnhchp	បញ្ចប់	finish
bnhchp'	bnhchp'	បញ្ចប់	finish
bnhchob	bnhch8b	បញ្ចប់	finish
bnhchob'	bnhch8b'	បញ្ចប់	finish
bnhchop	bnhch8p	បញ្ចប់	finish
bnhchop'	bnhch8p'	បញ្ចប់	finish
bnhchab	bnhch8b	បញ្ចប់	finish
bnhchab'	bnhch8b'	បញ្ចប់	finish
bnhchap	bnhch8p	បញ្ចប់	finish
bnhchap'	bnhch8p'	បញ្ចប់	finish
bnhjb	bnhjb	បញ្ចប់	finish
bnhjb'	bnhjb'	បញ្ចប់	finish
bnhjp	bnhjp	បញ្ចប់	finish
bnhjp'	bnhjp'	បញ្ចប់	finish
bnhjob	bnhj8b	បញ្ចប់	finish
bnhjob'	bnhj8b'	បញ្ចប់	finish
bnhjop	bnhj8p	បញ្ចប់	finish
bnhjop'	bnhj8p'	បញ្ចប់	finish
bnhjab	bnhj8b	បញ្ចប់	finish
bnhjab'	bnhj8b'	បញ្ចប់	finish
bnhjap	bnhj8p	បញ្ចប់	finish
bnhjap'	bnhj8p'	បញ្ចប់	finish
bnychb	bn8chb	បញ្ចប់	finish
bnychb'	bn8chb'	បញ្ចប់	finish
bnychp	bn8chp	បញ្ចប់	finish
bnychp'	bn8chp'	បញ្ចប់	finish
bnychob	bn8ch8b	បញ្ចប់	finish
bnychob'	bn8ch8b'	បញ្ចប់	finish
bnychop	bn8ch8p	បញ្ចប់	finish
bnychop'	bn8ch8p'	បញ្ចប់	finish
bnychab	bn8ch8b	បញ្ចប់	finish
bnychab'	bn8ch8b'	បញ្ចប់	finish
bnychap	bn8ch8p	បញ្ចប់	finish
bnychap'	bn8ch8p'	បញ្ចប់	finish
bnyjb	bn8jb	បញ្ចប់	finish
bnyjb'	bn8jb'	បញ្ចប់	finish
bnyjp	bn8jp	បញ្ចប់	finish
bnyjp'	bn8jp'	បញ្ចប់	finish
bnyjob	bn8j8b	បញ្ចប់	finish
bnyjob'	bn8j8b'	បញ្ចប់	finish
bnyjop	bn8j8p	បញ្ចប់	finish
bnyjop'	bn8j8p'	បញ្ចប់	finish
bnyjab	bn8j8b	បញ្ចប់	finish
bnyjab'	bn8j8b'	បញ្ចប់	finish
bnyjap	bn8j8p	បញ្ចប់	finish
bnyjap'	bn8j8p'	បញ្ចប់	finish
bonhchb	b8nhchb	បញ្ចប់	finish
bonhchb'	b8nhchb'	បញ្ចប់	finish
bonhchp	b8nhchp	បញ្ចប់	finish
bonhchp'	b8nhchp'	បញ្ចប់	finish
bonhchob	b8nhch8b	បញ្ចប់	finish
bonhchob'	b8nhch8b'	បញ្ចប់	finish
bonhchop	b8nhch8p	បញ្ចប់	finish
bonhchop'	b8nhch8p'	បញ្ចប់	finish
bonhchab	b8nhch8b	បញ្ចប់	finish
bonhchab'	b8nhch8b'	បញ្ចប់	finish
bonhchap	b8nhch8p	បញ្ចប់	finish
bonhchap'	b8nhch8p'	បញ្ចប់	finish
bonhjb	b8nhjb	បញ្ចប់	finish
bonhjb'	b8nhjb'	បញ្ចប់	finish
bonhjp	b8nhjp	បញ្ចប់	finish
bonhjp'	b8nhjp'	បញ្ចប់	finish
bonhjob	b8nhj8b	បញ្ចប់	finish
bonhjob'	b8nhj8b'	បញ្ចប់	finish
bonhjop	b8nhj8p	បញ្ចប់	finish
bonhjop'	b8nhj8p'	បញ្ចប់	finish
bonhjab	b8nhj8b	បញ្ចប់	finish
bonhjab'	b8nhj8b'	បញ្ចប់	finish
bonhjap	b8nhj8p	បញ្ចប់	finish
bonhjap'	b8nhj8p'	បញ្ចប់	finish
bonychb	b8n8chb	បញ្ចប់	finish
bonychb'	b8n8chb'	បញ្ចប់	finish
bonychp	b8n8chp	បញ្ចប់	finish
bonychp'	b8n8chp'	បញ្ចប់	finish
bonychob	b8n8ch8b	បញ្ចប់	finish
bonychob'	b8n8ch8b'	បញ្ចប់	finish
bonychop	b8n8ch8p	បញ្ចប់	finish
bonychop'	b8n8ch8p'	បញ្ចប់	finish
bonychab	b8n8ch8b	បញ្ចប់	finish
bonychab'	b8n8ch8b'	បញ្ចប់	finish
bonychap	b8n8ch8p	បញ្ចប់	finish
bonychap'	b8n8ch8p'	បញ្ចប់	finish
bonyjb	b8n8jb	បញ្ចប់	finish
bonyjb'	b8n8jb'	បញ្ចប់	finish
bonyjp	b8n8jp	បញ្ចប់	finish
bonyjp'	b8n8jp'	បញ្ចប់	finish
bonyjob	b8n8j8b	បញ្ចប់	finish
bonyjob'	b8n8j8b'	បញ្ចប់	finish
bonyjop	b8n8j8p	បញ្ចប់	finish
bonyjop'	b8n8j8p'	បញ្ចប់	finish
bonyjab	b8n8j8b	បញ្ចប់	finish
bonyjab'	b8n8j8b'	បញ្ចប់	finish
bonyjap	b8n8j8p	បញ្ចប់	finish
bonyjap'	b8n8j8p'	បញ្ចប់	finish
banhchb	b8nhchb	បញ្ចប់	finish
banhchb'	b8nhchb'	បញ្ចប់	finish
banhchp	b8nhchp	បញ្ចប់	finish
banhchp'	b8nhchp'	បញ្ចប់	finish
banhchob	b8nhch8b	បញ្ចប់	finish
banhchob'	b8nhch8b'	បញ្ចប់	finish
banhchop	b8nhch8p	បញ្ចប់	finish
banhchop'	b8nhch8p'	បញ្ចប់	finish
banhchab	b8nhch8b	បញ្ចប់	finish
banhchab'	b8nhch8b'	បញ្ចប់	finish
banhchap	b8nhch8p	បញ្ចប់	finish
banhchap'	b8nhch8p'	បញ្ចប់	finish
banhjb	b8nhjb	បញ្ចប់	finish
banhjb'	b8nhjb'	បញ្ចប់	finish
banhjp	b8nhjp	បញ្ចប់	finish
banhjp'	b8nhjp'	បញ្ចប់	finish
banhjob	b8nhj8b	បញ្ចប់	finish
banhjob'	b8nhj8b'	បញ្ចប់	finish
banhjop	b8nhj8p	បញ្ចប់	finish
banhjop'	b8nhj8p'	បញ្ចប់	finish
banhjab	b8nhj8b	បញ្ចប់	finish
banhjab'	b8nhj8b'	បញ្ចប់	finish
banhjap	b8nhj8p	បញ្ចប់	finish
banhjap'	b8nhj8p'	បញ្ចប់	finish
baek	b8k	បើក	open / turn on
berk	b8rk	បើក	open / turn on
beuk	b8k	បើក	open / turn on
baeuk	b8k	បើក	open / turn on
paek	p8k	បើក	open / turn on
perk	p8rk	បើក	open / turn on
peuk	p8k	បើក	open / turn on
paeuk	p8k	បើក	open / turn on
bit	b8t	បិទ	close / turn off
bid	b8d	បិទ	close / turn off
bidd	b8dd	បិទ	close / turn off
bet	b8t	បិទ	close / turn off
bed	b8d	បិទ	close / turn off
bedd	b8dd	បិទ	close / turn off
pit	p8t	បិទ	close / turn off
pid	p8d	បិទ	close / turn off
pidd	p8dd	បិទ	close / turn off
pet	p8t	បិទ	close / turn off
ped	p8d	បិទ	close / turn off
pedd	p8dd	បិទ	close / turn off
choul	ch8l	ចូល	enter
chul	ch8l	ចូល	enter
chol	ch8l	ចូល	enter
chuul	ch8l	ចូល	enter
joul	j8l	ចូល	enter
jul	j8l	ចូល	enter
jol	j8l	ចូល	enter
juul	j8l	ចូល	enter
chenh	ch8nh	ចេញ	exit, leave
cheny	ch8n8	ចេញ	exit, leave
cheinh	ch8nh	ចេញ	exit, leave
cheiny	ch8n8	ចេញ	exit, leave
jenh	j8nh	ចេញ	exit, leave
jeny	j8n8	ចេញ	exit, leave
jeinh	j8nh	ចេញ	exit, leave
jeiny	j8n8	ចេញ	exit, leave
cheng	ch8ng	ចេញ	exit, leave
laeng	l8ng	ឡើង	go up
lerng	l8rng	ឡើង	go up
leung	l8ng	ឡើង	go up
laeung	l8ng	ឡើង	go up
laerng	l8rng	ឡើង	go up
chuah	ch8h	ចុះ	go down
chua	ch8	ចុះ	go down
chuh	ch8h	ចុះ	go down
choah	ch8h	ចុះ	go down
choa	ch8	ចុះ	go down
choh	ch8h	ចុះ	go down
juah	j8h	ចុះ	go down
jua	j8	ចុះ	go down
juh	j8h	ចុះ	go down
joah	j8h	ចុះ	go down
joa	j8	ចុះ	go down
joh	j8h	ចុះ	go down
aan	8n	អាន	read
aean	8n	អាន	read
aaan	8n	អាន	read
oan	8n	អាន	read
oean	8n	អាន	read
oaan	8n	អាន	read
qan	q8n	អាន	read
qean	q8n	អាន	read
qaan	q8n	អាន	read
an	8n	អាន	read
ean	8n	អាន	read
srser	srs8r	សរសេរ	write
srseir	srs8r	សរសេរ	write
sroser	sr8s8r	សរសេរ	write
sroseir	sr8s8r	សរសេរ	write
sraser	sr8s8r	សរសេរ	write
sraseir	sr8s8r	សរសេរ	write
sorser	s8rs8r	សរសេរ	write
sorseir	s8rs8r	សរសេរ	write
soroser	s8r8s8r	សរសេរ	write
soroseir	s8r8s8r	សរសេរ	write
soraser	s8r8s8r	សរសេរ	write
soraseir	s8r8s8r	សរសេរ	write
sarser	s8rs8r	សរសេរ	write
sarseir	s8rs8r	សរសេរ	write
saroser	s8r8s8r	សរសេរ	write
saroseir	s8r8s8r	សរសេរ	write
saraser	s8r8s8r	សរសេរ	write
saraseir	s8r8s8r	សរសេរ	write
sorse	s8rs8	សរសេរ	write
sarse	s8rs8	សរសេរ	write
hov	h8v	ហៅ	call
hau	h8	ហៅ	call
how	h8w	ហៅ	call
hav	h8v	ហៅ	call
haw	h8w	ហៅ	call
rngchaam	rngch8m	រង់ចាំ	wait
rngchaom	rngch8m	រង់ចាំ	wait
rngchaum	rngch8m	រង់ចាំ	wait
rngcheaam	rngch8m	រង់ចាំ	wait
rngcheaom	rngch8m	រង់ចាំ	wait
rngcheaum	rngch8m	រង់ចាំ	wait
rngchaaam	rngch8m	រង់ចាំ	wait
rngchaaom	rngch8m	រង់ចាំ	wait
rngchaaum	rngch8m	រង់ចាំ	wait
rngjaam	rngj8m	រង់ចាំ	wait
rngjaom	rngj8m	រង់ចាំ	wait
rngjaum	rngj8m	រង់ចាំ	wait
rngjeaam	rngj8m	រង់ចាំ	wait
rngjeaom	rngj8m	រង់ចាំ	wait
rngjeaum	rngj8m	រង់ចាំ	wait
rngjaaam	rngj8m	រង់ចាំ	wait
rngjaaom	rngj8m	រង់ចាំ	wait
rngjaaum	rngj8m	រង់ចាំ	wait
rng'chaam	rng'ch8m	រង់ចាំ	wait
rng'chaom	rng'ch8m	រង់ចាំ	wait
rng'chaum	rng'ch8m	រង់ចាំ	wait
rng'cheaam	rng'ch8m	រង់ចាំ	wait
rng'cheaom	rng'ch8m	រង់ចាំ	wait
rng'cheaum	rng'ch8m	រង់ចាំ	wait
rng'chaaam	rng'ch8m	រង់ចាំ	wait
rng'chaaom	rng'ch8m	រង់ចាំ	wait
rng'chaaum	rng'ch8m	រង់ចាំ	wait
rng'jaam	rng'j8m	រង់ចាំ	wait
rng'jaom	rng'j8m	រង់ចាំ	wait
rng'jaum	rng'j8m	រង់ចាំ	wait
rng'jeaam	rng'j8m	រង់ចាំ	wait
rng'jeaom	rng'j8m	រង់ចាំ	wait
rng'jeaum	rng'j8m	រង់ចាំ	wait
rng'jaaam	rng'j8m	រង់ចាំ	wait
rng'jaaom	rng'j8m	រង់ចាំ	wait
rng'jaaum	rng'j8m	រង់ចាំ	wait
rongchaam	r8ngch8m	រង់ចាំ	wait
rongchaom	r8ngch8m	រង់ចាំ	wait
rongchaum	r8ngch8m	រង់ចាំ	wait
rongcheaam	r8ngch8m	រង់ចាំ	wait
rongcheaom	r8ngch8m	រង់ចាំ	wait
rongcheaum	r8ngch8m	រង់ចាំ	wait
rongchaaam	r8ngch8m	រង់ចាំ	wait
rongchaaom	r8ngch8m	រង់ចាំ	wait
rongchaaum	r8ngch8m	រង់ចាំ	wait
rongjaam	r8ngj8m	រង់ចាំ	wait
rongjaom	r8ngj8m	រង់ចាំ	wait
rongjaum	r8ngj8m	រង់ចាំ	wait
rongjeaam	r8ngj8m	រង់ចាំ	wait
rongjeaom	r8ngj8m	រង់ចាំ	wait
rongjeaum	r8ngj8m	រង់ចាំ	wait
rongjaaam	r8ngj8m	រង់ចាំ	wait
rongjaaom	r8ngj8m	រង់ចាំ	wait
rongjaaum	r8ngj8m	រង់ចាំ	wait
rong'chaam	r8ng'ch8m	រង់ចាំ	wait
rong'chaom	r8ng'ch8m	រង់ចាំ	wait
rong'chaum	r8ng'ch8m	រង់ចាំ	wait
rong'cheaam	r8ng'ch8m	រង់ចាំ	wait
rong'cheaom	r8ng'ch8m	រង់ចាំ	wait
rong'cheaum	r8ng'ch8m	រង់ចាំ	wait
rong'chaaam	r8ng'ch8m	រង់ចាំ	wait
rong'chaaom	r8ng'ch8m	រង់ចាំ	wait
rong'chaaum	r8ng'ch8m	រង់ចាំ	wait
rong'jaam	r8ng'j8m	រង់ចាំ	wait
rong'jaom	r8ng'j8m	រង់ចាំ	wait
rong'jaum	r8ng'j8m	រង់ចាំ	wait
rong'jeaam	r8ng'j8m	រង់ចាំ	wait
rong'jeaom	r8ng'j8m	រង់ចាំ	wait
rong'jeaum	r8ng'j8m	រង់ចាំ	wait
rong'jaaam	r8ng'j8m	រង់ចាំ	wait
rong'jaaom	r8ng'j8m	រង់ចាំ	wait
rong'jaaum	r8ng'j8m	រង់ចាំ	wait
rangchaam	r8ngch8m	រង់ចាំ	wait
rangchaom	r8ngch8m	រង់ចាំ	wait
rangchaum	r8ngch8m	រង់ចាំ	wait
rangcheaam	r8ngch8m	រង់ចាំ	wait
rangcheaom	r8ngch8m	រង់ចាំ	wait
rangcheaum	r8ngch8m	រង់ចាំ	wait
rangchaaam	r8ngch8m	រង់ចាំ	wait
rangchaaom	r8ngch8m	រង់ចាំ	wait
rangchaaum	r8ngch8m	រង់ចាំ	wait
rangjaam	r8ngj8m	រង់ចាំ	wait
rangjaom	r8ngj8m	រង់ចាំ	wait
rangjaum	r8ngj8m	រង់ចាំ	wait
rangjeaam	r8ngj8m	រង់ចាំ	wait
rangjeaom	r8ngj8m	រង់ចាំ	wait
rangjeaum	r8ngj8m	រង់ចាំ	wait
rangjaaam	r8ngj8m	រង់ចាំ	wait
rangjaaom	r8ngj8m	រង់ចាំ	wait
rangjaaum	r8ngj8m	រង់ចាំ	wait
rang'chaam	r8ng'ch8m	រង់ចាំ	wait
rang'chaom	r8ng'ch8m	រង់ចាំ	wait
rang'chaum	r8ng'ch8m	រង់ចាំ	wait
rang'cheaam	r8ng'ch8m	រង់ចាំ	wait
rang'cheaom	r8ng'ch8m	រង់ចាំ	wait
rang'cheaum	r8ng'ch8m	រង់ចាំ	wait
rang'chaaam	r8ng'ch8m	រង់ចាំ	wait
rang'chaaom	r8ng'ch8m	រង់ចាំ	wait
rang'chaaum	r8ng'ch8m	រង់ចាំ	wait
rang'jaam	r8ng'j8m	រង់ចាំ	wait
rang'jaom	r8ng'j8m	រង់ចាំ	wait
rang'jaum	r8ng'j8m	រង់ចាំ	wait
rang'jeaam	r8ng'j8m	រង់ចាំ	wait
rang'jeaom	r8ng'j8m	រង់ចាំ	wait
rang'jeaum	r8ng'j8m	រង់ចាំ	wait
rang'jaaam	r8ng'j8m	រង់ចាំ	wait
rang'jaaom	r8ng'j8m	រង់ចាំ	wait
rang'jaaum	r8ng'j8m	រង់ចាំ	wait
rongcham	r8ngch8m	រង់ចាំ	wait
rangcham	r8ngch8m	រង់ចាំ	wait
svaengrk	sv8ngrk	ស្វែងរក	search
svaengrok	sv8ngr8k	ស្វែងរក	search
svaengrak	sv8ngr8k	ស្វែងរក	search
svaengork	sv8ng8rk	ស្វែងរក	search
svaengorok	sv8ng8r8k	ស្វែងរក	search
svaengorak	sv8ng8r8k	ស្វែងរក	search
svaengark	sv8ng8rk	ស្វែងរក	search
svaengarok	sv8ng8r8k	ស្វែងរក	search
svaengarak	sv8ng8r8k	ស្វែងរក	search
svengrk	sv8ngrk	ស្វែងរក	search
svengrok	sv8ngr8k	ស្វែងរក	search
svengrak	sv8ngr8k	ស្វែងរក	search
svengork	sv8ng8rk	ស្វែងរក	search
svengorok	sv8ng8r8k	ស្វែងរក	search
svengorak	sv8ng8r8k	ស្វែងរក	search
svengark	sv8ng8rk	ស្វែងរក	search
svengarok	sv8ng8r8k	ស្វែងរក	search
svengarak	sv8ng8r8k	ស្វែងរក	search
sveangrk	sv8ngrk	ស្វែងរក	search
sveangrok	sv8ngr8k	ស្វែងរក	search
sveangrak	sv8ngr8k	ស្វែងរក	search
sveangork	sv8ng8rk	ស្វែងរក	search
sveangorok	sv8ng8r8k	ស្វែងរក	search
sveangorak	sv8ng8r8k	ស្វែងរក	search
sveangark	sv8ng8rk	ស្វែងរក	search
sveangarok	sv8ng8r8k	ស្វែងរក	search
sveangarak	sv8ng8r8k	ស្វែងរក	search
swaengrk	sw8ngrk	ស្វែងរក	search
swaengrok	sw8ngr8k	ស្វែងរក	search
swaengrak	sw8ngr8k	ស្វែងរក	search
swaengork	sw8ng8rk	ស្វែងរក	search
swaengorok	sw8ng8r8k	ស្វែងរក	search
swaengorak	sw8ng8r8k	ស្វែងរក	search
swaengark	sw8ng8rk	ស្វែងរក	search
swaengarok	sw8ng8r8k	ស្វែងរក	search
swaengarak	sw8ng8r8k	ស្វែងរក	search
swengrk	sw8ngrk	ស្វែងរក	search
swengrok	sw8ngr8k	ស្វែងរក	search
swengrak	sw8ngr8k	ស្វែងរក	search
swengork	sw8ng8rk	ស្វែងរក	search
swengorok	sw8ng8r8k	ស្វែងរក	search
swengorak	sw8ng8r8k	ស្វែងរក	search
swengark	sw8ng8rk	ស្វែងរក	search
swengarok	sw8ng8r8k	ស្វែងរក	search
swengarak	sw8ng8r8k	ស្វែងរក	search
sweangrk	sw8ngrk	ស្វែងរក	search
sweangrok	sw8ngr8k	ស្វែងរក	search
sweangrak	sw8ngr8k	ស្វែងរក	search
sweangork	sw8ng8rk	ស្វែងរក	search
sweangorok	sw8ng8r8k	ស្វែងរក	search
sweangorak	sw8ng8r8k	ស្វែងរក	search
sweangark	sw8ng8rk	ស្វែងរក	search
sweangarok	sw8ng8r8k	ស្វែងរក	search
sweangarak	sw8ng8r8k	ស្វែងរក	search
brae	br8	ប្រើ	use
brer	br8r	ប្រើ	use
breu	br8	ប្រើ	use
braeu	br8	ប្រើ	use
prae	pr8	ប្រើ	use
prer	pr8r	ប្រើ	use
preu	pr8	ប្រើ	use
praeu	pr8	ប្រើ	use
trouvkar	tr8vk8r	ត្រូវការ	need
trouvkear	tr8vk8r	ត្រូវការ	need
trouvkaar	tr8vk8r	ត្រូវការ	need
trouvokar	tr8v8k8r	ត្រូវការ	need
trouvokear	tr8v8k8r	ត្រូវការ	need
trouvokaar	tr8v8k8r	ត្រូវការ	need
trouvakar	tr8v8k8r	ត្រូវការ	need
trouvakear	tr8v8k8r	ត្រូវការ	need
trouvakaar	tr8v8k8r	ត្រូវការ	need
trouwkar	tr8wk8r	ត្រូវការ	need
trouwkear	tr8wk8r	ត្រូវការ	need
trouwkaar	tr8wk8r	ត្រូវការ	need
trouwokar	tr8w8k8r	ត្រូវការ	need
trouwokear	tr8w8k8r	ត្រូវការ	need
trouwokaar	tr8w8k8r	ត្រូវការ	need
trouwakar	tr8w8k8r	ត្រូវការ	need
trouwakear	tr8w8k8r	ត្រូវការ	need
trouwakaar	tr8w8k8r	ត្រូវការ	need
truvkar	tr8vk8r	ត្រូវការ	need
truvkear	tr8vk8r	ត្រូវការ	need
truvkaar	tr8vk8r	ត្រូវការ	need
truvokar	tr8v8k8r	ត្រូវការ	need
truvokear	tr8v8k8r	ត្រូវការ	need
truvokaar	tr8v8k8r	ត្រូវការ	need
truvakar	tr8v8k8r	ត្រូវការ	need
truvakear	tr8v8k8r	ត្រូវការ	need
truvakaar	tr8v8k8r	ត្រូវការ	need
truwkar	tr8wk8r	ត្រូវការ	need
truwkear	tr8wk8r	ត្រូវការ	need
truwkaar	tr8wk8r	ត្រូវការ	need
truwokar	tr8w8k8r	ត្រូវការ	need
truwokear	tr8w8k8r	ត្រូវការ	need
truwokaar	tr8w8k8r	ត្រូវការ	need
truwakar	tr8w8k8r	ត្រូវការ	need
truwakear	tr8w8k8r	ត្រូវការ	need
truwakaar	tr8w8k8r	ត្រូវការ	need
trovkar	tr8vk8r	ត្រូវការ	need
trovkear	tr8vk8r	ត្រូវការ	need
trovkaar	tr8vk8r	ត្រូវការ	need
trovokar	tr8v8k8r	ត្រូវការ	need
trovokear	tr8v8k8r	ត្រូវការ	need
trovokaar	tr8v8k8r	ត្រូវការ	need
trovakar	tr8v8k8r	ត្រូវការ	need
trovakear	tr8v8k8r	ត្រូវការ	need
trovakaar	tr8v8k8r	ត្រូវការ	need
trowkar	tr8wk8r	ត្រូវការ	need
trowkear	tr8wk8r	ត្រូវការ	need
trowkaar	tr8wk8r	ត្រូវការ	need
trowokar	tr8w8k8r	ត្រូវការ	need
trowokear	tr8w8k8r	ត្រូវការ	need
trowokaar	tr8w8k8r	ត្រូវការ	need
trowakar	tr8w8k8r	ត្រូវការ	need
trowakear	tr8w8k8r	ត្រូវការ	need
trowakaar	tr8w8k8r	ត្រូវការ	need
truuvkar	tr8vk8r	ត្រូវការ	need
truuvkear	tr8vk8r	ត្រូវការ	need
truuvkaar	tr8vk8r	ត្រូវការ	need
truuvokar	tr8v8k8r	ត្រូវការ	need
truuvokear	tr8v8k8r	ត្រូវការ	need
truuvokaar	tr8v8k8r	ត្រូវការ	need
truuvakar	tr8v8k8r	ត្រូវការ	need
truuvakear	tr8v8k8r	ត្រូវការ	need
truuvakaar	tr8v8k8r	ត្រូវការ	need
truuwkar	tr8wk8r	ត្រូវការ	need
truuwkear	tr8wk8r	ត្រូវការ	need
truuwkaar	tr8wk8r	ត្រូវការ	need
truuwokar	tr8w8k8r	ត្រូវការ	need
truuwokear	tr8w8k8r	ត្រូវការ	need
truuwokaar	tr8w8k8r	ត្រូវការ	need
truuwakar	tr8w8k8r	ត្រូវការ	need
truuwakear	tr8w8k8r	ត្រូវការ	need
truuwakaar	tr8w8k8r	ត្រូវការ	need
drouvkar	dr8vk8r	ត្រូវការ	need
drouvkear	dr8vk8r	ត្រូវការ	need
drouvkaar	dr8vk8r	ត្រូវការ	need
drouvokar	dr8v8k8r	ត្រូវការ	need
drouvokear	dr8v8k8r	ត្រូវការ	need
drouvokaar	dr8v8k8r	ត្រូវការ	need
drouvakar	dr8v8k8r	ត្រូវការ	need
drouvakear	dr8v8k8r	ត្រូវការ	need
drouvakaar	dr8v8k8r	ត្រូវការ	need
drouwkar	dr8wk8r	ត្រូវការ	need
drouwkear	dr8wk8r	ត្រូវការ	need
drouwkaar	dr8wk8r	ត្រូវការ	need
drouwokar	dr8w8k8r	ត្រូវការ	need
drouwokear	dr8w8k8r	ត្រូវការ	need
drouwokaar	dr8w8k8r	ត្រូវការ	need
drouwakar	dr8w8k8r	ត្រូវការ	need
drouwakear	dr8w8k8r	ត្រូវការ	need
drouwakaar	dr8w8k8r	ត្រូវការ	need
druvkar	dr8vk8r	ត្រូវការ	need
druvkear	dr8vk8r	ត្រូវការ	need
druvkaar	dr8vk8r	ត្រូវការ	need
druvokar	dr8v8k8r	ត្រូវការ	need
druvokear	dr8v8k8r	ត្រូវការ	need
druvokaar	dr8v8k8r	ត្រូវការ	need
druvakar	dr8v8k8r	ត្រូវការ	need
druvakear	dr8v8k8r	ត្រូវការ	need
druvakaar	dr8v8k8r	ត្រូវការ	need
druwkar	dr8wk8r	ត្រូវការ	need
druwkear	dr8wk8r	ត្រូវការ	need
druwkaar	dr8wk8r	ត្រូវការ	need
druwokar	dr8w8k8r	ត្រូវការ	need
druwokear	dr8w8k8r	ត្រូវការ	need
druwokaar	dr8w8k8r	ត្រូវការ	need
druwakar	dr8w8k8r	ត្រូវការ	need
druwakear	dr8w8k8r	ត្រូវការ	need
druwakaar	dr8w8k8r	ត្រូវការ	need
drovkar	dr8vk8r	ត្រូវការ	need
drovkear	dr8vk8r	ត្រូវការ	need
drovkaar	dr8vk8r	ត្រូវការ	need
drovokar	dr8v8k8r	ត្រូវការ	need
drovokear	dr8v8k8r	ត្រូវការ	need
drovokaar	dr8v8k8r	ត្រូវការ	need
drovakar	dr8v8k8r	ត្រូវការ	need
drovakear	dr8v8k8r	ត្រូវការ	need
drovakaar	dr8v8k8r	ត្រូវការ	need
drowkar	dr8wk8r	ត្រូវការ	need
drowkear	dr8wk8r	ត្រូវការ	need
drowkaar	dr8wk8r	ត្រូវការ	need
trovka	tr8vk8	ត្រូវការ	need
smrak	smr8k	សម្រាក	rest
smreak	smr8k	សម្រាក	rest
smraak	smr8k	សម្រាក	rest
somrak	s8mr8k	សម្រាក	rest
somreak	s8mr8k	សម្រាក	rest
somraak	s8mr8k	សម្រាក	rest
samrak	s8mr8k	សម្រាក	rest
samreak	s8mr8k	សម្រាក	rest
samraak	s8mr8k	សម្រាក	rest
chuob	ch8b	ជួប	meet
chuop	ch8p	ជួប	meet
chuab	ch8b	ជួប	meet
chuap	ch8p	ជួប	meet
chub	ch8b	ជួប	meet
chup	ch8p	ជួប	meet
juob	j8b	ជួប	meet
juop	j8p	ជួប	meet
juab	j8b	ជួប	meet
juap	j8p	ជួប	meet
jub	j8b	ជួប	meet
jup	j8p	ជួប	meet
choup	ch8p	ជួប	meet
ngouttoek	ng8tt8k	ងូតទឹក	shower
ngoutteuk	ng8tt8k	ងូតទឹក	shower
ngouttek	ng8tt8k	ងូតទឹក	shower
ngoutdoek	ng8td8k	ងូតទឹក	shower
ngoutdeuk	ng8td8k	ងូតទឹក	shower
ngoutdek	ng8td8k	ងូតទឹក	shower
ngoutddoek	ng8tdd8k	ងូតទឹក	shower
ngoutddeuk	ng8tdd8k	ងូតទឹក	shower
ngoutddek	ng8tdd8k	ងូតទឹក	shower
ngoutotoek	ng8t8t8k	ងូតទឹក	shower
ngoutoteuk	ng8t8t8k	ងូតទឹក	shower
ngoutotek	ng8t8t8k	ងូតទឹក	shower
ngoutodoek	ng8t8d8k	ងូតទឹក	shower
ngoutodeuk	ng8t8d8k	ងូតទឹក	shower
ngoutodek	ng8t8d8k	ងូតទឹក	shower
ngoutoddoek	ng8t8dd8k	ងូតទឹក	shower
ngoutoddeuk	ng8t8dd8k	ងូតទឹក	shower
ngoutoddek	ng8t8dd8k	ងូតទឹក	shower
ngoutatoek	ng8t8t8k	ងូតទឹក	shower
ngoutateuk	ng8t8t8k	ងូតទឹក	shower
ngoutatek	ng8t8t8k	ងូតទឹក	shower
ngoutadoek	ng8t8d8k	ងូតទឹក	shower
ngoutadeuk	ng8t8d8k	ងូតទឹក	shower
ngoutadek	ng8t8d8k	ងូតទឹក	shower
ngoutaddoek	ng8t8dd8k	ងូតទឹក	shower
ngoutaddeuk	ng8t8dd8k	ងូតទឹក	shower
ngoutaddek	ng8t8dd8k	ងូតទឹក	shower
ngoudtoek	ng8dt8k	ងូតទឹក	shower
ngoudteuk	ng8dt8k	ងូតទឹក	shower
ngoudtek	ng8dt8k	ងូតទឹក	shower
ngouddoek	ng8dd8k	ងូតទឹក	shower
ngouddeuk	ng8dd8k	ងូតទឹក	shower
ngouddek	ng8dd8k	ងូតទឹក	shower
ngoudddoek	ng8ddd8k	ងូតទឹក	shower
ngoudddeuk	ng8ddd8k	ងូតទឹក	shower
ngoudddek	ng8ddd8k	ងូតទឹក	shower
ngoudotoek	ng8d8t8k	ងូតទឹក	shower
ngoudoteuk	ng8d8t8k	ងូតទឹក	shower
ngoudotek	ng8d8t8k	ងូតទឹក	shower
ngoudodoek	ng8d8d8k	ងូតទឹក	shower
ngoudodeuk	ng8d8d8k	ងូតទឹក	shower
ngoudodek	ng8d8d8k	ងូតទឹក	shower
ngoudoddoek	ng8d8dd8k	ងូតទឹក	shower
ngoudoddeuk	ng8d8dd8k	ងូតទឹក	shower
ngoudoddek	ng8d8dd8k	ងូតទឹក	shower
ngoudatoek	ng8d8t8k	ងូតទឹក	shower
ngoudateuk	ng8d8t8k	ងូតទឹក	shower
ngoudatek	ng8d8t8k	ងូតទឹក	shower
ngoudadoek	ng8d8d8k	ងូតទឹក	shower
ngoudadeuk	ng8d8d8k	ងូតទឹក	shower
ngoudadek	ng8d8d8k	ងូតទឹក	shower
ngoudaddoek	ng8d8dd8k	ងូតទឹក	shower
ngoudaddeuk	ng8d8dd8k	ងូតទឹក	shower
ngoudaddek	ng8d8dd8k	ងូតទឹក	shower
nguttoek	ng8tt8k	ងូតទឹក	shower
ngutteuk	ng8tt8k	ងូតទឹក	shower
nguttek	ng8tt8k	ងូតទឹក	shower
ngutdoek	ng8td8k	ងូតទឹក	shower
ngutdeuk	ng8td8k	ងូតទឹក	shower
ngutdek	ng8td8k	ងូតទឹក	shower
ngutddoek	ng8tdd8k	ងូតទឹក	shower
ngutddeuk	ng8tdd8k	ងូតទឹក	shower
ngutddek	ng8tdd8k	ងូតទឹក	shower
ngutotoek	ng8t8t8k	ងូតទឹក	shower
ngutoteuk	ng8t8t8k	ងូតទឹក	shower
ngutotek	ng8t8t8k	ងូតទឹក	shower
ngutodoek	ng8t8d8k	ងូតទឹក	shower
ngutodeuk	ng8t8d8k	ងូតទឹក	shower
ngutodek	ng8t8d8k	ងូតទឹក	shower
ngutoddoek	ng8t8dd8k	ងូតទឹក	shower
ngutoddeuk	ng8t8dd8k	ងូតទឹក	shower
ngutoddek	ng8t8dd8k	ងូតទឹក	shower
ngutatoek	ng8t8t8k	ងូតទឹក	shower
ngutateuk	ng8t8t8k	ងូតទឹក	shower
ngutatek	ng8t8t8k	ងូតទឹក	shower
ngutadoek	ng8t8d8k	ងូតទឹក	shower
ngutadeuk	ng8t8d8k	ងូតទឹក	shower
ngutadek	ng8t8d8k	ងូតទឹក	shower
ngutaddoek	ng8t8dd8k	ងូតទឹក	shower
ngutaddeuk	ng8t8dd8k	ងូតទឹក	shower
ngutaddek	ng8t8dd8k	ងូតទឹក	shower
ngudtoek	ng8dt8k	ងូតទឹក	shower
ngudteuk	ng8dt8k	ងូតទឹក	shower
ngudtek	ng8dt8k	ងូតទឹក	shower
nguddoek	ng8dd8k	ងូតទឹក	shower
nguddeuk	ng8dd8k	ងូតទឹក	shower
nguddek	ng8dd8k	ងូតទឹក	shower
ngudddoek	ng8ddd8k	ងូតទឹក	shower
ngudddeuk	ng8ddd8k	ងូតទឹក	shower
ngudddek	ng8ddd8k	ងូតទឹក	shower
ngudotoek	ng8d8t8k	ងូតទឹក	shower
ngudoteuk	ng8d8t8k	ងូតទឹក	shower
ngudotek	ng8d8t8k	ងូតទឹក	shower
ngudodoek	ng8d8d8k	ងូតទឹក	shower
ngudodeuk	ng8d8d8k	ងូតទឹក	shower
ngudodek	ng8d8d8k	ងូតទឹក	shower
ngudoddoek	ng8d8dd8k	ងូតទឹក	shower
ngudoddeuk	ng8d8dd8k	ងូតទឹក	shower
ngudoddek	ng8d8dd8k	ងូតទឹក	shower
ngudatoek	ng8d8t8k	ងូតទឹក	shower
ngudateuk	ng8d8t8k	ងូតទឹក	shower
ngudatek	ng8d8t8k	ងូតទឹក	shower
ngudadoek	ng8d8d8k	ងូតទឹក	shower
ngudadeuk	ng8d8d8k	ងូតទឹក	shower
ngudadek	ng8d8d8k	ងូតទឹក	shower
ngudaddoek	ng8d8dd8k	ងូតទឹក	shower
ngudaddeuk	ng8d8dd8k	ងូតទឹក	shower
ngudaddek	ng8d8dd8k	ងូតទឹក	shower
ngottoek	ng8tt8k	ងូតទឹក	shower
ngotteuk	ng8tt8k	ងូតទឹក	shower
ngottek	ng8tt8k	ងូតទឹក	shower
ngotdoek	ng8td8k	ងូតទឹក	shower
ngotdeuk	ng8td8k	ងូតទឹក	shower
ngotdek	ng8td8k	ងូតទឹក	shower
ngotddoek	ng8tdd8k	ងូតទឹក	shower
ngotddeuk	ng8tdd8k	ងូតទឹក	shower
ngotddek	ng8tdd8k	ងូតទឹក	shower
ngototoek	ng8t8t8k	ងូតទឹក	shower
ngototeuk	ng8t8t8k	ងូតទឹក	shower
ngototek	ng8t8t8k	ងូតទឹក	shower
baekbr	b8kbr	បើកបរ	drive
baekbor	b8kb8r	បើកបរ	drive
baekbar	b8kb8r	បើកបរ	drive
baekpr	b8kpr	បើកបរ	drive
baekpor	b8kp8r	បើកបរ	drive
baekpar	b8kp8r	បើកបរ	drive
baekobr	b8k8br	បើកបរ	drive
baekobor	b8k8b8r	បើកបរ	drive
baekobar	b8k8b8r	បើកបរ	drive
baekopr	b8k8pr	បើកបរ	drive
baekopor	b8k8p8r	បើកបរ	drive
baekopar	b8k8p8r	បើកបរ	drive
baekabr	b8k8br	បើកបរ	drive
baekabor	b8k8b8r	បើកបរ	drive
baekabar	b8k8b8r	បើកបរ	drive
baekapr	b8k8pr	បើកបរ	drive
baekapor	b8k8p8r	បើកបរ	drive
baekapar	b8k8p8r	បើកបរ	drive
berkbr	b8rkbr	បើកបរ	drive
berkbor	b8rkb8r	បើកបរ	drive
berkbar	b8rkb8r	បើកបរ	drive
berkpr	b8rkpr	បើកបរ	drive
berkpor	b8rkp8r	បើកបរ	drive
berkpar	b8rkp8r	បើកបរ	drive
berkobr	b8rk8br	បើកបរ	drive
berkobor	b8rk8b8r	បើកបរ	drive
berkobar	b8rk8b8r	បើកបរ	drive
berkopr	b8rk8pr	បើកបរ	drive
berkopor	b8rk8p8r	បើកបរ	drive
berkopar	b8rk8p8r	បើកបរ	drive
berkabr	b8rk8br	បើកបរ	drive
berkabor	b8rk8b8r	បើកបរ	drive
berkabar	b8rk8b8r	បើកបរ	drive
berkapr	b8rk8pr	បើកបរ	drive
berkapor	b8rk8p8r	បើកបរ	drive
berkapar	b8rk8p8r	បើកបរ	drive
beukbr	b8kbr	បើកបរ	drive
beukbor	b8kb8r	បើកបរ	drive
beukbar	b8kb8r	បើកបរ	drive
beukpr	b8kpr	បើកបរ	drive
beukpor	b8kp8r	បើកបរ	drive
beukpar	b8kp8r	បើកបរ	drive
beukobr	b8k8br	បើកបរ	drive
beukobor	b8k8b8r	បើកបរ	drive
beukobar	b8k8b8r	បើកបរ	drive
beukopr	b8k8pr	បើកបរ	drive
beukopor	b8k8p8r	បើកបរ	drive
beukopar	b8k8p8r	បើកបរ	drive
beukabr	b8k8br	បើកបរ	drive
beukabor	b8k8b8r	បើកបរ	drive
beukabar	b8k8b8r	បើកបរ	drive
beukapr	b8k8pr	បើកបរ	drive
beukapor	b8k8p8r	បើកបរ	drive
beukapar	b8k8p8r	បើកបរ	drive
baeukbr	b8kbr	បើកបរ	drive
baeukbor	b8kb8r	បើកបរ	drive
baeukbar	b8kb8r	បើកបរ	drive
baeukpr	b8kpr	បើកបរ	drive
baeukpor	b8kp8r	បើកបរ	drive
baeukpar	b8kp8r	បើកបរ	drive
baeukobr	b8k8br	បើកបរ	drive
baeukobor	b8k8b8r	បើកបរ	drive
baeukobar	b8k8b8r	បើកបរ	drive
baeukopr	b8k8pr	បើកបរ	drive
baeukopor	b8k8p8r	បើកបរ	drive
baeukopar	b8k8p8r	បើកបរ	drive
baeukabr	b8k8br	បើកបរ	drive
baeukabor	b8k8b8r	បើកបរ	drive
baeukabar	b8k8b8r	បើកបរ	drive
baeukapr	b8k8pr	បើកបរ	drive
baeukapor	b8k8p8r	បើកបរ	drive
baeukapar	b8k8p8r	បើកបរ	drive
paekbr	p8kbr	បើកបរ	drive
paekbor	p8kb8r	បើកបរ	drive
paekbar	p8kb8r	បើកបរ	drive
paekpr	p8kpr	បើកបរ	drive
paekpor	p8kp8r	បើកបរ	drive
paekpar	p8kp8r	បើកបរ	drive
paekobr	p8k8br	បើកបរ	drive
paekobor	p8k8b8r	បើកបរ	drive
paekobar	p8k8b8r	បើកបរ	drive
paekopr	p8k8pr	បើកបរ	drive
paekopor	p8k8p8r	បើកបរ	drive
paekopar	p8k8p8r	បើកបរ	drive
paekabr	p8k8br	បើកបរ	drive
paekabor	p8k8b8r	បើកបរ	drive
paekabar	p8k8b8r	បើកបរ	drive
paekapr	p8k8pr	បើកបរ	drive
paekapor	p8k8p8r	បើកបរ	drive
paekapar	p8k8p8r	បើកបរ	drive
perkbr	p8rkbr	បើកបរ	drive
perkbor	p8rkb8r	បើកបរ	drive
perkbar	p8rkb8r	បើកបរ	drive
perkpr	p8rkpr	បើកបរ	drive
perkpor	p8rkp8r	បើកបរ	drive
perkpar	p8rkp8r	បើកបរ	drive
perkobr	p8rk8br	បើកបរ	drive
perkobor	p8rk8b8r	បើកបរ	drive
perkobar	p8rk8b8r	បើកបរ	drive
perkopr	p8rk8pr	បើកបរ	drive
perkopor	p8rk8p8r	បើកបរ	drive
perkopar	p8rk8p8r	បើកបរ	drive
perkabr	p8rk8br	បើកបរ	drive
perkabor	p8rk8b8r	បើកបរ	drive
perkabar	p8rk8b8r	បើកបរ	drive
perkapr	p8rk8pr	បើកបរ	drive
perkapor	p8rk8p8r	បើកបរ	drive
perkapar	p8rk8p8r	បើកបរ	drive
peukbr	p8kbr	បើកបរ	drive
peukbor	p8kb8r	បើកបរ	drive
peukbar	p8kb8r	បើកបរ	drive
peukpr	p8kpr	បើកបរ	drive
peukpor	p8kp8r	បើកបរ	drive
peukpar	p8kp8r	បើកបរ	drive
peukobr	p8k8br	បើកបរ	drive
peukobor	p8k8b8r	បើកបរ	drive
peukobar	p8k8b8r	បើកបរ	drive
peukopr	p8k8pr	បើកបរ	drive
peukopor	p8k8p8r	បើកបរ	drive
peukopar	p8k8p8r	បើកបរ	drive
haeltoek	h8lt8k	ហែលទឹក	swim
haelteuk	h8lt8k	ហែលទឹក	swim
haeltek	h8lt8k	ហែលទឹក	swim
haeldoek	h8ld8k	ហែលទឹក	swim
haeldeuk	h8ld8k	ហែលទឹក	swim
haeldek	h8ld8k	ហែលទឹក	swim
haelddoek	h8ldd8k	ហែលទឹក	swim
haelddeuk	h8ldd8k	ហែលទឹក	swim
haelddek	h8ldd8k	ហែលទឹក	swim
haelotoek	h8l8t8k	ហែលទឹក	swim
haeloteuk	h8l8t8k	ហែលទឹក	swim
haelotek	h8l8t8k	ហែលទឹក	swim
haelodoek	h8l8d8k	ហែលទឹក	swim
haelodeuk	h8l8d8k	ហែលទឹក	swim
haelodek	h8l8d8k	ហែលទឹក	swim
haeloddoek	h8l8dd8k	ហែលទឹក	swim
haeloddeuk	h8l8dd8k	ហែលទឹក	swim
haeloddek	h8l8dd8k	ហែលទឹក	swim
haelatoek	h8l8t8k	ហែលទឹក	swim
haelateuk	h8l8t8k	ហែលទឹក	swim
haelatek	h8l8t8k	ហែលទឹក	swim
haeladoek	h8l8d8k	ហែលទឹក	swim
haeladeuk	h8l8d8k	ហែលទឹក	swim
haeladek	h8l8d8k	ហែលទឹក	swim
haeladdoek	h8l8dd8k	ហែលទឹក	swim
haeladdeuk	h8l8dd8k	ហែលទឹក	swim
haeladdek	h8l8dd8k	ហែលទឹក	swim
heltoek	h8lt8k	ហែលទឹក	swim
helteuk	h8lt8k	ហែលទឹក	swim
heltek	h8lt8k	ហែលទឹក	swim
heldoek	h8ld8k	ហែលទឹក	swim
heldeuk	h8ld8k	ហែលទឹក	swim
heldek	h8ld8k	ហែលទឹក	swim
helddoek	h8ldd8k	ហែលទឹក	swim
helddeuk	h8ldd8k	ហែលទឹក	swim
helddek	h8ldd8k	ហែលទឹក	swim
helotoek	h8l8t8k	ហែលទឹក	swim
heloteuk	h8l8t8k	ហែលទឹក	swim
helotek	h8l8t8k	ហែលទឹក	swim
helodoek	h8l8d8k	ហែលទឹក	swim
helodeuk	h8l8d8k	ហែលទឹក	swim
helodek	h8l8d8k	ហែលទឹក	swim
heloddoek	h8l8dd8k	ហែលទឹក	swim
heloddeuk	h8l8dd8k	ហែលទឹក	swim
heloddek	h8l8dd8k	ហែលទឹក	swim
helatoek	h8l8t8k	ហែលទឹក	swim
helateuk	h8l8t8k	ហែលទឹក	swim
helatek	h8l8t8k	ហែលទឹក	swim
heladoek	h8l8d8k	ហែលទឹក	swim
heladeuk	h8l8d8k	ហែលទឹក	swim
heladek	h8l8d8k	ហែលទឹក	swim
heladdoek	h8l8dd8k	ហែលទឹក	swim
heladdeuk	h8l8dd8k	ហែលទឹក	swim
heladdek	h8l8dd8k	ហែលទឹក	swim
healtoek	h8lt8k	ហែលទឹក	swim
healteuk	h8lt8k	ហែលទឹក	swim
healtek	h8lt8k	ហែលទឹក	swim
healdoek	h8ld8k	ហែលទឹក	swim
healdeuk	h8ld8k	ហែលទឹក	swim
healdek	h8ld8k	ហែលទឹក	swim
healddoek	h8ldd8k	ហែលទឹក	swim
healddeuk	h8ldd8k	ហែលទឹក	swim
healddek	h8ldd8k	ហែលទឹក	swim
healotoek	h8l8t8k	ហែលទឹក	swim
healoteuk	h8l8t8k	ហែលទឹក	swim
healotek	h8l8t8k	ហែលទឹក	swim
healodoek	h8l8d8k	ហែលទឹក	swim
healodeuk	h8l8d8k	ហែលទឹក	swim
healodek	h8l8d8k	ហែលទឹក	swim
healoddoek	h8l8dd8k	ហែលទឹក	swim
healoddeuk	h8l8dd8k	ហែលទឹក	swim
healoddek	h8l8dd8k	ហែលទឹក	swim
healatoek	h8l8t8k	ហែលទឹក	swim
healateuk	h8l8t8k	ហែលទឹក	swim
healatek	h8l8t8k	ហែលទឹក	swim
healadoek	h8l8d8k	ហែលទឹក	swim
healadeuk	h8l8d8k	ហែលទឹក	swim
healadek	h8l8d8k	ហែលទឹក	swim
healaddoek	h8l8dd8k	ហែលទឹក	swim
healaddeuk	h8l8dd8k	ហែលទឹក	swim
healaddek	h8l8dd8k	ហែលទឹក	swim
chrieng	chr8ng	ច្រៀង	sing
chreang	chr8ng	ច្រៀង	sing
jrieng	jr8ng	ច្រៀង	sing
jreang	jr8ng	ច្រៀង	sing
raam	r8m	រាំ	dance
raom	r8m	រាំ	dance
raum	r8m	រាំ	dance
reaam	r8m	រាំ	dance
reaom	r8m	រាំ	dance
reaum	r8m	រាំ	dance
raaam	r8m	រាំ	dance
raaom	r8m	រាំ	dance
raaum	r8m	រាំ	dance
roam	r8m	រាំ	dance
ram	r8m	រាំ	dance
saech	s8ch	សើច	laugh
saej	s8j	សើច	laugh
serch	s8rch	សើច	laugh
serj	s8rj	សើច	laugh
seuch	s8ch	សើច	laugh
seuj	s8j	សើច	laugh
saeuch	s8ch	សើច	laugh
saeuj	s8j	សើច	laugh
yam	8m	យំ	cry
yom	8m	យំ	cry
yum	8m	យំ	cry
nhnhoem	nhnh8m	ញញឹម	smile
nhnheum	nhnh8m	ញញឹម	smile
nhnhem	nhnh8m	ញញឹម	smile
nhnyoem	nhn8m	ញញឹម	smile
nhnyeum	nhn8m	ញញឹម	smile
nhnyem	nhn8m	ញញឹម	smile
nhonhoem	nh8nh8m	ញញឹម	smile
nhonheum	nh8nh8m	ញញឹម	smile
nhonhem	nh8nh8m	ញញឹម	smile
nhonyoem	nh8n8m	ញញឹម	smile
nhonyeum	nh8n8m	ញញឹម	smile
nhonyem	nh8n8m	ញញឹម	smile
nhanhoem	nh8nh8m	ញញឹម	smile
nhanheum	nh8nh8m	ញញឹម	smile
nhanhem	nh8nh8m	ញញឹម	smile
nhanyoem	nh8n8m	ញញឹម	smile
nhanyeum	nh8n8m	ញញឹម	smile
nhanyem	nh8n8m	ញញឹម	smile
nynhoem	n8nh8m	ញញឹម	smile
nynheum	n8nh8m	ញញឹម	smile
nynhem	n8nh8m	ញញឹម	smile
nynyoem	n8n8m	ញញឹម	smile
nynyeum	n8n8m	ញញឹម	smile
nynyem	n8n8m	ញញឹម	smile
nyonhoem	n8nh8m	ញញឹម	smile
nyonheum	n8nh8m	ញញឹម	smile
nyonhem	n8nh8m	ញញឹម	smile
nyonyoem	n8n8m	ញញឹម	smile
nyonyeum	n8n8m	ញញឹម	smile
nyonyem	n8n8m	ញញឹម	smile
nyanhoem	n8nh8m	ញញឹម	smile
nyanheum	n8nh8m	ញញឹម	smile
nyanhem	n8nh8m	ញញឹម	smile
nyanyoem	n8n8m	ញញឹម	smile
nyanyeum	n8n8m	ញញឹម	smile
nyanyem	n8n8m	ញញឹម	smile
nhonhum	nh8nh8m	ញញឹម	smile
pyayam	p8m	ព្យាយាម	try
pyayeam	p8m	ព្យាយាម	try
pyayaam	p8m	ព្យាយាម	try
pyeayam	p8m	ព្យាយាម	try
pyeayeam	p8m	ព្យាយាម	try
pyeayaam	p8m	ព្យាយាម	try
pyaayam	p8m	ព្យាយាម	try
pyaayeam	p8m	ព្យាយាម	try
pyaayaam	p8m	ព្យាយាម	try
byayam	b8m	ព្យាយាម	try
byayeam	b8m	ព្យាយាម	try
byayaam	b8m	ព្យាយាម	try
byeayam	b8m	ព្យាយាម	try
byeayeam	b8m	ព្យាយាម	try
byeayaam	b8m	ព្យាយាម	try
byaayam	b8m	ព្យាយាម	try
byaayeam	b8m	ព្យាយាម	try
byaayaam	b8m	ព្យាយាម	try
chue	ch8	ជឿ	believe
chuea	ch8	ជឿ	believe
choea	ch8	ជឿ	believe
jue	j8	ជឿ	believe
juea	j8	ជឿ	believe
joea	j8	ជឿ	believe
cheua	ch8	ជឿ	believe
jeua	j8	ជឿ	believe
chua	ch8	ជឿ	believe
tht	tht	ថត	photograph
thd	thd	ថត	photograph
thot	th8t	ថត	photograph
thod	th8d	ថត	photograph
that	th8t	ថត	photograph
thad	th8d	ថត	photograph
karpar	k8rp8r	ការពារ	protect
karpear	k8rp8r	ការពារ	protect
karpaar	k8rp8r	ការពារ	protect
karbar	k8rb8r	ការពារ	protect
karbear	k8rb8r	ការពារ	protect
karbaar	k8rb8r	ការពារ	protect
karopar	k8r8p8r	ការពារ	protect
karopear	k8r8p8r	ការពារ	protect
karopaar	k8r8p8r	ការពារ	protect
karobar	k8r8b8r	ការពារ	protect
karobear	k8r8b8r	ការពារ	protect
karobaar	k8r8b8r	ការពារ	protect
karapar	k8r8p8r	ការពារ	protect
karapear	k8r8p8r	ការពារ	protect
karapaar	k8r8p8r	ការពារ	protect
karabar	k8r8b8r	ការពារ	protect
karabear	k8r8b8r	ការពារ	protect
karabaar	k8r8b8r	ការពារ	protect
kearpar	k8rp8r	ការពារ	protect
kearpear	k8rp8r	ការពារ	protect
kearpaar	k8rp8r	ការពារ	protect
kearbar	k8rb8r	ការពារ	protect
kearbear	k8rb8r	ការពារ	protect
kearbaar	k8rb8r	ការពារ	protect
kearopar	k8r8p8r	ការពារ	protect
kearopear	k8r8p8r	ការពារ	protect
kearopaar	k8r8p8r	ការពារ	protect
kearobar	k8r8b8r	ការពារ	protect
kearobear	k8r8b8r	ការពារ	protect
kearobaar	k8r8b8r	ការពារ	protect
kearapar	k8r8p8r	ការពារ	protect
kearapear	k8r8p8r	ការពារ	protect
kearapaar	k8r8p8r	ការពារ	protect
kearabar	k8r8b8r	ការពារ	protect
kearabear	k8r8b8r	ការពារ	protect
kearabaar	k8r8b8r	ការពារ	protect
kaarpar	k8rp8r	ការពារ	protect
kaarpear	k8rp8r	ការពារ	protect
kaarpaar	k8rp8r	ការពារ	protect
kaarbar	k8rb8r	ការពារ	protect
kaarbear	k8rb8r	ការពារ	protect
kaarbaar	k8rb8r	ការពារ	protect
kaaropar	k8r8p8r	ការពារ	protect
kaaropear	k8r8p8r	ការពារ	protect
kaaropaar	k8r8p8r	ការពារ	protect
kaarobar	k8r8b8r	ការពារ	protect
kaarobear	k8r8b8r	ការពារ	protect
kaarobaar	k8r8b8r	ការពារ	protect
kaarapar	k8r8p8r	ការពារ	protect
kaarapear	k8r8p8r	ការពារ	protect
kaarapaar	k8r8p8r	ការពារ	protect
kaarabar	k8r8b8r	ការពារ	protect
kaarabear	k8r8b8r	ការពារ	protect
kaarabaar	k8r8b8r	ការពារ	protect
kapea	k8p8	ការពារ	protect
kapear	k8p8r	ការពារ	protect
khoeng	kh8ng	ខឹង	angry
kheung	kh8ng	ខឹង	angry
kheng	kh8ng	ខឹង	angry
khung	kh8ng	ខឹង	angry
khlach	khl8ch	ខ្លាច	afraid
khlaj	khl8j	ខ្លាច	afraid
khleach	khl8ch	ខ្លាច	afraid
khleaj	khl8j	ខ្លាច	afraid
khlaach	khl8ch	ខ្លាច	afraid
khlaaj	khl8j	ខ្លាច	afraid
klach	kl8ch	ខ្លាច	afraid
sbbay	sbb8	សប្បាយ	happy, fun
sbbeay	sbb8	សប្បាយ	happy, fun
sbbaay	sbb8	សប្បាយ	happy, fun
sbpay	sbp8	សប្បាយ	happy, fun
sbpeay	sbp8	សប្បាយ	happy, fun
sbpaay	sbp8	សប្បាយ	happy, fun
spbay	spb8	សប្បាយ	happy, fun
spbeay	spb8	សប្បាយ	happy, fun
spbaay	spb8	សប្បាយ	happy, fun
sppay	spp8	សប្បាយ	happy, fun
sppeay	spp8	សប្បាយ	happy, fun
sppaay	spp8	សប្បាយ	happy, fun
sobbay	s8bb8	សប្បាយ	happy, fun
sobbeay	s8bb8	សប្បាយ	happy, fun
sobbaay	s8bb8	សប្បាយ	happy, fun
sobpay	s8bp8	សប្បាយ	happy, fun
sobpeay	s8bp8	សប្បាយ	happy, fun
sobpaay	s8bp8	សប្បាយ	happy, fun
sopbay	s8pb8	សប្បាយ	happy, fun
sopbeay	s8pb8	សប្បាយ	happy, fun
sopbaay	s8pb8	សប្បាយ	happy, fun
soppay	s8pp8	សប្បាយ	happy, fun
soppeay	s8pp8	សប្បាយ	happy, fun
soppaay	s8pp8	សប្បាយ	happy, fun
sabbay	s8bb8	សប្បាយ	happy, fun
sabbeay	s8bb8	សប្បាយ	happy, fun
sabbaay	s8bb8	សប្បាយ	happy, fun
sabpay	s8bp8	សប្បាយ	happy, fun
sabpeay	s8bp8	សប្បាយ	happy, fun
sabpaay	s8bp8	សប្បាយ	happy, fun
sapbay	s8pb8	សប្បាយ	happy, fun
sapbeay	s8pb8	សប្បាយ	happy, fun
sapbaay	s8pb8	សប្បាយ	happy, fun
sappay	s8pp8	សប្បាយ	happy, fun
sappeay	s8pp8	សប្បាយ	happy, fun
sappaay	s8pp8	សប្បាយ	happy, fun
sabay	s8b8	សប្បាយ	happy, fun
ht	ht	ហត់	tired
ht'	ht'	ហត់	tired
hd	hd	ហត់	tired
hd'	hd'	ហត់	tired
hot	h8t	ហត់	tired
hot'	h8t'	ហត់	tired
hod	h8d	ហត់	tired
hod'	h8d'	ហត់	tired
hat	h8t	ហត់	tired
hat'	h8t'	ហត់	tired
had	h8d	ហត់	tired
had'	h8d'	ហត់	tired
khlan	khl8n	ឃ្លាន	hungry
khlean	khl8n	ឃ្លាន	hungry
khlaan	khl8n	ឃ្លាន	hungry
ghlan	ghl8n	ឃ្លាន	hungry
ghlean	ghl8n	ឃ្លាន	hungry
ghlaan	ghl8n	ឃ្លាន	hungry
klean	kl8n	ឃ្លាន	hungry
srek	sr8k	ស្រេក	thirsty
sreik	sr8k	ស្រេក	thirsty
chheu	chh8	ឈឺ	sick, hurt
chheuu	chh8	ឈឺ	sick, hurt
chhu	chh8	ឈឺ	sick, hurt
jheu	jh8	ឈឺ	sick, hurt
jheuu	jh8	ឈឺ	sick, hurt
jhu	jh8	ឈឺ	sick, hurt
chhoe	chh8	ឈឺ	sick, hurt
chue	ch8	ឈឺ	sick, hurt
rvl	rvl	រវល់	busy
rvl'	rvl'	រវល់	busy
rvol	rv8l	រវល់	busy
rvol'	rv8l'	រវល់	busy
rval	rv8l	រវល់	busy
rval'	rv8l'	រវល់	busy
rwl	rwl	រវល់	busy
rwl'	rwl'	រវល់	busy
rwol	rw8l	រវល់	busy
rwol'	rw8l'	រវល់	busy
rwal	rw8l	រវល់	busy
rwal'	rw8l'	រវល់	busy
rovl	r8vl	រវល់	busy
rovl'	r8vl'	រវល់	busy
rovol	r8v8l	រវល់	busy
rovol'	r8v8l'	រវល់	busy
roval	r8v8l	រវល់	busy
roval'	r8v8l'	រវល់	busy
rowl	r8wl	រវល់	busy
rowl'	r8wl'	រវល់	busy
rowol	r8w8l	រវល់	busy
rowol'	r8w8l'	រវល់	busy
rowal	r8w8l	រវល់	busy
rowal'	r8w8l'	រវល់	busy
ravl	r8vl	រវល់	busy
ravl'	r8vl'	រវល់	busy
ravol	r8v8l	រវល់	busy
ravol'	r8v8l'	រវល់	busy
raval	r8v8l	រវល់	busy
raval'	r8v8l'	រវល់	busy
rawl	r8wl	រវល់	busy
rawl'	r8wl'	រវល់	busy
rawol	r8w8l	រវល់	busy
rawol'	r8w8l'	រវល់	busy
rawal	r8w8l	រវល់	busy
rawal'	r8w8l'	រវល់	busy
tamner	t8mn8r	ទំនេរ	free, vacant
tamneir	t8mn8r	ទំនេរ	free, vacant
tomner	t8mn8r	ទំនេរ	free, vacant
tomneir	t8mn8r	ទំនេរ	free, vacant
tumner	t8mn8r	ទំនេរ	free, vacant
tumneir	t8mn8r	ទំនេរ	free, vacant
damner	d8mn8r	ទំនេរ	free, vacant
damneir	d8mn8r	ទំនេរ	free, vacant
domner	d8mn8r	ទំនេរ	free, vacant
domneir	d8mn8r	ទំនេរ	free, vacant
dumner	d8mn8r	ទំនេរ	free, vacant
dumneir	d8mn8r	ទំនេរ	free, vacant
ddamner	dd8mn8r	ទំនេរ	free, vacant
ddamneir	dd8mn8r	ទំនេរ	free, vacant
ddomner	dd8mn8r	ទំនេរ	free, vacant
ddomneir	dd8mn8r	ទំនេរ	free, vacant
ddumner	dd8mn8r	ទំនេរ	free, vacant
ddumneir	dd8mn8r	ទំនេរ	free, vacant
tumne	t8mn8	ទំនេរ	free, vacant
avey	8v8	អ្វី	what
avi	8v8	អ្វី	what
avii	8v8	អ្វី	what
awey	8w8	អ្វី	what
awi	8w8	អ្វី	what
awii	8w8	អ្វី	what
ovey	8v8	អ្វី	what
ovi	8v8	អ្វី	what
ovii	8v8	អ្វី	what
owey	8w8	អ្វី	what
owi	8w8	អ្វី	what
owii	8w8	អ្វី	what
qvey	qv8	អ្វី	what
qvi	qv8	អ្វី	what
qvii	qv8	អ្វី	what
qwey	qw8	អ្វី	what
qwi	qw8	អ្វី	what
qwii	qw8	អ្វី	what
vey	v8	អ្វី	what
vi	v8	អ្វី	what
vii	v8	អ្វី	what
wey	w8	អ្វី	what
wi	w8	អ្វី	what
wii	w8	អ្វី	what
avei	8v8	អ្វី	what
ey	8	អ្វី	what
na	n8	ណា	which / where
nea	n8	ណា	which / where
naa	n8	ណា	which / where
teyna	t8n8	ទីណា	where
teynea	t8n8	ទីណា	where
teynaa	t8n8	ទីណា	where
tina	t8n8	ទីណា	where
tinea	t8n8	ទីណា	where
tinaa	t8n8	ទីណា	where
tiina	t8n8	ទីណា	where
tiinea	t8n8	ទីណា	where
tiinaa	t8n8	ទីណា	where
deyna	d8n8	ទីណា	where
deynea	d8n8	ទីណា	where
deynaa	d8n8	ទីណា	where
dina	d8n8	ទីណា	where
dinea	d8n8	ទីណា	where
dinaa	d8n8	ទីណា	where
diina	d8n8	ទីណា	where
diinea	d8n8	ទីណា	where
diinaa	d8n8	ទីណា	where
ddeyna	dd8n8	ទីណា	where
ddeynea	dd8n8	ទីណា	where
ddeynaa	dd8n8	ទីណា	where
ddina	dd8n8	ទីណា	where
ddinea	dd8n8	ទីណា	where
ddinaa	dd8n8	ទីណា	where
ddiina	dd8n8	ទីណា	where
ddiinea	dd8n8	ទីណា	where
ddiinaa	dd8n8	ទីណា	where
pelna	p8ln8	ពេលណា	when
pelnea	p8ln8	ពេលណា	when
pelnaa	p8ln8	ពេលណា	when
pelona	p8l8n8	ពេលណា	when
pelonea	p8l8n8	ពេលណា	when
pelonaa	p8l8n8	ពេលណា	when
pelana	p8l8n8	ពេលណា	when
pelanea	p8l8n8	ពេលណា	when
pelanaa	p8l8n8	ពេលណា	when
peilna	p8ln8	ពេលណា	when
peilnea	p8ln8	ពេលណា	when
peilnaa	p8ln8	ពេលណា	when
peilona	p8l8n8	ពេលណា	when
peilonea	p8l8n8	ពេលណា	when
peilonaa	p8l8n8	ពេលណា	when
peilana	p8l8n8	ពេលណា	when
peilanea	p8l8n8	ពេលណា	when
peilanaa	p8l8n8	ពេលណា	when
belna	b8ln8	ពេលណា	when
belnea	b8ln8	ពេលណា	when
belnaa	b8ln8	ពេលណា	when
belona	b8l8n8	ពេលណា	when
belonea	b8l8n8	ពេលណា	when
belonaa	b8l8n8	ពេលណា	when
belana	b8l8n8	ពេលណា	when
belanea	b8l8n8	ពេលណា	when
belanaa	b8l8n8	ពេលណា	when
beilna	b8ln8	ពេលណា	when
beilnea	b8ln8	ពេលណា	when
beilnaa	b8ln8	ពេលណា	when
beilona	b8l8n8	ពេលណា	when
beilonea	b8l8n8	ពេលណា	when
beilonaa	b8l8n8	ពេលណា	when
beilana	b8l8n8	ពេលណា	when
beilanea	b8l8n8	ពេលណា	when
beilanaa	b8l8n8	ពេលណា	when
hetuavey	h8t8v8	ហេតុអ្វី	why
hetuavi	h8t8v8	ហេតុអ្វី	why
hetuavii	h8t8v8	ហេតុអ្វី	why
hetuawey	h8t8w8	ហេតុអ្វី	why
hetuawi	h8t8w8	ហេតុអ្វី	why
hetuawii	h8t8w8	ហេតុអ្វី	why
hetuovey	h8t8v8	ហេតុអ្វី	why
hetuovi	h8t8v8	ហេតុអ្វី	why
hetuovii	h8t8v8	ហេតុអ្វី	why
hetuowey	h8t8w8	ហេតុអ្វី	why
hetuowi	h8t8w8	ហេតុអ្វី	why
hetuowii	h8t8w8	ហេតុអ្វី	why
hetuqvey	h8t8qv8	ហេតុអ្វី	why
hetuqvi	h8t8qv8	ហេតុអ្វី	why
hetuqvii	h8t8qv8	ហេតុអ្វី	why
hetuqwey	h8t8qw8	ហេតុអ្វី	why
hetuqwi	h8t8qw8	ហេតុអ្វី	why
hetuqwii	h8t8qw8	ហេតុអ្វី	why
hetuvey	h8t8v8	ហេតុអ្វី	why
hetuvi	h8t8v8	ហេតុអ្វី	why
hetuvii	h8t8v8	ហេតុអ្វី	why
hetuwey	h8t8w8	ហេតុអ្វី	why
hetuwi	h8t8w8	ហេតុអ្វី	why
hetuwii	h8t8w8	ហេតុអ្វី	why
hetoavey	h8t8v8	ហេតុអ្វី	why
hetoavi	h8t8v8	ហេតុអ្វី	why
hetoavii	h8t8v8	ហេតុអ្វី	why
hetoawey	h8t8w8	ហេតុអ្វី	why
hetoawi	h8t8w8	ហេតុអ្វី	why
hetoawii	h8t8w8	ហេតុអ្វី	why
hetoovey	h8t8v8	ហេតុអ្វី	why
hetoovi	h8t8v8	ហេតុអ្វី	why
hetoovii	h8t8v8	ហេតុអ្វី	why
hetoowey	h8t8w8	ហេតុអ្វី	why
hetoowi	h8t8w8	ហេតុអ្វី	why
hetoowii	h8t8w8	ហេតុអ្វី	why
hetoqvey	h8t8qv8	ហេតុអ្វី	why
hetoqvi	h8t8qv8	ហេតុអ្វី	why
hetoqvii	h8t8qv8	ហេតុអ្វី	why
hetoqwey	h8t8qw8	ហេតុអ្វី	why
hetoqwi	h8t8qw8	ហេតុអ្វី	why
hetoqwii	h8t8qw8	ហេតុអ្វី	why
hetovey	h8t8v8	ហេតុអ្វី	why
hetovi	h8t8v8	ហេតុអ្វី	why
hetovii	h8t8v8	ហេតុអ្វី	why
hetowey	h8t8w8	ហេតុអ្វី	why
hetowi	h8t8w8	ហេតុអ្វី	why
hetowii	h8t8w8	ហេតុអ្វី	why
heduavey	h8d8v8	ហេតុអ្វី	why
heduavi	h8d8v8	ហេតុអ្វី	why
heduavii	h8d8v8	ហេតុអ្វី	why
heduawey	h8d8w8	ហេតុអ្វី	why
heduawi	h8d8w8	ហេតុអ្វី	why
heduawii	h8d8w8	ហេតុអ្វី	why
heduovey	h8d8v8	ហេតុអ្វី	why
heduovi	h8d8v8	ហេតុអ្វី	why
heduovii	h8d8v8	ហេតុអ្វី	why
heduowey	h8d8w8	ហេតុអ្វី	why
heduowi	h8d8w8	ហេតុអ្វី	why
heduowii	h8d8w8	ហេតុអ្វី	why
heduqvey	h8d8qv8	ហេតុអ្វី	why
heduqvi	h8d8qv8	ហេតុអ្វី	why
heduqvii	h8d8qv8	ហេតុអ្វី	why
heduqwey	h8d8qw8	ហេតុអ្វី	why
heduqwi	h8d8qw8	ហេតុអ្វី	why
heduqwii	h8d8qw8	ហេតុអ្វី	why
heduvey	h8d8v8	ហេតុអ្វី	why
heduvi	h8d8v8	ហេតុអ្វី	why
heduvii	h8d8v8	ហេតុអ្វី	why
heduwey	h8d8w8	ហេតុអ្វី	why
heduwi	h8d8w8	ហេតុអ្វី	why
heduwii	h8d8w8	ហេតុអ្វី	why
hedoavey	h8d8v8	ហេតុអ្វី	why
hedoavi	h8d8v8	ហេតុអ្វី	why
hedoavii	h8d8v8	ហេតុអ្វី	why
hedoawey	h8d8w8	ហេតុអ្វី	why
hedoawi	h8d8w8	ហេតុអ្វី	why
hedoawii	h8d8w8	ហេតុអ្វី	why
hedoovey	h8d8v8	ហេតុអ្វី	why
hedoovi	h8d8v8	ហេតុអ្វី	why
hedoovii	h8d8v8	ហេតុអ្វី	why
hedoowey	h8d8w8	ហេតុអ្វី	why
hedoowi	h8d8w8	ហេតុអ្វី	why
hedoowii	h8d8w8	ហេតុអ្វី	why
hedoqvey	h8d8qv8	ហេតុអ្វី	why
hedoqvi	h8d8qv8	ហេតុអ្វី	why
hedoqvii	h8d8qv8	ហេតុអ្វី	why
hedoqwey	h8d8qw8	ហេតុអ្វី	why
hedoqwi	h8d8qw8	ហេតុអ្វី	why
hedoqwii	h8d8qw8	ហេតុអ្វី	why
hedovey	h8d8v8	ហេតុអ្វី	why
hedovi	h8d8v8	ហេតុអ្វី	why
hedovii	h8d8v8	ហេតុអ្វី	why
hedowey	h8d8w8	ហេតុអ្វី	why
hedowi	h8d8w8	ហេតុអ្វី	why
hedowii	h8d8w8	ហេតុអ្វី	why
heituavey	h8t8v8	ហេតុអ្វី	why
heituavi	h8t8v8	ហេតុអ្វី	why
heituavii	h8t8v8	ហេតុអ្វី	why
heituawey	h8t8w8	ហេតុអ្វី	why
heituawi	h8t8w8	ហេតុអ្វី	why
heituawii	h8t8w8	ហេតុអ្វី	why
heituovey	h8t8v8	ហេតុអ្វី	why
heituovi	h8t8v8	ហេតុអ្វី	why
heituovii	h8t8v8	ហេតុអ្វី	why
heituowey	h8t8w8	ហេតុអ្វី	why
heituowi	h8t8w8	ហេតុអ្វី	why
heituowii	h8t8w8	ហេតុអ្វី	why
heituqvey	h8t8qv8	ហេតុអ្វី	why
heituqvi	h8t8qv8	ហេតុអ្វី	why
heituqvii	h8t8qv8	ហេតុអ្វី	why
heituqwey	h8t8qw8	ហេតុអ្វី	why
heituqwi	h8t8qw8	ហេតុអ្វី	why
heituqwii	h8t8qw8	ហេតុអ្វី	why
heituvey	h8t8v8	ហេតុអ្វី	why
heituvi	h8t8v8	ហេតុអ្វី	why
heituvii	h8t8v8	ហេតុអ្វី	why
heituwey	h8t8w8	ហេតុអ្វី	why
heituwi	h8t8w8	ហេតុអ្វី	why
heituwii	h8t8w8	ហេតុអ្វី	why
haetavey	h8t8v8	ហេតុអ្វី	why
hetavey	h8t8v8	ហេតុអ្វី	why
mech	m8ch	ម៉េច	how / what's wrong
mej	m8j	ម៉េច	how / what's wrong
meich	m8ch	ម៉េច	how / what's wrong
meij	m8j	ម៉េច	how / what's wrong
mich	m8ch	ម៉េច	how / what's wrong
yangmech	8ngm8ch	យ៉ាងម៉េច	how
yangmej	8ngm8j	យ៉ាងម៉េច	how
yangmeich	8ngm8ch	យ៉ាងម៉េច	how
yangmeij	8ngm8j	យ៉ាងម៉េច	how
yangomech	8ng8m8ch	យ៉ាងម៉េច	how
yangomej	8ng8m8j	យ៉ាងម៉េច	how
yangomeich	8ng8m8ch	យ៉ាងម៉េច	how
yangomeij	8ng8m8j	យ៉ាងម៉េច	how
yangamech	8ng8m8ch	យ៉ាងម៉េច	how
yangamej	8ng8m8j	យ៉ាងម៉េច	how
yangameich	8ng8m8ch	យ៉ាងម៉េច	how
yangameij	8ng8m8j	យ៉ាងម៉េច	how
yeangmech	8ngm8ch	យ៉ាងម៉េច	how
yeangmej	8ngm8j	យ៉ាងម៉េច	how
yeangmeich	8ngm8ch	យ៉ាងម៉េច	how
yeangmeij	8ngm8j	យ៉ាងម៉េច	how
yeangomech	8ng8m8ch	យ៉ាងម៉េច	how
yeangomej	8ng8m8j	យ៉ាងម៉េច	how
yeangomeich	8ng8m8ch	យ៉ាងម៉េច	how
yeangomeij	8ng8m8j	យ៉ាងម៉េច	how
yeangamech	8ng8m8ch	យ៉ាងម៉េច	how
yeangamej	8ng8m8j	យ៉ាងម៉េច	how
yeangameich	8ng8m8ch	យ៉ាងម៉េច	how
yeangameij	8ng8m8j	យ៉ាងម៉េច	how
yaangmech	8ngm8ch	យ៉ាងម៉េច	how
yaangmej	8ngm8j	យ៉ាងម៉េច	how
yaangmeich	8ngm8ch	យ៉ាងម៉េច	how
yaangmeij	8ngm8j	យ៉ាងម៉េច	how
yaangomech	8ng8m8ch	យ៉ាងម៉េច	how
yaangomej	8ng8m8j	យ៉ាងម៉េច	how
yaangomeich	8ng8m8ch	យ៉ាងម៉េច	how
yaangomeij	8ng8m8j	យ៉ាងម៉េច	how
yaangamech	8ng8m8ch	យ៉ាងម៉េច	how
yaangamej	8ng8m8j	យ៉ាងម៉េច	how
yaangameich	8ng8m8ch	យ៉ាងម៉េច	how
yaangameij	8ng8m8j	យ៉ាងម៉េច	how
bunman	b8nm8n	ប៉ុន្មាន	how much / many
bunmean	b8nm8n	ប៉ុន្មាន	how much / many
bunmaan	b8nm8n	ប៉ុន្មាន	how much / many
bonman	b8nm8n	ប៉ុន្មាន	how much / many
bonmean	b8nm8n	ប៉ុន្មាន	how much / many
bonmaan	b8nm8n	ប៉ុន្មាន	how much / many
punman	p8nm8n	ប៉ុន្មាន	how much / many
punmean	p8nm8n	ប៉ុន្មាន	how much / many
punmaan	p8nm8n	ប៉ុន្មាន	how much / many
ponman	p8nm8n	ប៉ុន្មាន	how much / many
ponmean	p8nm8n	ប៉ុន្មាន	how much / many
ponmaan	p8nm8n	ប៉ុន្មាន	how much / many
nrna	nrn8	នរណា	who
nrnea	nrn8	នរណា	who
nrnaa	nrn8	នរណា	who
nrona	nr8n8	នរណា	who
nronea	nr8n8	នរណា	who
nronaa	nr8n8	នរណា	who
nrana	nr8n8	នរណា	who
nranea	nr8n8	នរណា	who
nranaa	nr8n8	នរណា	who
norna	n8rn8	នរណា	who
nornea	n8rn8	នរណា	who
nornaa	n8rn8	នរណា	who
norona	n8r8n8	នរណា	who
noronea	n8r8n8	នរណា	who
noronaa	n8r8n8	នរណា	who
norana	n8r8n8	នរណា	who
noranea	n8r8n8	នរណា	who
noranaa	n8r8n8	នរណា	who
narna	n8rn8	នរណា	who
narnea	n8rn8	នរណា	who
narnaa	n8rn8	នរណា	who
narona	n8r8n8	នរណា	who
naronea	n8r8n8	នរណា	who
naronaa	n8r8n8	នរណា	who
narana	n8r8n8	នរណា	who
naranea	n8r8n8	នរណា	who
naranaa	n8r8n8	នរណា	who
ankna	8nkn8	អ្នកណា	who
anknea	8nkn8	អ្នកណា	who
anknaa	8nkn8	អ្នកណា	who
ankona	8nk8n8	អ្នកណា	who
ankonea	8nk8n8	អ្នកណា	who
ankonaa	8nk8n8	អ្នកណា	who
ankana	8nk8n8	អ្នកណា	who
ankanea	8nk8n8	អ្នកណា	who
ankanaa	8nk8n8	អ្នកណា	who
anokna	8n8kn8	អ្នកណា	who
anoknea	8n8kn8	អ្នកណា	who
anoknaa	8n8kn8	អ្នកណា	who
anokona	8n8k8n8	អ្នកណា	who
anokonea	8n8k8n8	អ្នកណា	who
anokonaa	8n8k8n8	អ្នកណា	who
anokana	8n8k8n8	អ្នកណា	who
anokanea	8n8k8n8	អ្នកណា	who
anokanaa	8n8k8n8	អ្នកណា	who
anakna	8n8kn8	អ្នកណា	who
anaknea	8n8kn8	អ្នកណា	who
anaknaa	8n8kn8	អ្នកណា	who
anakona	8n8k8n8	អ្នកណា	who
anakonea	8n8k8n8	អ្នកណា	who
anakonaa	8n8k8n8	អ្នកណា	who
anakana	8n8k8n8	អ្នកណា	who
anakanea	8n8k8n8	អ្នកណា	who
anakanaa	8n8k8n8	អ្នកណា	who
onkna	8nkn8	អ្នកណា	who
onknea	8nkn8	អ្នកណា	who
onknaa	8nkn8	អ្នកណា	who
onkona	8nk8n8	អ្នកណា	who
onkonea	8nk8n8	អ្នកណា	who
onkonaa	8nk8n8	អ្នកណា	who
onkana	8nk8n8	អ្នកណា	who
onkanea	8nk8n8	អ្នកណា	who
onkanaa	8nk8n8	អ្នកណា	who
onokna	8n8kn8	អ្នកណា	who
onoknea	8n8kn8	អ្នកណា	who
onoknaa	8n8kn8	អ្នកណា	who
onokona	8n8k8n8	អ្នកណា	who
onokonea	8n8k8n8	អ្នកណា	who
onokonaa	8n8k8n8	អ្នកណា	who
onokana	8n8k8n8	អ្នកណា	who
onokanea	8n8k8n8	អ្នកណា	who
onokanaa	8n8k8n8	អ្នកណា	who
onakna	8n8kn8	អ្នកណា	who
onaknea	8n8kn8	អ្នកណា	who
onaknaa	8n8kn8	អ្នកណា	who
onakona	8n8k8n8	អ្នកណា	who
onakonea	8n8k8n8	អ្នកណា	who
onakonaa	8n8k8n8	អ្នកណា	who
onakana	8n8k8n8	អ្នកណា	who
onakanea	8n8k8n8	អ្នកណា	who
onakanaa	8n8k8n8	អ្នកណា	who
qnkna	qnkn8	អ្នកណា	who
qnknea	qnkn8	អ្នកណា	who
qnknaa	qnkn8	អ្នកណា	who
qnkona	qnk8n8	អ្នកណា	who
qnkonea	qnk8n8	អ្នកណា	who
qnkonaa	qnk8n8	អ្នកណា	who
qnkana	qnk8n8	អ្នកណា	who
qnkanea	qnk8n8	អ្នកណា	who
qnkanaa	qnk8n8	អ្នកណា	who
qnokna	qn8kn8	អ្នកណា	who
qnoknea	qn8kn8	អ្នកណា	who
qnoknaa	qn8kn8	អ្នកណា	who
qnokona	qn8k8n8	អ្នកណា	who
qnokonea	qn8k8n8	អ្នកណា	who
qnokonaa	qn8k8n8	អ្នកណា	who
qnokana	qn8k8n8	អ្នកណា	who
qnokanea	qn8k8n8	អ្នកណា	who
qnokanaa	qn8k8n8	អ្នកណា	who
qnakna	qn8kn8	អ្នកណា	who
qnaknea	qn8kn8	អ្នកណា	who
qnaknaa	qn8kn8	អ្នកណា	who
qnakona	qn8k8n8	អ្នកណា	who
qnakonea	qn8k8n8	អ្នកណា	who
qnakonaa	qn8k8n8	អ្នកណា	who
qnakana	qn8k8n8	អ្នកណា	who
qnakanea	qn8k8n8	អ្នកណា	who
qnakanaa	qn8k8n8	អ្នកណា	who
nkna	nkn8	អ្នកណា	who
nknea	nkn8	អ្នកណា	who
nknaa	nkn8	អ្នកណា	who
nkona	nk8n8	អ្នកណា	who
nkonea	nk8n8	អ្នកណា	who
nkonaa	nk8n8	អ្នកណា	who
nkana	nk8n8	អ្នកណា	who
nkanea	nk8n8	អ្នកណា	who
nkanaa	nk8n8	អ្នកណា	who
nokna	n8kn8	អ្នកណា	who
noknea	n8kn8	អ្នកណា	who
noknaa	n8kn8	អ្នកណា	who
nokona	n8k8n8	អ្នកណា	who
nokonea	n8k8n8	អ្នកណា	who
nokonaa	n8k8n8	អ្នកណា	who
nokana	n8k8n8	អ្នកណា	who
nokanea	n8k8n8	អ្នកណា	who
nokanaa	n8k8n8	អ្នកណា	who
nakna	n8kn8	អ្នកណា	who
naknea	n8kn8	អ្នកណា	who
naknaa	n8kn8	អ្នកណា	who
nakona	n8k8n8	អ្នកណា	who
nakonea	n8k8n8	អ្នកណា	who
nakonaa	n8k8n8	អ្នកណា	who
nakana	n8k8n8	អ្នកណា	who
nakanea	n8k8n8	អ្នកណា	who
nakanaa	n8k8n8	អ្នកណា	who
neakna	n8kn8	អ្នកណា	who
ning	n8ng	និង	and
neng	n8ng	និង	and
noeng	n8ng	និង	and
nueng	n8ng	និង	and
reu	r8	ឬ	or
rue	r8	ឬ	or
ry	r8	ឬ	or
buntae	b8nt8	ប៉ុន្តែ	but
bunte	b8nt8	ប៉ុន្តែ	but
buntea	b8nt8	ប៉ុន្តែ	but
bundae	b8nd8	ប៉ុន្តែ	but
bunde	b8nd8	ប៉ុន្តែ	but
bundea	b8nd8	ប៉ុន្តែ	but
bontae	b8nt8	ប៉ុន្តែ	but
bonte	b8nt8	ប៉ុន្តែ	but
bontea	b8nt8	ប៉ុន្តែ	but
bondae	b8nd8	ប៉ុន្តែ	but
bonde	b8nd8	ប៉ុន្តែ	but
bondea	b8nd8	ប៉ុន្តែ	but
puntae	p8nt8	ប៉ុន្តែ	but
punte	p8nt8	ប៉ុន្តែ	but
puntea	p8nt8	ប៉ុន្តែ	but
pundae	p8nd8	ប៉ុន្តែ	but
punde	p8nd8	ប៉ុន្តែ	but
pundea	p8nd8	ប៉ុន្តែ	but
pontae	p8nt8	ប៉ុន្តែ	but
ponte	p8nt8	ប៉ុន្តែ	but
pontea	p8nt8	ប៉ុន្តែ	but
pondae	p8nd8	ប៉ុន្តែ	but
ponde	p8nd8	ប៉ុន្តែ	but
pondea	p8nd8	ប៉ុន្តែ	but
tae	t8	តែ	only / but / tea
te	t8	តែ	only / but / tea
tea	t8	តែ	only / but / tea
dae	d8	តែ	only / but / tea
de	d8	តែ	only / but / tea
dea	d8	តែ	only / but / tea
proah	pr8h	ព្រោះ	because
proa	pr8	ព្រោះ	because
proh	pr8h	ព្រោះ	because
praoah	pr8h	ព្រោះ	because
praoa	pr8	ព្រោះ	because
praoh	pr8h	ព្រោះ	because
prouah	pr8h	ព្រោះ	because
proua	pr8	ព្រោះ	because
prouh	pr8h	ព្រោះ	because
proaah	pr8h	ព្រោះ	because
proaa	pr8	ព្រោះ	because
broah	br8h	ព្រោះ	because
broa	br8	ព្រោះ	because
broh	br8h	ព្រោះ	because
braoah	br8h	ព្រោះ	because
braoa	br8	ព្រោះ	because
braoh	br8h	ព្រោះ	because
brouah	br8h	ព្រោះ	because
broua	br8	ព្រោះ	because
brouh	br8h	ព្រោះ	because
broaah	br8h	ព្រោះ	because
broaa	br8	ព្រោះ	because
pruoh	pr8h	ព្រោះ	because
peyproah	p8pr8h	ពីព្រោះ	because
peyproa	p8pr8	ពីព្រោះ	because
peyproh	p8pr8h	ពីព្រោះ	because
peypraoah	p8pr8h	ពីព្រោះ	because
peypraoa	p8pr8	ពីព្រោះ	because
peypraoh	p8pr8h	ពីព្រោះ	because
peyprouah	p8pr8h	ពីព្រោះ	because
peyproua	p8pr8	ពីព្រោះ	because
peyprouh	p8pr8h	ពីព្រោះ	because
peyproaah	p8pr8h	ពីព្រោះ	because
peyproaa	p8pr8	ពីព្រោះ	because
peybroah	p8br8h	ពីព្រោះ	because
peybroa	p8br8	ពីព្រោះ	because
peybroh	p8br8h	ពីព្រោះ	because
peybraoah	p8br8h	ពីព្រោះ	because
peybraoa	p8br8	ពីព្រោះ	because
peybraoh	p8br8h	ពីព្រោះ	because
peybrouah	p8br8h	ពីព្រោះ	because
peybroua	p8br8	ពីព្រោះ	because
peybrouh	p8br8h	ពីព្រោះ	because
peybroaah	p8br8h	ពីព្រោះ	because
peybroaa	p8br8	ពីព្រោះ	because
piproah	p8pr8h	ពីព្រោះ	because
piproa	p8pr8	ពីព្រោះ	because
piproh	p8pr8h	ពីព្រោះ	because
pipraoah	p8pr8h	ពីព្រោះ	because
pipraoa	p8pr8	ពីព្រោះ	because
pipraoh	p8pr8h	ពីព្រោះ	because
piprouah	p8pr8h	ពីព្រោះ	because
piproua	p8pr8	ពីព្រោះ	because
piprouh	p8pr8h	ពីព្រោះ	because
piproaah	p8pr8h	ពីព្រោះ	because
piproaa	p8pr8	ពីព្រោះ	because
pibroah	p8br8h	ពីព្រោះ	because
pibroa	p8br8	ពីព្រោះ	because
pibroh	p8br8h	ពីព្រោះ	because
pibraoah	p8br8h	ពីព្រោះ	because
pibraoa	p8br8	ពីព្រោះ	because
pibraoh	p8br8h	ពីព្រោះ	because
pibrouah	p8br8h	ពីព្រោះ	because
pibroua	p8br8	ពីព្រោះ	because
pibrouh	p8br8h	ពីព្រោះ	because
pibroaah	p8br8h	ពីព្រោះ	because
pibroaa	p8br8	ពីព្រោះ	because
piiproah	p8pr8h	ពីព្រោះ	because
piiproa	p8pr8	ពីព្រោះ	because
piiproh	p8pr8h	ពីព្រោះ	because
piipraoah	p8pr8h	ពីព្រោះ	because
piipraoa	p8pr8	ពីព្រោះ	because
piipraoh	p8pr8h	ពីព្រោះ	because
piiprouah	p8pr8h	ពីព្រោះ	because
piiproua	p8pr8	ពីព្រោះ	because
piiprouh	p8pr8h	ពីព្រោះ	because
piiproaah	p8pr8h	ពីព្រោះ	because
piiproaa	p8pr8	ពីព្រោះ	because
piibroah	p8br8h	ពីព្រោះ	because
piibroa	p8br8	ពីព្រោះ	because
piibroh	p8br8h	ពីព្រោះ	because
piibraoah	p8br8h	ពីព្រោះ	because
piibraoa	p8br8	ពីព្រោះ	because
piibraoh	p8br8h	ពីព្រោះ	because
piibrouah	p8br8h	ពីព្រោះ	because
piibroua	p8br8	ពីព្រោះ	because
piibrouh	p8br8h	ពីព្រោះ	because
piibroaah	p8br8h	ពីព្រោះ	because
piibroaa	p8br8	ពីព្រោះ	because
beyproah	b8pr8h	ពីព្រោះ	because
beyproa	b8pr8	ពីព្រោះ	because
beyproh	b8pr8h	ពីព្រោះ	because
beypraoah	b8pr8h	ពីព្រោះ	because
beypraoa	b8pr8	ពីព្រោះ	because
beypraoh	b8pr8h	ពីព្រោះ	because
beyprouah	b8pr8h	ពីព្រោះ	because
beyproua	b8pr8	ពីព្រោះ	because
beyprouh	b8pr8h	ពីព្រោះ	because
beyproaah	b8pr8h	ពីព្រោះ	because
beyproaa	b8pr8	ពីព្រោះ	because
beybroah	b8br8h	ពីព្រោះ	because
beybroa	b8br8	ពីព្រោះ	because
beybroh	b8br8h	ពីព្រោះ	because
beybraoah	b8br8h	ពីព្រោះ	because
beybraoa	b8br8	ពីព្រោះ	because
beybraoh	b8br8h	ពីព្រោះ	because
beybrouah	b8br8h	ពីព្រោះ	because
beybroua	b8br8	ពីព្រោះ	because
beybrouh	b8br8h	ពីព្រោះ	because
beybroaah	b8br8h	ពីព្រោះ	because
beybroaa	b8br8	ពីព្រោះ	because
biproah	b8pr8h	ពីព្រោះ	because
biproa	b8pr8	ពីព្រោះ	because
biproh	b8pr8h	ពីព្រោះ	because
bipraoah	b8pr8h	ពីព្រោះ	because
bipraoa	b8pr8	ពីព្រោះ	because
bipraoh	b8pr8h	ពីព្រោះ	because
biprouah	b8pr8h	ពីព្រោះ	because
biproua	b8pr8	ពីព្រោះ	because
biprouh	b8pr8h	ពីព្រោះ	because
biproaah	b8pr8h	ពីព្រោះ	because
biproaa	b8pr8	ពីព្រោះ	because
bibroah	b8br8h	ពីព្រោះ	because
bibroa	b8br8	ពីព្រោះ	because
bibroh	b8br8h	ពីព្រោះ	because
bibraoah	b8br8h	ពីព្រោះ	because
bibraoa	b8br8	ពីព្រោះ	because
bibraoh	b8br8h	ពីព្រោះ	because
bibrouah	b8br8h	ពីព្រោះ	because
bibroua	b8br8	ពីព្រោះ	because
bibrouh	b8br8h	ពីព្រោះ	because
bibroaah	b8br8h	ពីព្រោះ	because
bibroaa	b8br8	ពីព្រោះ	because
pipruoh	p8pr8h	ពីព្រោះ	because
douchneah	d8chn8h	ដូច្នេះ	so, therefore
douchnea	d8chn8	ដូច្នេះ	so, therefore
douchneh	d8chn8h	ដូច្នេះ	so, therefore
douchneiah	d8chn8h	ដូច្នេះ	so, therefore
douchneia	d8chn8	ដូច្នេះ	so, therefore
douchneih	d8chn8h	ដូច្នេះ	so, therefore
doujneah	d8jn8h	ដូច្នេះ	so, therefore
doujnea	d8jn8	ដូច្នេះ	so, therefore
doujneh	d8jn8h	ដូច្នេះ	so, therefore
doujneiah	d8jn8h	ដូច្នេះ	so, therefore
doujneia	d8jn8	ដូច្នេះ	so, therefore
doujneih	d8jn8h	ដូច្នេះ	so, therefore
duchneah	d8chn8h	ដូច្នេះ	so, therefore
duchnea	d8chn8	ដូច្នេះ	so, therefore
duchneh	d8chn8h	ដូច្នេះ	so, therefore
duchneiah	d8chn8h	ដូច្នេះ	so, therefore
duchneia	d8chn8	ដូច្នេះ	so, therefore
duchneih	d8chn8h	ដូច្នេះ	so, therefore
dujneah	d8jn8h	ដូច្នេះ	so, therefore
dujnea	d8jn8	ដូច្នេះ	so, therefore
dujneh	d8jn8h	ដូច្នេះ	so, therefore
dujneiah	d8jn8h	ដូច្នេះ	so, therefore
dujneia	d8jn8	ដូច្នេះ	so, therefore
dujneih	d8jn8h	ដូច្នេះ	so, therefore
dochneah	d8chn8h	ដូច្នេះ	so, therefore
dochnea	d8chn8	ដូច្នេះ	so, therefore
dochneh	d8chn8h	ដូច្នេះ	so, therefore
dochneiah	d8chn8h	ដូច្នេះ	so, therefore
dochneia	d8chn8	ដូច្នេះ	so, therefore
dochneih	d8chn8h	ដូច្នេះ	so, therefore
dojneah	d8jn8h	ដូច្នេះ	so, therefore
dojnea	d8jn8	ដូច្នេះ	so, therefore
dojneh	d8jn8h	ដូច្នេះ	so, therefore
dojneiah	d8jn8h	ដូច្នេះ	so, therefore
dojneia	d8jn8	ដូច្នេះ	so, therefore
dojneih	d8jn8h	ដូច្នេះ	so, therefore
duuchneah	d8chn8h	ដូច្នេះ	so, therefore
duuchnea	d8chn8	ដូច្នេះ	so, therefore
duuchneh	d8chn8h	ដូច្នេះ	so, therefore
duuchneiah	d8chn8h	ដូច្នេះ	so, therefore
duuchneia	d8chn8	ដូច្នេះ	so, therefore
duuchneih	d8chn8h	ដូច្នេះ	so, therefore
duujneah	d8jn8h	ដូច្នេះ	so, therefore
duujnea	d8jn8	ដូច្នេះ	so, therefore
duujneh	d8jn8h	ដូច្នេះ	so, therefore
duujneiah	d8jn8h	ដូច្នេះ	so, therefore
duujneia	d8jn8	ដូច្នេះ	so, therefore
duujneih	d8jn8h	ដូច្នេះ	so, therefore
bae	b8	បើ	if
ber	b8r	បើ	if
beu	b8	បើ	if
baeu	b8	បើ	if
pae	p8	បើ	if
per	p8r	បើ	if
peu	p8	បើ	if
paeu	p8	បើ	if
brsinbae	brs8nb8	ប្រសិនបើ	if
brsinber	brs8nb8r	ប្រសិនបើ	if
brsinbeu	brs8nb8	ប្រសិនបើ	if
brsinbaeu	brs8nb8	ប្រសិនបើ	if
brsinpae	brs8np8	ប្រសិនបើ	if
brsinper	brs8np8r	ប្រសិនបើ	if
brsinpeu	brs8np8	ប្រសិនបើ	if
brsinpaeu	brs8np8	ប្រសិនបើ	if
brsinobae	brs8n8b8	ប្រសិនបើ	if
brsinober	brs8n8b8r	ប្រសិនបើ	if
brsinobeu	brs8n8b8	ប្រសិនបើ	if
brsinobaeu	brs8n8b8	ប្រសិនបើ	if
brsinopae	brs8n8p8	ប្រសិនបើ	if
brsinoper	brs8n8p8r	ប្រសិនបើ	if
brsinopeu	brs8n8p8	ប្រសិនបើ	if
brsinopaeu	brs8n8p8	ប្រសិនបើ	if
brsinabae	brs8n8b8	ប្រសិនបើ	if
brsinaber	brs8n8b8r	ប្រសិនបើ	if
brsinabeu	brs8n8b8	ប្រសិនបើ	if
brsinabaeu	brs8n8b8	ប្រសិនបើ	if
brsinapae	brs8n8p8	ប្រសិនបើ	if
brsinaper	brs8n8p8r	ប្រសិនបើ	if
brsinapeu	brs8n8p8	ប្រសិនបើ	if
brsinapaeu	brs8n8p8	ប្រសិនបើ	if
brsenbae	brs8nb8	ប្រសិនបើ	if
brsenber	brs8nb8r	ប្រសិនបើ	if
brsenbeu	brs8nb8	ប្រសិនបើ	if
brsenbaeu	brs8nb8	ប្រសិនបើ	if
brsenpae	brs8np8	ប្រសិនបើ	if
brsenper	brs8np8r	ប្រសិនបើ	if
brsenpeu	brs8np8	ប្រសិនបើ	if
brsenpaeu	brs8np8	ប្រសិនបើ	if
brsenobae	brs8n8b8	ប្រសិនបើ	if
brsenober	brs8n8b8r	ប្រសិនបើ	if
brsenobeu	brs8n8b8	ប្រសិនបើ	if
brsenobaeu	brs8n8b8	ប្រសិនបើ	if
brsenopae	brs8n8p8	ប្រសិនបើ	if
brsenoper	brs8n8p8r	ប្រសិនបើ	if
brsenopeu	brs8n8p8	ប្រសិនបើ	if
brsenopaeu	brs8n8p8	ប្រសិនបើ	if
brsenabae	brs8n8b8	ប្រសិនបើ	if
brsenaber	brs8n8b8r	ប្រសិនបើ	if
brsenabeu	brs8n8b8	ប្រសិនបើ	if
brsenabaeu	brs8n8b8	ប្រសិនបើ	if
brsenapae	brs8n8p8	ប្រសិនបើ	if
brsenaper	brs8n8p8r	ប្រសិនបើ	if
brsenapeu	brs8n8p8	ប្រសិនបើ	if
brsenapaeu	brs8n8p8	ប្រសិនបើ	if
brosinbae	br8s8nb8	ប្រសិនបើ	if
brosinber	br8s8nb8r	ប្រសិនបើ	if
brosinbeu	br8s8nb8	ប្រសិនបើ	if
brosinbaeu	br8s8nb8	ប្រសិនបើ	if
brosinpae	br8s8np8	ប្រសិនបើ	if
brosinper	br8s8np8r	ប្រសិនបើ	if
brosinpeu	br8s8np8	ប្រសិនបើ	if
brosinpaeu	br8s8np8	ប្រសិនបើ	if
brosinobae	br8s8n8b8	ប្រសិនបើ	if
brosinober	br8s8n8b8r	ប្រសិនបើ	if
brosinobeu	br8s8n8b8	ប្រសិនបើ	if
brosinobaeu	br8s8n8b8	ប្រសិនបើ	if
brosinopae	br8s8n8p8	ប្រសិនបើ	if
brosinoper	br8s8n8p8r	ប្រសិនបើ	if
brosinopeu	br8s8n8p8	ប្រសិនបើ	if
brosinopaeu	br8s8n8p8	ប្រសិនបើ	if
brosinabae	br8s8n8b8	ប្រសិនបើ	if
brosinaber	br8s8n8b8r	ប្រសិនបើ	if
brosinabeu	br8s8n8b8	ប្រសិនបើ	if
brosinabaeu	br8s8n8b8	ប្រសិនបើ	if
brosinapae	br8s8n8p8	ប្រសិនបើ	if
brosinaper	br8s8n8p8r	ប្រសិនបើ	if
brosinapeu	br8s8n8p8	ប្រសិនបើ	if
brosinapaeu	br8s8n8p8	ប្រសិនបើ	if
brosenbae	br8s8nb8	ប្រសិនបើ	if
brosenber	br8s8nb8r	ប្រសិនបើ	if
brosenbeu	br8s8nb8	ប្រសិនបើ	if
brosenbaeu	br8s8nb8	ប្រសិនបើ	if
brosenpae	br8s8np8	ប្រសិនបើ	if
brosenper	br8s8np8r	ប្រសិនបើ	if
brosenpeu	br8s8np8	ប្រសិនបើ	if
brosenpaeu	br8s8np8	ប្រសិនបើ	if
brosenobae	br8s8n8b8	ប្រសិនបើ	if
brosenober	br8s8n8b8r	ប្រសិនបើ	if
brosenobeu	br8s8n8b8	ប្រសិនបើ	if
brosenobaeu	br8s8n8b8	ប្រសិនបើ	if
brosenopae	br8s8n8p8	ប្រសិនបើ	if
brosenoper	br8s8n8p8r	ប្រសិនបើ	if
brosenopeu	br8s8n8p8	ប្រសិនបើ	if
brosenopaeu	br8s8n8p8	ប្រសិនបើ	if
brosenabae	br8s8n8b8	ប្រសិនបើ	if
brosenaber	br8s8n8b8r	ប្រសិនបើ	if
brosenabeu	br8s8n8b8	ប្រសិនបើ	if
brosenabaeu	br8s8n8b8	ប្រសិនបើ	if
brosenapae	br8s8n8p8	ប្រសិនបើ	if
brosenaper	br8s8n8p8r	ប្រសិនបើ	if
brosenapeu	br8s8n8p8	ប្រសិនបើ	if
brosenapaeu	br8s8n8p8	ប្រសិនបើ	if
brasinbae	br8s8nb8	ប្រសិនបើ	if
brasinber	br8s8nb8r	ប្រសិនបើ	if
brasinbeu	br8s8nb8	ប្រសិនបើ	if
brasinbaeu	br8s8nb8	ប្រសិនបើ	if
brasinpae	br8s8np8	ប្រសិនបើ	if
brasinper	br8s8np8r	ប្រសិនបើ	if
brasinpeu	br8s8np8	ប្រសិនបើ	if
brasinpaeu	br8s8np8	ប្រសិនបើ	if
brasinobae	br8s8n8b8	ប្រសិនបើ	if
brasinober	br8s8n8b8r	ប្រសិនបើ	if
brasinobeu	br8s8n8b8	ប្រសិនបើ	if
brasinobaeu	br8s8n8b8	ប្រសិនបើ	if
brasinopae	br8s8n8p8	ប្រសិនបើ	if
brasinoper	br8s8n8p8r	ប្រសិនបើ	if
brasinopeu	br8s8n8p8	ប្រសិនបើ	if
brasinopaeu	br8s8n8p8	ប្រសិនបើ	if
brasinabae	br8s8n8b8	ប្រសិនបើ	if
brasinaber	br8s8n8b8r	ប្រសិនបើ	if
brasinabeu	br8s8n8b8	ប្រសិនបើ	if
brasinabaeu	br8s8n8b8	ប្រសិនបើ	if
brasinapae	br8s8n8p8	ប្រសិនបើ	if
brasinaper	br8s8n8p8r	ប្រសិនបើ	if
brasinapeu	br8s8n8p8	ប្រសិនបើ	if
brasinapaeu	br8s8n8p8	ប្រសិនបើ	if
prasenbaeu	pr8s8nb8	ប្រសិនបើ	if
prasenber	pr8s8nb8r	ប្រសិនបើ	if
pel	p8l	ពេល	time / when
peil	p8l	ពេល	time / when
bel	b8l	ពេល	time / when
beil	b8l	ពេល	time / when
mun	m8n	មុន	before
mon	m8n	មុន	before
kroy	kr8	ក្រោយ	after
kraoy	kr8	ក្រោយ	after
krouy	kr8	ក្រោយ	after
kroay	kr8	ក្រោយ	after
chamuoy	ch8m8	ជាមួយ	with
chamuay	ch8m8	ជាមួយ	with
chamuy	ch8m8	ជាមួយ	with
cheamuoy	ch8m8	ជាមួយ	with
cheamuay	ch8m8	ជាមួយ	with
cheamuy	ch8m8	ជាមួយ	with
chaamuoy	ch8m8	ជាមួយ	with
chaamuay	ch8m8	ជាមួយ	with
chaamuy	ch8m8	ជាមួយ	with
jamuoy	j8m8	ជាមួយ	with
jamuay	j8m8	ជាមួយ	with
jamuy	j8m8	ជាមួយ	with
jeamuoy	j8m8	ជាមួយ	with
jeamuay	j8m8	ជាមួយ	with
jeamuy	j8m8	ជាមួយ	with
jaamuoy	j8m8	ជាមួយ	with
jaamuay	j8m8	ជាមួយ	with
jaamuy	j8m8	ជាមួយ	with
chiamuoy	ch8m8	ជាមួយ	with
smrab	smr8b	សម្រាប់	for
smrab'	smr8b'	សម្រាប់	for
smrap	smr8p	សម្រាប់	for
smrap'	smr8p'	សម្រាប់	for
smreab	smr8b	សម្រាប់	for
smreab'	smr8b'	សម្រាប់	for
smreap	smr8p	សម្រាប់	for
smreap'	smr8p'	សម្រាប់	for
smraab	smr8b	សម្រាប់	for
smraab'	smr8b'	សម្រាប់	for
smraap	smr8p	សម្រាប់	for
smraap'	smr8p'	សម្រាប់	for
somrab	s8mr8b	សម្រាប់	for
somrab'	s8mr8b'	សម្រាប់	for
somrap	s8mr8p	សម្រាប់	for
somrap'	s8mr8p'	សម្រាប់	for
somreab	s8mr8b	សម្រាប់	for
somreab'	s8mr8b'	សម្រាប់	for
somreap	s8mr8p	សម្រាប់	for
somreap'	s8mr8p'	សម្រាប់	for
somraab	s8mr8b	សម្រាប់	for
somraab'	s8mr8b'	សម្រាប់	for
somraap	s8mr8p	សម្រាប់	for
somraap'	s8mr8p'	សម្រាប់	for
samrab	s8mr8b	សម្រាប់	for
samrab'	s8mr8b'	សម្រាប់	for
samrap	s8mr8p	សម្រាប់	for
samrap'	s8mr8p'	សម្រាប់	for
samreab	s8mr8b	សម្រាប់	for
samreab'	s8mr8b'	សម្រាប់	for
samreap	s8mr8p	សម្រាប់	for
samreap'	s8mr8p'	សម្រាប់	for
samraab	s8mr8b	សម្រាប់	for
samraab'	s8mr8b'	សម្រាប់	for
samraap	s8mr8p	សម្រាប់	for
samraap'	s8mr8p'	សម្រាប់	for
pey	p8	ពី	from / about
pi	p8	ពី	from / about
pii	p8	ពី	from / about
bey	b8	ពី	from / about
bi	b8	ពី	from / about
bii	b8	ពី	from / about
dl	dl	ដល់	until / to / arrive
dl'	dl'	ដល់	until / to / arrive
dol	d8l	ដល់	until / to / arrive
dol'	d8l'	ដល់	until / to / arrive
dal	d8l	ដល់	until / to / arrive
dal'	d8l'	ដល់	until / to / arrive
knung	kn8ng	ក្នុង	in
knong	kn8ng	ក្នុង	in
lae	l8	លើ	on
ler	l8r	លើ	on
leu	l8	លើ	on
laeu	l8	លើ	on
leur	l8r	លើ	on
krom	kr8m	ក្រោម	under
kraom	kr8m	ក្រោម	under
kroum	kr8m	ក្រោម	under
kroam	kr8m	ក្រោម	under
krov	kr8v	ក្រៅ	outside
krau	kr8	ក្រៅ	outside
krow	kr8w	ក្រៅ	outside
krav	kr8v	ក្រៅ	outside
krao	kr8	ក្រៅ	outside
neah	n8h	នេះ	this
nea	n8	នេះ	this
neh	n8h	នេះ	this
neiah	n8h	នេះ	this
neia	n8	នេះ	this
neih	n8h	នេះ	this
nih	n8h	នេះ	this
nis	n8s	នេះ	this
noah	n8h	នោះ	that
noa	n8	នោះ	that
noh	n8h	នោះ	that
naoah	n8h	នោះ	that
naoa	n8	នោះ	that
naoh	n8h	នោះ	that
nouah	n8h	នោះ	that
noua	n8	នោះ	that
nouh	n8h	នោះ	that
noaah	n8h	នោះ	that
noaa	n8	នោះ	that
nuh	n8h	នោះ	that
nus	n8s	នោះ	that
taamngas	t8mng8s	ទាំងអស់	all
taamngas'	t8mng8s'	ទាំងអស់	all
taamngaos	t8mng8s	ទាំងអស់	all
taamngaos'	t8mng8s'	ទាំងអស់	all
taamngaas	t8mng8s	ទាំងអស់	all
taamngaas'	t8mng8s'	ទាំងអស់	all
taamngos	t8mng8s	ទាំងអស់	all
taamngos'	t8mng8s'	ទាំងអស់	all
taamngoos	t8mng8s	ទាំងអស់	all
taamngoos'	t8mng8s'	ទាំងអស់	all
taamngoas	t8mng8s	ទាំងអស់	all
taamngoas'	t8mng8s'	ទាំងអស់	all
taamngqs	t8mngqs	ទាំងអស់	all
taamngqs'	t8mngqs'	ទាំងអស់	all
taamngqos	t8mngq8s	ទាំងអស់	all
taamngqos'	t8mngq8s'	ទាំងអស់	all
taamngqas	t8mngq8s	ទាំងអស់	all
taamngqas'	t8mngq8s'	ទាំងអស់	all
taamngs	t8mngs	ទាំងអស់	all
taamngs'	t8mngs'	ទាំងអស់	all
taamngoaos	t8mng8s	ទាំងអស់	all
taamngoaos'	t8mng8s'	ទាំងអស់	all
taamngoaas	t8mng8s	ទាំងអស់	all
taamngoaas'	t8mng8s'	ទាំងអស់	all
taamngooos	t8mng8s	ទាំងអស់	all
taamngooos'	t8mng8s'	ទាំងអស់	all
taamngooas	t8mng8s	ទាំងអស់	all
taamngooas'	t8mng8s'	ទាំងអស់	all
taamngoqs	t8mng8qs	ទាំងអស់	all
taamngoqs'	t8mng8qs'	ទាំងអស់	all
taamngoqos	t8mng8q8s	ទាំងអស់	all
taamngoqos'	t8mng8q8s'	ទាំងអស់	all
taamngoqas	t8mng8q8s	ទាំងអស់	all
taamngoqas'	t8mng8q8s'	ទាំងអស់	all
taamngaaos	t8mng8s	ទាំងអស់	all
taamngaaos'	t8mng8s'	ទាំងអស់	all
taamngaaas	t8mng8s	ទាំងអស់	all
taamngaaas'	t8mng8s'	ទាំងអស់	all
taamngaoos	t8mng8s	ទាំងអស់	all
taamngaoos'	t8mng8s'	ទាំងអស់	all
taamngaoas	t8mng8s	ទាំងអស់	all
taamngaoas'	t8mng8s'	ទាំងអស់	all
taamngaqs	t8mng8qs	ទាំងអស់	all
taamngaqs'	t8mng8qs'	ទាំងអស់	all
taamngaqos	t8mng8q8s	ទាំងអស់	all
taamngaqos'	t8mng8q8s'	ទាំងអស់	all
taamngaqas	t8mng8q8s	ទាំងអស់	all
taamngaqas'	t8mng8q8s'	ទាំងអស់	all
taomngas	t8mng8s	ទាំងអស់	all
taomngas'	t8mng8s'	ទាំងអស់	all
taomngaos	t8mng8s	ទាំងអស់	all
taomngaos'	t8mng8s'	ទាំងអស់	all
taomngaas	t8mng8s	ទាំងអស់	all
taomngaas'	t8mng8s'	ទាំងអស់	all
taomngos	t8mng8s	ទាំងអស់	all
taomngos'	t8mng8s'	ទាំងអស់	all
taomngoos	t8mng8s	ទាំងអស់	all
taomngoos'	t8mng8s'	ទាំងអស់	all
taomngoas	t8mng8s	ទាំងអស់	all
taomngoas'	t8mng8s'	ទាំងអស់	all
taomngqs	t8mngqs	ទាំងអស់	all
taomngqs'	t8mngqs'	ទាំងអស់	all
taomngqos	t8mngq8s	ទាំងអស់	all
taomngqos'	t8mngq8s'	ទាំងអស់	all
taomngqas	t8mngq8s	ទាំងអស់	all
taomngqas'	t8mngq8s'	ទាំងអស់	all
taomngs	t8mngs	ទាំងអស់	all
taomngs'	t8mngs'	ទាំងអស់	all
taomngoaos	t8mng8s	ទាំងអស់	all
taomngoaos'	t8mng8s'	ទាំងអស់	all
taomngoaas	t8mng8s	ទាំងអស់	all
taomngoaas'	t8mng8s'	ទាំងអស់	all
taomngooos	t8mng8s	ទាំងអស់	all
taomngooos'	t8mng8s'	ទាំងអស់	all
taomngooas	t8mng8s	ទាំងអស់	all
taomngooas'	t8mng8s'	ទាំងអស់	all
taomngoqs	t8mng8qs	ទាំងអស់	all
taomngoqs'	t8mng8qs'	ទាំងអស់	all
taomngoqos	t8mng8q8s	ទាំងអស់	all
taomngoqos'	t8mng8q8s'	ទាំងអស់	all
taomngoqas	t8mng8q8s	ទាំងអស់	all
taomngoqas'	t8mng8q8s'	ទាំងអស់	all
teangos	t8ng8s	ទាំងអស់	all
tangoh	t8ng8h	ទាំងអស់	all
teangoh	t8ng8h	ទាំងអស់	all
khlah	khl8h	ខ្លះ	some
khla	khl8	ខ្លះ	some
khlh	khlh	ខ្លះ	some
klah	kl8h	ខ្លះ	some
phng	phng	ផង	also, too
phong	ph8ng	ផង	also, too
phang	ph8ng	ផង	also, too
daer	d8r	ដែរ	also, too
der	d8r	ដែរ	also, too
dear	d8r	ដែរ	also, too
dae	d8	ដែរ	also, too
nas	n8s	ណាស់	very
nas'	n8s'	ណាស់	very
neas	n8s	ណាស់	very
neas'	n8s'	ណាស់	very
naas	n8s	ណាស់	very
naas'	n8s'	ណាស់	very
nah	n8h	ណាស់	very
pek	p8k	ពេក	too (much)
peik	p8k	ពេក	too (much)
bek	b8k	ពេក	too (much)
beik	b8k	ពេក	too (much)
haey	h8	ហើយ	already / and then
hery	h8r8	ហើយ	already / and then
heuy	h8	ហើយ	already / and then
haeuy	h8	ហើយ	already / and then
hoey	h8	ហើយ	already / and then
noeng	n8ng	នឹង	will
neung	n8ng	នឹង	will
neng	n8ng	នឹង	will
nung	n8ng	នឹង	will
kampung	k8mp8ng	កំពុង	(in the middle of)
kampong	k8mp8ng	កំពុង	(in the middle of)
kambung	k8mb8ng	កំពុង	(in the middle of)
kambong	k8mb8ng	កំពុង	(in the middle of)
kompung	k8mp8ng	កំពុង	(in the middle of)
kompong	k8mp8ng	កំពុង	(in the middle of)
kombung	k8mb8ng	កំពុង	(in the middle of)
kombong	k8mb8ng	កំពុង	(in the middle of)
kumpung	k8mp8ng	កំពុង	(in the middle of)
kumpong	k8mp8ng	កំពុង	(in the middle of)
kumbung	k8mb8ng	កំពុង	(in the middle of)
kumbong	k8mb8ng	កំពុង	(in the middle of)
min	m8n	មិន	not
men	m8n	មិន	not
at	8t	អត់	no, not (colloq.)
at'	8t'	អត់	no, not (colloq.)
ad	8d	អត់	no, not (colloq.)
ad'	8d'	អត់	no, not (colloq.)
aot	8t	អត់	no, not (colloq.)
aot'	8t'	អត់	no, not (colloq.)
aod	8d	អត់	no, not (colloq.)
aod'	8d'	អត់	no, not (colloq.)
aat	8t	អត់	no, not (colloq.)
aat'	8t'	អត់	no, not (colloq.)
aad	8d	អត់	no, not (colloq.)
aad'	8d'	អត់	no, not (colloq.)
ot	8t	អត់	no, not (colloq.)
ot'	8t'	អត់	no, not (colloq.)
od	8d	អត់	no, not (colloq.)
od'	8d'	អត់	no, not (colloq.)
oot	8t	អត់	no, not (colloq.)
oot'	8t'	អត់	no, not (colloq.)
ood	8d	អត់	no, not (colloq.)
ood'	8d'	អត់	no, not (colloq.)
oat	8t	អត់	no, not (colloq.)
oat'	8t'	អត់	no, not (colloq.)
oad	8d	អត់	no, not (colloq.)
oad'	8d'	អត់	no, not (colloq.)
qt	qt	អត់	no, not (colloq.)
qt'	qt'	អត់	no, not (colloq.)
qd	qd	អត់	no, not (colloq.)
qd'	qd'	អត់	no, not (colloq.)
qot	q8t	អត់	no, not (colloq.)
qot'	q8t'	អត់	no, not (colloq.)
qod	q8d	អត់	no, not (colloq.)
qod'	q8d'	អត់	no, not (colloq.)
qat	q8t	អត់	no, not (colloq.)
qat'	q8t'	អត់	no, not (colloq.)
qad	q8d	អត់	no, not (colloq.)
qad'	q8d'	អត់	no, not (colloq.)
t	t	អត់	no, not (colloq.)
t'	t'	អត់	no, not (colloq.)
d	d	អត់	no, not (colloq.)
d'	d'	អត់	no, not (colloq.)
aut	8t	អត់	no, not (colloq.)
kuam	k8m	កុំ	don't
kuom	k8m	កុំ	don't
kuum	k8m	កុំ	don't
koam	k8m	កុំ	don't
koom	k8m	កុំ	don't
koum	k8m	កុំ	don't
kom	k8m	កុំ	don't
kum	k8m	កុំ	don't
mtngtiet	mtngt8t	ម្តងទៀត	again
mtngtied	mtngt8d	ម្តងទៀត	again
mtngteat	mtngt8t	ម្តងទៀត	again
mtngtead	mtngt8d	ម្តងទៀត	again
mtngdiet	mtngd8t	ម្តងទៀត	again
mtngdied	mtngd8d	ម្តងទៀត	again
mtngdeat	mtngd8t	ម្តងទៀត	again
mtngdead	mtngd8d	ម្តងទៀត	again
mtngddiet	mtngdd8t	ម្តងទៀត	again
mtngddied	mtngdd8d	ម្តងទៀត	again
mtngddeat	mtngdd8t	ម្តងទៀត	again
mtngddead	mtngdd8d	ម្តងទៀត	again
mtngotiet	mtng8t8t	ម្តងទៀត	again
mtngotied	mtng8t8d	ម្តងទៀត	again
mtngoteat	mtng8t8t	ម្តងទៀត	again
mtngotead	mtng8t8d	ម្តងទៀត	again
mtngodiet	mtng8d8t	ម្តងទៀត	again
mtngodied	mtng8d8d	ម្តងទៀត	again
mtngodeat	mtng8d8t	ម្តងទៀត	again
mtngodead	mtng8d8d	ម្តងទៀត	again
mtngoddiet	mtng8dd8t	ម្តងទៀត	again
mtngoddied	mtng8dd8d	ម្តងទៀត	again
mtngoddeat	mtng8dd8t	ម្តងទៀត	again
mtngoddead	mtng8dd8d	ម្តងទៀត	again
mtngatiet	mtng8t8t	ម្តងទៀត	again
mtngatied	mtng8t8d	ម្តងទៀត	again
mtngateat	mtng8t8t	ម្តងទៀត	again
mtngatead	mtng8t8d	ម្តងទៀត	again
mtngadiet	mtng8d8t	ម្តងទៀត	again
mtngadied	mtng8d8d	ម្តងទៀត	again
mtngadeat	mtng8d8t	ម្តងទៀត	again
mtngadead	mtng8d8d	ម្តងទៀត	again
mtngaddiet	mtng8dd8t	ម្តងទៀត	again
mtngaddied	mtng8dd8d	ម្តងទៀត	again
mtngaddeat	mtng8dd8t	ម្តងទៀត	again
mtngaddead	mtng8dd8d	ម្តងទៀត	again
mtongtiet	mt8ngt8t	ម្តងទៀត	again
mtongtied	mt8ngt8d	ម្តងទៀត	again
mtongteat	mt8ngt8t	ម្តងទៀត	again
mtongtead	mt8ngt8d	ម្តងទៀត	again
mtongdiet	mt8ngd8t	ម្តងទៀត	again
mtongdied	mt8ngd8d	ម្តងទៀត	again
mtongdeat	mt8ngd8t	ម្តងទៀត	again
mtongdead	mt8ngd8d	ម្តងទៀត	again
mtongddiet	mt8ngdd8t	ម្តងទៀត	again
mtongddied	mt8ngdd8d	ម្តងទៀត	again
mtongddeat	mt8ngdd8t	ម្តងទៀត	again
mtongddead	mt8ngdd8d	ម្តងទៀត	again
mtongotiet	mt8ng8t8t	ម្តងទៀត	again
mtongotied	mt8ng8t8d	ម្តងទៀត	again
mtongoteat	mt8ng8t8t	ម្តងទៀត	again
mtongotead	mt8ng8t8d	ម្តងទៀត	again
mtongodiet	mt8ng8d8t	ម្តងទៀត	again
mtongodied	mt8ng8d8d	ម្តងទៀត	again
mtongodeat	mt8ng8d8t	ម្តងទៀត	again
mtongodead	mt8ng8d8d	ម្តងទៀត	again
mtongoddiet	mt8ng8dd8t	ម្តងទៀត	again
mtongoddied	mt8ng8dd8d	ម្តងទៀត	again
mtongoddeat	mt8ng8dd8t	ម្តងទៀត	again
mtongoddead	mt8ng8dd8d	ម្តងទៀត	again
mtongatiet	mt8ng8t8t	ម្តងទៀត	again
mtongatied	mt8ng8t8d	ម្តងទៀត	again
mtongateat	mt8ng8t8t	ម្តងទៀត	again
mtongatead	mt8ng8t8d	ម្តងទៀត	again
mtongadiet	mt8ng8d8t	ម្តងទៀត	again
mtongadied	mt8ng8d8d	ម្តងទៀត	again
mtongadeat	mt8ng8d8t	ម្តងទៀត	again
mtongadead	mt8ng8d8d	ម្តងទៀត	again
mtongaddiet	mt8ng8dd8t	ម្តងទៀត	again
mtongaddied	mt8ng8dd8d	ម្តងទៀត	again
mtongaddeat	mt8ng8dd8t	ម្តងទៀត	again
mtongaddead	mt8ng8dd8d	ម្តងទៀត	again
mtangtiet	mt8ngt8t	ម្តងទៀត	again
mtangtied	mt8ngt8d	ម្តងទៀត	again
mtangteat	mt8ngt8t	ម្តងទៀត	again
mtangtead	mt8ngt8d	ម្តងទៀត	again
mtangdiet	mt8ngd8t	ម្តងទៀត	again
mtangdied	mt8ngd8d	ម្តងទៀត	again
mtangdeat	mt8ngd8t	ម្តងទៀត	again
mtangdead	mt8ngd8d	ម្តងទៀត	again
mtangddiet	mt8ngdd8t	ម្តងទៀត	again
mtangddied	mt8ngdd8d	ម្តងទៀត	again
mtangddeat	mt8ngdd8t	ម្តងទៀត	again
mtangddead	mt8ngdd8d	ម្តងទៀត	again
mtangotiet	mt8ng8t8t	ម្តងទៀត	again
mtangotied	mt8ng8t8d	ម្តងទៀត	again
mtangoteat	mt8ng8t8t	ម្តងទៀត	again
mtangotead	mt8ng8t8d	ម្តងទៀត	again
mtangodiet	mt8ng8d8t	ម្តងទៀត	again
mtangodied	mt8ng8d8d	ម្តងទៀត	again
mtangodeat	mt8ng8d8t	ម្តងទៀត	again
mtangodead	mt8ng8d8d	ម្តងទៀត	again
mtangoddiet	mt8ng8dd8t	ម្តងទៀត	again
mtangoddied	mt8ng8dd8d	ម្តងទៀត	again
mtangoddeat	mt8ng8dd8t	ម្តងទៀត	again
mtangoddead	mt8ng8dd8d	ម្តងទៀត	again
mtangatiet	mt8ng8t8t	ម្តងទៀត	again
mtangatied	mt8ng8t8d	ម្តងទៀត	again
mtangateat	mt8ng8t8t	ម្តងទៀត	again
mtangatead	mt8ng8t8d	ម្តងទៀត	again
mtangadiet	mt8ng8d8t	ម្តងទៀត	again
mtangadied	mt8ng8d8d	ម្តងទៀត	again
mtangadeat	mt8ng8d8t	ម្តងទៀត	again
mtangadead	mt8ng8d8d	ម្តងទៀត	again
mtangaddiet	mt8ng8dd8t	ម្តងទៀត	again
mtangaddied	mt8ng8dd8d	ម្តងទៀត	again
mtangaddeat	mt8ng8dd8t	ម្តងទៀត	again
mtangaddead	mt8ng8dd8d	ម្តងទៀត	again
mdngtiet	mdngt8t	ម្តងទៀត	again
mdngtied	mdngt8d	ម្តងទៀត	again
mdngteat	mdngt8t	ម្តងទៀត	again
mdngtead	mdngt8d	ម្តងទៀត	again
mdngdiet	mdngd8t	ម្តងទៀត	again
mdngdied	mdngd8d	ម្តងទៀត	again
mdngdeat	mdngd8t	ម្តងទៀត	again
mdngdead	mdngd8d	ម្តងទៀត	again
mdngddiet	mdngdd8t	ម្តងទៀត	again
mdngddied	mdngdd8d	ម្តងទៀត	again
mdngddeat	mdngdd8t	ម្តងទៀត	again
mdngddead	mdngdd8d	ម្តងទៀត	again
mdongtiet	md8ngt8t	ម្តងទៀត	again
mdangteat	md8ngt8t	ម្តងទៀត	again
elouv	8l8v	ឥឡូវ	now
elouw	8l8w	ឥឡូវ	now
eluv	8l8v	ឥឡូវ	now
eluw	8l8w	ឥឡូវ	now
elov	8l8v	ឥឡូវ	now
elow	8l8w	ឥឡូវ	now
eluuv	8l8v	ឥឡូវ	now
eluuw	8l8w	ឥឡូវ	now
ilouv	8l8v	ឥឡូវ	now
ilouw	8l8w	ឥឡូវ	now
iluv	8l8v	ឥឡូវ	now
iluw	8l8w	ឥឡូវ	now
ilov	8l8v	ឥឡូវ	now
ilow	8l8w	ឥឡូវ	now
iluuv	8l8v	ឥឡូវ	now
iluuw	8l8w	ឥឡូវ	now
eilouv	8l8v	ឥឡូវ	now
eilouw	8l8w	ឥឡូវ	now
eiluv	8l8v	ឥឡូវ	now
eiluw	8l8w	ឥឡូវ	now
eilov	8l8v	ឥឡូវ	now
eilow	8l8w	ឥឡូវ	now
eiluuv	8l8v	ឥឡូវ	now
eiluuw	8l8w	ឥឡូវ	now
eylov	8l8v	ឥឡូវ	now
ruoch	r8ch	រួច	done, already
ruoj	r8j	រួច	done, already
ruach	r8ch	រួច	done, already
ruaj	r8j	រួច	done, already
ruch	r8ch	រួច	done, already
ruj	r8j	រួច	done, already
rouch	r8ch	រួច	done, already
krb	krb	គ្រប់	every / enough
krb'	krb'	គ្រប់	every / enough
krp	krp	គ្រប់	every / enough
krp'	krp'	គ្រប់	every / enough
krob	kr8b	គ្រប់	every / enough
krob'	kr8b'	គ្រប់	every / enough
krop	kr8p	គ្រប់	every / enough
krop'	kr8p'	គ្រប់	every / enough
krab	kr8b	គ្រប់	every / enough
krab'	kr8b'	គ្រប់	every / enough
krap	kr8p	គ្រប់	every / enough
krap'	kr8p'	គ្រប់	every / enough
grb	grb	គ្រប់	every / enough
grb'	grb'	គ្រប់	every / enough
grp	grp	គ្រប់	every / enough
grp'	grp'	គ្រប់	every / enough
grob	gr8b	គ្រប់	every / enough
grob'	gr8b'	គ្រប់	every / enough
grop	gr8p	គ្រប់	every / enough
grop'	gr8p'	គ្រប់	every / enough
grab	gr8b	គ្រប់	every / enough
grab'	gr8b'	គ្រប់	every / enough
grap	gr8p	គ្រប់	every / enough
grap'	gr8p'	គ្រប់	every / enough
krup	kr8p	គ្រប់	every / enough
khlaamng	khl8mng	ខ្លាំង	strong / very
khlaomng	khl8mng	ខ្លាំង	strong / very
khlaumng	khl8mng	ខ្លាំង	strong / very
khleaamng	khl8mng	ខ្លាំង	strong / very
khleaomng	khl8mng	ខ្លាំង	strong / very
khleaumng	khl8mng	ខ្លាំង	strong / very
khlaaamng	khl8mng	ខ្លាំង	strong / very
khlaaomng	khl8mng	ខ្លាំង	strong / very
khlaaumng	khl8mng	ខ្លាំង	strong / very
khlang	khl8ng	ខ្លាំង	strong / very
klang	kl8ng	ខ្លាំង	strong / very
douchkna	d8chkn8	ដូចគ្នា	same
douchknea	d8chkn8	ដូចគ្នា	same
douchknaa	d8chkn8	ដូចគ្នា	same
douchgna	d8chgn8	ដូចគ្នា	same
douchgnea	d8chgn8	ដូចគ្នា	same
douchgnaa	d8chgn8	ដូចគ្នា	same
douchokna	d8ch8kn8	ដូចគ្នា	same
douchoknea	d8ch8kn8	ដូចគ្នា	same
douchoknaa	d8ch8kn8	ដូចគ្នា	same
douchogna	d8ch8gn8	ដូចគ្នា	same
douchognea	d8ch8gn8	ដូចគ្នា	same
douchognaa	d8ch8gn8	ដូចគ្នា	same
douchakna	d8ch8kn8	ដូចគ្នា	same
douchaknea	d8ch8kn8	ដូចគ្នា	same
douchaknaa	d8ch8kn8	ដូចគ្នា	same
douchagna	d8ch8gn8	ដូចគ្នា	same
douchagnea	d8ch8gn8	ដូចគ្នា	same
douchagnaa	d8ch8gn8	ដូចគ្នា	same
doujkna	d8jkn8	ដូចគ្នា	same
doujknea	d8jkn8	ដូចគ្នា	same
doujknaa	d8jkn8	ដូចគ្នា	same
doujgna	d8jgn8	ដូចគ្នា	same
doujgnea	d8jgn8	ដូចគ្នា	same
doujgnaa	d8jgn8	ដូចគ្នា	same
doujokna	d8j8kn8	ដូចគ្នា	same
doujoknea	d8j8kn8	ដូចគ្នា	same
doujoknaa	d8j8kn8	ដូចគ្នា	same
doujogna	d8j8gn8	ដូចគ្នា	same
doujognea	d8j8gn8	ដូចគ្នា	same
doujognaa	d8j8gn8	ដូចគ្នា	same
doujakna	d8j8kn8	ដូចគ្នា	same
doujaknea	d8j8kn8	ដូចគ្នា	same
doujaknaa	d8j8kn8	ដូចគ្នា	same
doujagna	d8j8gn8	ដូចគ្នា	same
doujagnea	d8j8gn8	ដូចគ្នា	same
doujagnaa	d8j8gn8	ដូចគ្នា	same
duchkna	d8chkn8	ដូចគ្នា	same
duchknea	d8chkn8	ដូចគ្នា	same
duchknaa	d8chkn8	ដូចគ្នា	same
duchgna	d8chgn8	ដូចគ្នា	same
duchgnea	d8chgn8	ដូចគ្នា	same
duchgnaa	d8chgn8	ដូចគ្នា	same
duchokna	d8ch8kn8	ដូចគ្នា	same
duchoknea	d8ch8kn8	ដូចគ្នា	same
duchoknaa	d8ch8kn8	ដូចគ្នា	same
duchogna	d8ch8gn8	ដូចគ្នា	same
duchognea	d8ch8gn8	ដូចគ្នា	same
duchognaa	d8ch8gn8	ដូចគ្នា	same
duchakna	d8ch8kn8	ដូចគ្នា	same
duchaknea	d8ch8kn8	ដូចគ្នា	same
duchaknaa	d8ch8kn8	ដូចគ្នា	same
duchagna	d8ch8gn8	ដូចគ្នា	same
duchagnea	d8ch8gn8	ដូចគ្នា	same
duchagnaa	d8ch8gn8	ដូចគ្នា	same
dujkna	d8jkn8	ដូចគ្នា	same
dujknea	d8jkn8	ដូចគ្នា	same
dujknaa	d8jkn8	ដូចគ្នា	same
dujgna	d8jgn8	ដូចគ្នា	same
dujgnea	d8jgn8	ដូចគ្នា	same
dujgnaa	d8jgn8	ដូចគ្នា	same
dujokna	d8j8kn8	ដូចគ្នា	same
dujoknea	d8j8kn8	ដូចគ្នា	same
dujoknaa	d8j8kn8	ដូចគ្នា	same
dujogna	d8j8gn8	ដូចគ្នា	same
dujognea	d8j8gn8	ដូចគ្នា	same
dujognaa	d8j8gn8	ដូចគ្នា	same
dujakna	d8j8kn8	ដូចគ្នា	same
dujaknea	d8j8kn8	ដូចគ្នា	same
dujaknaa	d8j8kn8	ដូចគ្នា	same
dujagna	d8j8gn8	ដូចគ្នា	same
dujagnea	d8j8gn8	ដូចគ្នា	same
dujagnaa	d8j8gn8	ដូចគ្នា	same
dochkna	d8chkn8	ដូចគ្នា	same
dochknea	d8chkn8	ដូចគ្នា	same
dochknaa	d8chkn8	ដូចគ្នា	same
dochgna	d8chgn8	ដូចគ្នា	same
dochgnea	d8chgn8	ដូចគ្នា	same
dochgnaa	d8chgn8	ដូចគ្នា	same
dochokna	d8ch8kn8	ដូចគ្នា	same
dochoknea	d8ch8kn8	ដូចគ្នា	same
dochoknaa	d8ch8kn8	ដូចគ្នា	same
dochogna	d8ch8gn8	ដូចគ្នា	same
dochognea	d8ch8gn8	ដូចគ្នា	same
dochognaa	d8ch8gn8	ដូចគ្នា	same
dochakna	d8ch8kn8	ដូចគ្នា	same
dochaknea	d8ch8kn8	ដូចគ្នា	same
dochaknaa	d8ch8kn8	ដូចគ្នា	same
dochagna	d8ch8gn8	ដូចគ្នា	same
dochagnea	d8ch8gn8	ដូចគ្នា	same
dochagnaa	d8ch8gn8	ដូចគ្នា	same
dojkna	d8jkn8	ដូចគ្នា	same
dojknea	d8jkn8	ដូចគ្នា	same
dojknaa	d8jkn8	ដូចគ្នា	same
dojgna	d8jgn8	ដូចគ្នា	same
dojgnea	d8jgn8	ដូចគ្នា	same
dojgnaa	d8jgn8	ដូចគ្នា	same
dojokna	d8j8kn8	ដូចគ្នា	same
dojoknea	d8j8kn8	ដូចគ្នា	same
dojoknaa	d8j8kn8	ដូចគ្នា	same
dojogna	d8j8gn8	ដូចគ្នា	same
dojognea	d8j8gn8	ដូចគ្នា	same
dojognaa	d8j8gn8	ដូចគ្នា	same
dojakna	d8j8kn8	ដូចគ្នា	same
dojaknea	d8j8kn8	ដូចគ្នា	same
dojaknaa	d8j8kn8	ដូចគ្នា	same
dojagna	d8j8gn8	ដូចគ្នា	same
dojagnea	d8j8gn8	ដូចគ្នា	same
dojagnaa	d8j8gn8	ដូចគ្នា	same
duuchkna	d8chkn8	ដូចគ្នា	same
duuchknea	d8chkn8	ដូចគ្នា	same
duuchknaa	d8chkn8	ដូចគ្នា	same
duuchgna	d8chgn8	ដូចគ្នា	same
duuchgnea	d8chgn8	ដូចគ្នា	same
duuchgnaa	d8chgn8	ដូចគ្នា	same
duuchokna	d8ch8kn8	ដូចគ្នា	same
duuchoknea	d8ch8kn8	ដូចគ្នា	same
duuchoknaa	d8ch8kn8	ដូចគ្នា	same
duuchogna	d8ch8gn8	ដូចគ្នា	same
duuchognea	d8ch8gn8	ដូចគ្នា	same
duuchognaa	d8ch8gn8	ដូចគ្នា	same
khuskna	kh8skn8	ខុសគ្នា	different
khusknea	kh8skn8	ខុសគ្នា	different
khusknaa	kh8skn8	ខុសគ្នា	different
khusgna	kh8sgn8	ខុសគ្នា	different
khusgnea	kh8sgn8	ខុសគ្នា	different
khusgnaa	kh8sgn8	ខុសគ្នា	different
khusokna	kh8s8kn8	ខុសគ្នា	different
khusoknea	kh8s8kn8	ខុសគ្នា	different
khusoknaa	kh8s8kn8	ខុសគ្នា	different
khusogna	kh8s8gn8	ខុសគ្នា	different
khusognea	kh8s8gn8	ខុសគ្នា	different
khusognaa	kh8s8gn8	ខុសគ្នា	different
khusakna	kh8s8kn8	ខុសគ្នា	different
khusaknea	kh8s8kn8	ខុសគ្នា	different
khusaknaa	kh8s8kn8	ខុសគ្នា	different
khusagna	kh8s8gn8	ខុសគ្នា	different
khusagnea	kh8s8gn8	ខុសគ្នា	different
khusagnaa	kh8s8gn8	ខុសគ្នា	different
khoskna	kh8skn8	ខុសគ្នា	different
khosknea	kh8skn8	ខុសគ្នា	different
khosknaa	kh8skn8	ខុសគ្នា	different
khosgna	kh8sgn8	ខុសគ្នា	different
khosgnea	kh8sgn8	ខុសគ្នា	different
khosgnaa	kh8sgn8	ខុសគ្នា	different
khosokna	kh8s8kn8	ខុសគ្នា	different
khosoknea	kh8s8kn8	ខុសគ្នា	different
khosoknaa	kh8s8kn8	ខុសគ្នា	different
khosogna	kh8s8gn8	ខុសគ្នា	different
khosognea	kh8s8gn8	ខុសគ្នា	different
khosognaa	kh8s8gn8	ខុសគ្នា	different
khosakna	kh8s8kn8	ខុសគ្នា	different
khosaknea	kh8s8kn8	ខុសគ្នា	different
khosaknaa	kh8s8kn8	ខុសគ្នា	different
khosagna	kh8s8gn8	ខុសគ្នា	different
khosagnea	kh8s8gn8	ខុសគ្នា	different
khosagnaa	kh8s8gn8	ខុសគ្នា	different
khohknea	kh8hkn8	ខុសគ្នា	different
chit	ch8t	ជិត	near
chid	ch8d	ជិត	near
chet	ch8t	ជិត	near
ched	ch8d	ជិត	near
jit	j8t	ជិត	near
jid	j8d	ជិត	near
jet	j8t	ជិត	near
jed	j8d	ជិត	near
chhngay	chhng8	ឆ្ងាយ	far
chhngeay	chhng8	ឆ្ងាយ	far
chhngaay	chhng8	ឆ្ងាយ	far
chngay	chng8	ឆ្ងាយ	far
chngeay	chng8	ឆ្ងាយ	far
chngaay	chng8	ឆ្ងាយ	far
brhael	brh8l	ប្រហែល	maybe, about
brhel	brh8l	ប្រហែល	maybe, about
brheal	brh8l	ប្រហែល	maybe, about
brohael	br8h8l	ប្រហែល	maybe, about
brohel	br8h8l	ប្រហែល	maybe, about
broheal	br8h8l	ប្រហែល	maybe, about
brahael	br8h8l	ប្រហែល	maybe, about
brahel	br8h8l	ប្រហែល	maybe, about
braheal	br8h8l	ប្រហែល	maybe, about
prhael	prh8l	ប្រហែល	maybe, about
prhel	prh8l	ប្រហែល	maybe, about
prheal	prh8l	ប្រហែល	maybe, about
prohael	pr8h8l	ប្រហែល	maybe, about
prohel	pr8h8l	ប្រហែល	maybe, about
proheal	pr8h8l	ប្រហែល	maybe, about
prahael	pr8h8l	ប្រហែល	maybe, about
prahel	pr8h8l	ប្រហែល	maybe, about
praheal	pr8h8l	ប្រហែល	maybe, about
brakd	br8kd	ប្រាកដ	sure, certain
brakod	br8k8d	ប្រាកដ	sure, certain
brakad	br8k8d	ប្រាកដ	sure, certain
breakd	br8kd	ប្រាកដ	sure, certain
breakod	br8k8d	ប្រាកដ	sure, certain
breakad	br8k8d	ប្រាកដ	sure, certain
braakd	br8kd	ប្រាកដ	sure, certain
braakod	br8k8d	ប្រាកដ	sure, certain
braakad	br8k8d	ប្រាកដ	sure, certain
prakd	pr8kd	ប្រាកដ	sure, certain
prakod	pr8k8d	ប្រាកដ	sure, certain
prakad	pr8k8d	ប្រាកដ	sure, certain
preakd	pr8kd	ប្រាកដ	sure, certain
preakod	pr8k8d	ប្រាកដ	sure, certain
preakad	pr8k8d	ប្រាកដ	sure, certain
praakd	pr8kd	ប្រាកដ	sure, certain
praakod	pr8k8d	ប្រាកដ	sure, certain
praakad	pr8k8d	ប្រាកដ	sure, certain
prakot	pr8k8t	ប្រាកដ	sure, certain
phlam	phl8m	ភ្លាម	immediately
phleam	phl8m	ភ្លាម	immediately
phlaam	phl8m	ភ្លាម	immediately
bhlam	bhl8m	ភ្លាម	immediately
bhleam	bhl8m	ភ្លាម	immediately
bhlaam	bhl8m	ភ្លាម	immediately
pleam	pl8m	ភ្លាម	immediately
your	8r	យូរ	a long time
yur	8r	យូរ	a long time
yor	8r	យូរ	a long time
yuur	8r	យូរ	a long time
you	8	យូរ	a long time
yu	8	យូរ	a long time
bntich	bnt8ch	បន្តិច	a little
bntij	bnt8j	បន្តិច	a little
bntech	bnt8ch	បន្តិច	a little
bntej	bnt8j	បន្តិច	a little
bndich	bnd8ch	បន្តិច	a little
bndij	bnd8j	បន្តិច	a little
bndech	bnd8ch	បន្តិច	a little
bndej	bnd8j	បន្តិច	a little
bontich	b8nt8ch	បន្តិច	a little
bontij	b8nt8j	បន្តិច	a little
bontech	b8nt8ch	បន្តិច	a little
bontej	b8nt8j	បន្តិច	a little
bondich	b8nd8ch	បន្តិច	a little
bondij	b8nd8j	បន្តិច	a little
bondech	b8nd8ch	បន្តិច	a little
bondej	b8nd8j	បន្តិច	a little
bantich	b8nt8ch	បន្តិច	a little
bantij	b8nt8j	បន្តិច	a little
bantech	b8nt8ch	បន្តិច	a little
bantej	b8nt8j	បន្តិច	a little
bandich	b8nd8ch	បន្តិច	a little
bandij	b8nd8j	បន្តិច	a little
bandech	b8nd8ch	បន្តិច	a little
bandej	b8nd8j	បន្តិច	a little
pntich	pnt8ch	បន្តិច	a little
pntij	pnt8j	បន្តិច	a little
pntech	pnt8ch	បន្តិច	a little
pntej	pnt8j	បន្តិច	a little
pndich	pnd8ch	បន្តិច	a little
pndij	pnd8j	បន្តិច	a little
pndech	pnd8ch	បន្តិច	a little
pndej	pnd8j	បន្តិច	a little
pontich	p8nt8ch	បន្តិច	a little
pontij	p8nt8j	បន្តិច	a little
pontech	p8nt8ch	បន្តិច	a little
pontej	p8nt8j	បន្តិច	a little
pondich	p8nd8ch	បន្តិច	a little
pondij	p8nd8j	បន្តិច	a little
pondech	p8nd8ch	បន្តិច	a little
pondej	p8nd8j	បន្តិច	a little
pantich	p8nt8ch	បន្តិច	a little
pantij	p8nt8j	បន្តិច	a little
pantech	p8nt8ch	បន្តិច	a little
pantej	p8nt8j	បន្តិច	a little
pandich	p8nd8ch	បន្តិច	a little
pandij	p8nd8j	បន្តិច	a little
pandech	p8nd8ch	បន្តិច	a little
pandej	p8nd8j	បន្តិច	a little
pit	p8t	ពិត	true
pid	p8d	ពិត	true
pet	p8t	ពិត	true
ped	p8d	ពិត	true
bit	b8t	ពិត	true
bid	b8d	ពិត	true
bet	b8t	ពិត	true
bed	b8d	ពិត	true
hetu	h8t8	ហេតុ	reason, event
heto	h8t8	ហេតុ	reason, event
hedu	h8d8	ហេតុ	reason, event
hedo	h8d8	ហេតុ	reason, event
heitu	h8t8	ហេតុ	reason, event
heito	h8t8	ហេតុ	reason, event
heidu	h8d8	ហេតុ	reason, event
heido	h8d8	ហេតុ	reason, event
het	h8t	ហេតុ	reason, event
haet	h8t	ហេតុ	reason, event
la	l8	ល្អ	good
lo	l8	ល្អ	good
lq	lq	ល្អ	good
l	l	ល្អ	good
laor	l8r	ល្អ	good
l'a	l'8	ល្អ	good
aakrk	8krk	អាក្រក់	bad
aakrk'	8krk'	អាក្រក់	bad
aakrok	8kr8k	អាក្រក់	bad
aakrok'	8kr8k'	អាក្រក់	bad
aakrak	8kr8k	អាក្រក់	bad
aakrak'	8kr8k'	អាក្រក់	bad
aeakrk	8krk	អាក្រក់	bad
aeakrk'	8krk'	អាក្រក់	bad
aeakrok	8kr8k	អាក្រក់	bad
aeakrok'	8kr8k'	អាក្រក់	bad
aeakrak	8kr8k	អាក្រក់	bad
aeakrak'	8kr8k'	អាក្រក់	bad
aaakrk	8krk	អាក្រក់	bad
aaakrk'	8krk'	អាក្រក់	bad
aaakrok	8kr8k	អាក្រក់	bad
aaakrok'	8kr8k'	អាក្រក់	bad
aaakrak	8kr8k	អាក្រក់	bad
aaakrak'	8kr8k'	អាក្រក់	bad
oakrk	8krk	អាក្រក់	bad
oakrk'	8krk'	អាក្រក់	bad
oakrok	8kr8k	អាក្រក់	bad
oakrok'	8kr8k'	អាក្រក់	bad
oakrak	8kr8k	អាក្រក់	bad
oakrak'	8kr8k'	អាក្រក់	bad
oeakrk	8krk	អាក្រក់	bad
oeakrk'	8krk'	អាក្រក់	bad
oeakrok	8kr8k	អាក្រក់	bad
oeakrok'	8kr8k'	អាក្រក់	bad
oeakrak	8kr8k	អាក្រក់	bad
oeakrak'	8kr8k'	អាក្រក់	bad
oaakrk	8krk	អាក្រក់	bad
oaakrk'	8krk'	អាក្រក់	bad
oaakrok	8kr8k	អាក្រក់	bad
oaakrok'	8kr8k'	អាក្រក់	bad
oaakrak	8kr8k	អាក្រក់	bad
oaakrak'	8kr8k'	អាក្រក់	bad
qakrk	q8krk	អាក្រក់	bad
qakrk'	q8krk'	អាក្រក់	bad
qakrok	q8kr8k	អាក្រក់	bad
qakrok'	q8kr8k'	អាក្រក់	bad
qakrak	q8kr8k	អាក្រក់	bad
qakrak'	q8kr8k'	អាក្រក់	bad
qeakrk	q8krk	អាក្រក់	bad
qeakrk'	q8krk'	អាក្រក់	bad
qeakrok	q8kr8k	អាក្រក់	bad
qeakrok'	q8kr8k'	អាក្រក់	bad
qeakrak	q8kr8k	អាក្រក់	bad
qeakrak'	q8kr8k'	អាក្រក់	bad
qaakrk	q8krk	អាក្រក់	bad
qaakrk'	q8krk'	អាក្រក់	bad
qaakrok	q8kr8k	អាក្រក់	bad
qaakrok'	q8kr8k'	អាក្រក់	bad
qaakrak	q8kr8k	អាក្រក់	bad
qaakrak'	q8kr8k'	អាក្រក់	bad
akrk	8krk	អាក្រក់	bad
akrk'	8krk'	អាក្រក់	bad
akrok	8kr8k	អាក្រក់	bad
akrok'	8kr8k'	អាក្រក់	bad
akrak	8kr8k	អាក្រក់	bad
akrak'	8kr8k'	អាក្រក់	bad
eakrk	8krk	អាក្រក់	bad
eakrk'	8krk'	អាក្រក់	bad
eakrok	8kr8k	អាក្រក់	bad
eakrok'	8kr8k'	អាក្រក់	bad
eakrak	8kr8k	អាក្រក់	bad
eakrak'	8kr8k'	អាក្រក់	bad
tham	th8m	ធំ	big
thom	th8m	ធំ	big
thum	th8m	ធំ	big
dham	dh8m	ធំ	big
dhom	dh8m	ធំ	big
dhum	dh8m	ធំ	big
touch	t8ch	តូច	small
touj	t8j	តូច	small
tuch	t8ch	តូច	small
tuj	t8j	តូច	small
toch	t8ch	តូច	small
toj	t8j	តូច	small
tuuch	t8ch	តូច	small
tuuj	t8j	តូច	small
douch	d8ch	តូច	small
douj	d8j	តូច	small
duch	d8ch	តូច	small
duj	d8j	តូច	small
doch	d8ch	តូច	small
doj	d8j	តូច	small
duuch	d8ch	តូច	small
duuj	d8j	តូច	small
tauch	t8ch	តូច	small
vaeng	v8ng	វែង	long
veng	v8ng	វែង	long
veang	v8ng	វែង	long
waeng	w8ng	វែង	long
weng	w8ng	វែង	long
weang	w8ng	វែង	long
khley	khl8	ខ្លី	short
khli	khl8	ខ្លី	short
khlii	khl8	ខ្លី	short
khlei	khl8	ខ្លី	short
kley	kl8	ខ្លី	short
khps	khps	ខ្ពស់	tall, high
khps'	khps'	ខ្ពស់	tall, high
khpos	khp8s	ខ្ពស់	tall, high
khpos'	khp8s'	ខ្ពស់	tall, high
khpas	khp8s	ខ្ពស់	tall, high
khpas'	khp8s'	ខ្ពស់	tall, high
khbs	khbs	ខ្ពស់	tall, high
khbs'	khbs'	ខ្ពស់	tall, high
khbos	khb8s	ខ្ពស់	tall, high
khbos'	khb8s'	ខ្ពស់	tall, high
khbas	khb8s	ខ្ពស់	tall, high
khbas'	khb8s'	ខ្ពស់	tall, high
kpos	kp8s	ខ្ពស់	tall, high
khpuos	khp8s	ខ្ពស់	tall, high
tab	t8b	ទាប	low, short
tap	t8p	ទាប	low, short
teab	t8b	ទាប	low, short
teap	t8p	ទាប	low, short
taab	t8b	ទាប	low, short
taap	t8p	ទាប	low, short
dab	d8b	ទាប	low, short
dap	d8p	ទាប	low, short
deab	d8b	ទាប	low, short
deap	d8p	ទាប	low, short
daab	d8b	ទាប	low, short
daap	d8p	ទាប	low, short
ddab	dd8b	ទាប	low, short
ddap	dd8p	ទាប	low, short
ddeab	dd8b	ទាប	low, short
ddeap	dd8p	ទាប	low, short
ddaab	dd8b	ទាប	low, short
ddaap	dd8p	ទាប	low, short
thmey	thm8	ថ្មី	new
thmi	thm8	ថ្មី	new
thmii	thm8	ថ្មី	new
tmey	tm8	ថ្មី	new
thmei	thm8	ថ្មី	new
chas	ch8s	ចាស់	old
chas'	ch8s'	ចាស់	old
cheas	ch8s	ចាស់	old
cheas'	ch8s'	ចាស់	old
chaas	ch8s	ចាស់	old
chaas'	ch8s'	ចាស់	old
jas	j8s	ចាស់	old
jas'	j8s'	ចាស់	old
jeas	j8s	ចាស់	old
jeas'	j8s'	ចាស់	old
jaas	j8s	ចាស់	old
jaas'	j8s'	ចាស់	old
chah	ch8h	ចាស់	old
luen	l8n	លឿន	fast
luean	l8n	លឿន	fast
loean	l8n	លឿន	fast
luon	l8n	លឿន	fast
leuon	l8n	លឿន	fast
loeun	l8n	លឿន	fast
yeut	8t	យឺត	slow, late
yeud	8d	យឺត	slow, late
yeuut	8t	យឺត	slow, late
yeuud	8d	យឺត	slow, late
yut	8t	យឺត	slow, late
yud	8d	យឺត	slow, late
yuet	8t	យឺត	slow, late
saat	s8t	ស្អាត	beautiful, clean
saad	s8d	ស្អាត	beautiful, clean
saeat	s8t	ស្អាត	beautiful, clean
saead	s8d	ស្អាត	beautiful, clean
saaat	s8t	ស្អាត	beautiful, clean
saaad	s8d	ស្អាត	beautiful, clean
soat	s8t	ស្អាត	beautiful, clean
soad	s8d	ស្អាត	beautiful, clean
soeat	s8t	ស្អាត	beautiful, clean
soead	s8d	ស្អាត	beautiful, clean
soaat	s8t	ស្អាត	beautiful, clean
soaad	s8d	ស្អាត	beautiful, clean
sqat	sq8t	ស្អាត	beautiful, clean
sqad	sq8d	ស្អាត	beautiful, clean
sqeat	sq8t	ស្អាត	beautiful, clean
sqead	sq8d	ស្អាត	beautiful, clean
sqaat	sq8t	ស្អាត	beautiful, clean
sqaad	sq8d	ស្អាត	beautiful, clean
sat	s8t	ស្អាត	beautiful, clean
sad	s8d	ស្អាត	beautiful, clean
seat	s8t	ស្អាត	beautiful, clean
sead	s8d	ស្អាត	beautiful, clean
s'at	s'8t	ស្អាត	beautiful, clean
kkhvk	kkhvk	កខ្វក់	dirty
kkhvk'	kkhvk'	កខ្វក់	dirty
kkhvok	kkhv8k	កខ្វក់	dirty
kkhvok'	kkhv8k'	កខ្វក់	dirty
kkhvak	kkhv8k	កខ្វក់	dirty
kkhvak'	kkhv8k'	កខ្វក់	dirty
kkhwk	kkhwk	កខ្វក់	dirty
kkhwk'	kkhwk'	កខ្វក់	dirty
kkhwok	kkhw8k	កខ្វក់	dirty
kkhwok'	kkhw8k'	កខ្វក់	dirty
kkhwak	kkhw8k	កខ្វក់	dirty
kkhwak'	kkhw8k'	កខ្វក់	dirty
kokhvk	k8khvk	កខ្វក់	dirty
kokhvk'	k8khvk'	កខ្វក់	dirty
kokhvok	k8khv8k	កខ្វក់	dirty
kokhvok'	k8khv8k'	កខ្វក់	dirty
kokhvak	k8khv8k	កខ្វក់	dirty
kokhvak'	k8khv8k'	កខ្វក់	dirty
kokhwk	k8khwk	កខ្វក់	dirty
kokhwk'	k8khwk'	កខ្វក់	dirty
kokhwok	k8khw8k	កខ្វក់	dirty
kokhwok'	k8khw8k'	កខ្វក់	dirty
kokhwak	k8khw8k	កខ្វក់	dirty
kokhwak'	k8khw8k'	កខ្វក់	dirty
kakhvk	k8khvk	កខ្វក់	dirty
kakhvk'	k8khvk'	កខ្វក់	dirty
kakhvok	k8khv8k	កខ្វក់	dirty
kakhvok'	k8khv8k'	កខ្វក់	dirty
kakhvak	k8khv8k	កខ្វក់	dirty
kakhvak'	k8khv8k'	កខ្វក់	dirty
kakhwk	k8khwk	កខ្វក់	dirty
kakhwk'	k8khwk'	កខ្វក់	dirty
kakhwok	k8khw8k	កខ្វក់	dirty
kakhwok'	k8khw8k'	កខ្វក់	dirty
kakhwak	k8khw8k	កខ្វក់	dirty
kakhwak'	k8khw8k'	កខ្វក់	dirty
chhnganh	chhng8nh	ឆ្ងាញ់	delicious
chhnganh'	chhng8nh'	ឆ្ងាញ់	delicious
chhngany	chhng8n8	ឆ្ងាញ់	delicious
chhngany'	chhng8n8'	ឆ្ងាញ់	delicious
chhngeanh	chhng8nh	ឆ្ងាញ់	delicious
chhngeanh'	chhng8nh'	ឆ្ងាញ់	delicious
chhngeany	chhng8n8	ឆ្ងាញ់	delicious
chhngeany'	chhng8n8'	ឆ្ងាញ់	delicious
chhngaanh	chhng8nh	ឆ្ងាញ់	delicious
chhngaanh'	chhng8nh'	ឆ្ងាញ់	delicious
chhngaany	chhng8n8	ឆ្ងាញ់	delicious
chhngaany'	chhng8n8'	ឆ្ងាញ់	delicious
chnganh	chng8nh	ឆ្ងាញ់	delicious
chnganh'	chng8nh'	ឆ្ងាញ់	delicious
chngany	chng8n8	ឆ្ងាញ់	delicious
chngany'	chng8n8'	ឆ្ងាញ់	delicious
chngeanh	chng8nh	ឆ្ងាញ់	delicious
chngeanh'	chng8nh'	ឆ្ងាញ់	delicious
chngeany	chng8n8	ឆ្ងាញ់	delicious
chngeany'	chng8n8'	ឆ្ងាញ់	delicious
chngaanh	chng8nh	ឆ្ងាញ់	delicious
chngaanh'	chng8nh'	ឆ្ងាញ់	delicious
chngaany	chng8n8	ឆ្ងាញ់	delicious
chngaany'	chng8n8'	ឆ្ងាញ់	delicious
chganh	chg8nh	ឆ្ងាញ់	delicious
phaaem	ph8m	ផ្អែម	sweet
phaem	ph8m	ផ្អែម	sweet
phaeam	ph8m	ផ្អែម	sweet
phoaem	ph8m	ផ្អែម	sweet
phoem	ph8m	ផ្អែម	sweet
phoeam	ph8m	ផ្អែម	sweet
phqaem	phq8m	ផ្អែម	sweet
phqem	phq8m	ផ្អែម	sweet
phqeam	phq8m	ផ្អែម	sweet
phem	ph8m	ផ្អែម	sweet
pheam	ph8m	ផ្អែម	sweet
ph'aem	ph'8m	ផ្អែម	sweet
paem	p8m	ផ្អែម	sweet
chour	ch8r	ជូរ	sour
chur	ch8r	ជូរ	sour
chor	ch8r	ជូរ	sour
chuur	ch8r	ជូរ	sour
jour	j8r	ជូរ	sour
jur	j8r	ជូរ	sour
jor	j8r	ជូរ	sour
juur	j8r	ជូរ	sour
chou	ch8	ជូរ	sour
jou	j8	ជូរ	sour
chu	ch8	ជូរ	sour
hoer	h8r	ហឹរ	spicy
heur	h8r	ហឹរ	spicy
her	h8r	ហឹរ	spicy
hel	h8l	ហឹរ	spicy
brai	br8	ប្រៃ	salty
brey	br8	ប្រៃ	salty
brei	br8	ប្រៃ	salty
prai	pr8	ប្រៃ	salty
prey	pr8	ប្រៃ	salty
prei	pr8	ប្រៃ	salty
thlai	thl8	ថ្លៃ	expensive, dear
thley	thl8	ថ្លៃ	expensive, dear
thlei	thl8	ថ្លៃ	expensive, dear
tlai	tl8	ថ្លៃ	expensive, dear
thok	th8k	ថោក	cheap
thaok	th8k	ថោក	cheap
thouk	th8k	ថោក	cheap
thoak	th8k	ថោក	cheap
chraen	chr8n	ច្រើន	many, much
chrern	chr8rn	ច្រើន	many, much
chreun	chr8n	ច្រើន	many, much
chraeun	chr8n	ច្រើន	many, much
jraen	jr8n	ច្រើន	many, much
jrern	jr8rn	ច្រើន	many, much
jreun	jr8n	ច្រើន	many, much
jraeun	jr8n	ច្រើន	many, much
craen	cr8n	ច្រើន	many, much
tich	t8ch	តិច	few, little
tij	t8j	តិច	few, little
tech	t8ch	តិច	few, little
tej	t8j	តិច	few, little
dich	d8ch	តិច	few, little
dij	d8j	តិច	few, little
dech	d8ch	តិច	few, little
dej	d8j	តិច	few, little
ngaysruol	ng8sr8l	ងាយស្រួល	easy
ngaysrual	ng8sr8l	ងាយស្រួល	easy
ngaysrul	ng8sr8l	ងាយស្រួល	easy
ngayosruol	ng8sr8l	ងាយស្រួល	easy
ngayosrual	ng8sr8l	ងាយស្រួល	easy
ngayosrul	ng8sr8l	ងាយស្រួល	easy
ngayasruol	ng8sr8l	ងាយស្រួល	easy
ngayasrual	ng8sr8l	ងាយស្រួល	easy
ngayasrul	ng8sr8l	ងាយស្រួល	easy
ngeaysruol	ng8sr8l	ងាយស្រួល	easy
ngeaysrual	ng8sr8l	ងាយស្រួល	easy
ngeaysrul	ng8sr8l	ងាយស្រួល	easy
ngeayosruol	ng8sr8l	ងាយស្រួល	easy
ngeayosrual	ng8sr8l	ងាយស្រួល	easy
ngeayosrul	ng8sr8l	ងាយស្រួល	easy
ngeayasruol	ng8sr8l	ងាយស្រួល	easy
ngeayasrual	ng8sr8l	ងាយស្រួល	easy
ngeayasrul	ng8sr8l	ងាយស្រួល	easy
ngaaysruol	ng8sr8l	ងាយស្រួល	easy
ngaaysrual	ng8sr8l	ងាយស្រួល	easy
ngaaysrul	ng8sr8l	ងាយស្រួល	easy
ngaayosruol	ng8sr8l	ងាយស្រួល	easy
ngaayosrual	ng8sr8l	ងាយស្រួល	easy
ngaayosrul	ng8sr8l	ងាយស្រួល	easy
ngaayasruol	ng8sr8l	ងាយស្រួល	easy
ngaayasrual	ng8sr8l	ងាយស្រួល	easy
ngaayasrul	ng8sr8l	ងាយស្រួល	easy
pibak	p8b8k	ពិបាក	difficult
pibeak	p8b8k	ពិបាក	difficult
pibaak	p8b8k	ពិបាក	difficult
pipak	p8p8k	ពិបាក	difficult
pipeak	p8p8k	ពិបាក	difficult
pipaak	p8p8k	ពិបាក	difficult
pebak	p8b8k	ពិបាក	difficult
pebeak	p8b8k	ពិបាក	difficult
pebaak	p8b8k	ពិបាក	difficult
pepak	p8p8k	ពិបាក	difficult
pepeak	p8p8k	ពិបាក	difficult
pepaak	p8p8k	ពិបាក	difficult
bibak	b8b8k	ពិបាក	difficult
bibeak	b8b8k	ពិបាក	difficult
bibaak	b8b8k	ពិបាក	difficult
bipak	b8p8k	ពិបាក	difficult
bipeak	b8p8k	ពិបាក	difficult
bipaak	b8p8k	ពិបាក	difficult
bebak	b8b8k	ពិបាក	difficult
bebeak	b8b8k	ពិបាក	difficult
bebaak	b8b8k	ពិបាក	difficult
bepak	b8p8k	ពិបាក	difficult
bepeak	b8p8k	ពិបាក	difficult
bepaak	b8p8k	ពិបាក	difficult
samkhan	s8mkh8n	សំខាន់	important
samkhan'	s8mkh8n'	សំខាន់	important
samkhean	s8mkh8n	សំខាន់	important
samkhean'	s8mkh8n'	សំខាន់	important
samkhaan	s8mkh8n	សំខាន់	important
samkhaan'	s8mkh8n'	សំខាន់	important
somkhan	s8mkh8n	សំខាន់	important
somkhan'	s8mkh8n'	សំខាន់	important
somkhean	s8mkh8n	សំខាន់	important
somkhean'	s8mkh8n'	សំខាន់	important
somkhaan	s8mkh8n	សំខាន់	important
somkhaan'	s8mkh8n'	សំខាន់	important
sumkhan	s8mkh8n	សំខាន់	important
sumkhan'	s8mkh8n'	សំខាន់	important
sumkhean	s8mkh8n	សំខាន់	important
sumkhean'	s8mkh8n'	សំខាន់	important
sumkhaan	s8mkh8n	សំខាន់	important
sumkhaan'	s8mkh8n'	សំខាន់	important
troemtrouv	tr8mtr8v	ត្រឹមត្រូវ	correct
troemtrouw	tr8mtr8w	ត្រឹមត្រូវ	correct
troemtruv	tr8mtr8v	ត្រឹមត្រូវ	correct
troemtruw	tr8mtr8w	ត្រឹមត្រូវ	correct
troemtrov	tr8mtr8v	ត្រឹមត្រូវ	correct
troemtrow	tr8mtr8w	ត្រឹមត្រូវ	correct
troemtruuv	tr8mtr8v	ត្រឹមត្រូវ	correct
troemtruuw	tr8mtr8w	ត្រឹមត្រូវ	correct
troemdrouv	tr8mdr8v	ត្រឹមត្រូវ	correct
troemdrouw	tr8mdr8w	ត្រឹមត្រូវ	correct
troemdruv	tr8mdr8v	ត្រឹមត្រូវ	correct
troemdruw	tr8mdr8w	ត្រឹមត្រូវ	correct
troemdrov	tr8mdr8v	ត្រឹមត្រូវ	correct
troemdrow	tr8mdr8w	ត្រឹមត្រូវ	correct
troemdruuv	tr8mdr8v	ត្រឹមត្រូវ	correct
troemdruuw	tr8mdr8w	ត្រឹមត្រូវ	correct
troemotrouv	tr8m8tr8v	ត្រឹមត្រូវ	correct
troemotrouw	tr8m8tr8w	ត្រឹមត្រូវ	correct
troemotruv	tr8m8tr8v	ត្រឹមត្រូវ	correct
troemotruw	tr8m8tr8w	ត្រឹមត្រូវ	correct
troemotrov	tr8m8tr8v	ត្រឹមត្រូវ	correct
troemotrow	tr8m8tr8w	ត្រឹមត្រូវ	correct
troemotruuv	tr8m8tr8v	ត្រឹមត្រូវ	correct
troemotruuw	tr8m8tr8w	ត្រឹមត្រូវ	correct
troemodrouv	tr8m8dr8v	ត្រឹមត្រូវ	correct
troemodrouw	tr8m8dr8w	ត្រឹមត្រូវ	correct
troemodruv	tr8m8dr8v	ត្រឹមត្រូវ	correct
troemodruw	tr8m8dr8w	ត្រឹមត្រូវ	correct
troemodrov	tr8m8dr8v	ត្រឹមត្រូវ	correct
troemodrow	tr8m8dr8w	ត្រឹមត្រូវ	correct
troemodruuv	tr8m8dr8v	ត្រឹមត្រូវ	correct
troemodruuw	tr8m8dr8w	ត្រឹមត្រូវ	correct
troematrouv	tr8m8tr8v	ត្រឹមត្រូវ	correct
troematrouw	tr8m8tr8w	ត្រឹមត្រូវ	correct
troematruv	tr8m8tr8v	ត្រឹមត្រូវ	correct
troematruw	tr8m8tr8w	ត្រឹមត្រូវ	correct
troematrov	tr8m8tr8v	ត្រឹមត្រូវ	correct
troematrow	tr8m8tr8w	ត្រឹមត្រូវ	correct
troematruuv	tr8m8tr8v	ត្រឹមត្រូវ	correct
troematruuw	tr8m8tr8w	ត្រឹមត្រូវ	correct
troemadrouv	tr8m8dr8v	ត្រឹមត្រូវ	correct
troemadrouw	tr8m8dr8w	ត្រឹមត្រូវ	correct
troemadruv	tr8m8dr8v	ត្រឹមត្រូវ	correct
troemadruw	tr8m8dr8w	ត្រឹមត្រូវ	correct
troemadrov	tr8m8dr8v	ត្រឹមត្រូវ	correct
troemadrow	tr8m8dr8w	ត្រឹមត្រូវ	correct
troemadruuv	tr8m8dr8v	ត្រឹមត្រូវ	correct
troemadruuw	tr8m8dr8w	ត្រឹមត្រូវ	correct
treumtrouv	tr8mtr8v	ត្រឹមត្រូវ	correct
treumtrouw	tr8mtr8w	ត្រឹមត្រូវ	correct
treumtruv	tr8mtr8v	ត្រឹមត្រូវ	correct
treumtruw	tr8mtr8w	ត្រឹមត្រូវ	correct
treumtrov	tr8mtr8v	ត្រឹមត្រូវ	correct
treumtrow	tr8mtr8w	ត្រឹមត្រូវ	correct
treumtruuv	tr8mtr8v	ត្រឹមត្រូវ	correct
treumtruuw	tr8mtr8w	ត្រឹមត្រូវ	correct
treumdrouv	tr8mdr8v	ត្រឹមត្រូវ	correct
treumdrouw	tr8mdr8w	ត្រឹមត្រូវ	correct
treumdruv	tr8mdr8v	ត្រឹមត្រូវ	correct
treumdruw	tr8mdr8w	ត្រឹមត្រូវ	correct
treumdrov	tr8mdr8v	ត្រឹមត្រូវ	correct
treumdrow	tr8mdr8w	ត្រឹមត្រូវ	correct
treumdruuv	tr8mdr8v	ត្រឹមត្រូវ	correct
treumdruuw	tr8mdr8w	ត្រឹមត្រូវ	correct
treumotrouv	tr8m8tr8v	ត្រឹមត្រូវ	correct
treumotrouw	tr8m8tr8w	ត្រឹមត្រូវ	correct
treumotruv	tr8m8tr8v	ត្រឹមត្រូវ	correct
treumotruw	tr8m8tr8w	ត្រឹមត្រូវ	correct
treumotrov	tr8m8tr8v	ត្រឹមត្រូវ	correct
treumotrow	tr8m8tr8w	ត្រឹមត្រូវ	correct
treumotruuv	tr8m8tr8v	ត្រឹមត្រូវ	correct
treumotruuw	tr8m8tr8w	ត្រឹមត្រូវ	correct
treumodrouv	tr8m8dr8v	ត្រឹមត្រូវ	correct
treumodrouw	tr8m8dr8w	ត្រឹមត្រូវ	correct
treumodruv	tr8m8dr8v	ត្រឹមត្រូវ	correct
treumodruw	tr8m8dr8w	ត្រឹមត្រូវ	correct
treumodrov	tr8m8dr8v	ត្រឹមត្រូវ	correct
treumodrow	tr8m8dr8w	ត្រឹមត្រូវ	correct
treumodruuv	tr8m8dr8v	ត្រឹមត្រូវ	correct
treumodruuw	tr8m8dr8w	ត្រឹមត្រូវ	correct
treumatrouv	tr8m8tr8v	ត្រឹមត្រូវ	correct
treumatrouw	tr8m8tr8w	ត្រឹមត្រូវ	correct
treumatruv	tr8m8tr8v	ត្រឹមត្រូវ	correct
treumatruw	tr8m8tr8w	ត្រឹមត្រូវ	correct
treumatrov	tr8m8tr8v	ត្រឹមត្រូវ	correct
treumatrow	tr8m8tr8w	ត្រឹមត្រូវ	correct
treumatruuv	tr8m8tr8v	ត្រឹមត្រូវ	correct
treumatruuw	tr8m8tr8w	ត្រឹមត្រូវ	correct
treumadrouv	tr8m8dr8v	ត្រឹមត្រូវ	correct
treumadrouw	tr8m8dr8w	ត្រឹមត្រូវ	correct
treumadruv	tr8m8dr8v	ត្រឹមត្រូវ	correct
treumadruw	tr8m8dr8w	ត្រឹមត្រូវ	correct
treumadrov	tr8m8dr8v	ត្រឹមត្រូវ	correct
treumadrow	tr8m8dr8w	ត្រឹមត្រូវ	correct
treumadruuv	tr8m8dr8v	ត្រឹមត្រូវ	correct
treumadruuw	tr8m8dr8w	ត្រឹមត្រូវ	correct
tremtrouv	tr8mtr8v	ត្រឹមត្រូវ	correct
tremtrouw	tr8mtr8w	ត្រឹមត្រូវ	correct
tremtruv	tr8mtr8v	ត្រឹមត្រូវ	correct
tremtruw	tr8mtr8w	ត្រឹមត្រូវ	correct
tremtrov	tr8mtr8v	ត្រឹមត្រូវ	correct
tremtrow	tr8mtr8w	ត្រឹមត្រូវ	correct
tremtruuv	tr8mtr8v	ត្រឹមត្រូវ	correct
tremtruuw	tr8mtr8w	ត្រឹមត្រូវ	correct
tremdrouv	tr8mdr8v	ត្រឹមត្រូវ	correct
tremdrouw	tr8mdr8w	ត្រឹមត្រូវ	correct
tremdruv	tr8mdr8v	ត្រឹមត្រូវ	correct
tremdruw	tr8mdr8w	ត្រឹមត្រូវ	correct
tremdrov	tr8mdr8v	ត្រឹមត្រូវ	correct
tremdrow	tr8mdr8w	ត្រឹមត្រូវ	correct
tremdruuv	tr8mdr8v	ត្រឹមត្រូវ	correct
tremdruuw	tr8mdr8w	ត្រឹមត្រូវ	correct
tremotrouv	tr8m8tr8v	ត្រឹមត្រូវ	correct
tremotrouw	tr8m8tr8w	ត្រឹមត្រូវ	correct
tremotruv	tr8m8tr8v	ត្រឹមត្រូវ	correct
tremotruw	tr8m8tr8w	ត្រឹមត្រូវ	correct
tremotrov	tr8m8tr8v	ត្រឹមត្រូវ	correct
tremotrow	tr8m8tr8w	ត្រឹមត្រូវ	correct
tremotruuv	tr8m8tr8v	ត្រឹមត្រូវ	correct
tremotruuw	tr8m8tr8w	ត្រឹមត្រូវ	correct
trumtrov	tr8mtr8v	ត្រឹមត្រូវ	correct
khus	kh8s	ខុស	wrong
khos	kh8s	ខុស	wrong
khoh	kh8h	ខុស	wrong
ktov	kt8v	ក្តៅ	hot
ktau	kt8	ក្តៅ	hot
ktow	kt8w	ក្តៅ	hot
ktav	kt8v	ក្តៅ	hot
kdov	kd8v	ក្តៅ	hot
kdau	kd8	ក្តៅ	hot
kdow	kd8w	ក្តៅ	hot
kdav	kd8v	ក្តៅ	hot
kdaw	kd8w	ក្តៅ	hot
kdao	kd8	ក្តៅ	hot
trchak	trch8k	ត្រជាក់	cold
trchak'	trch8k'	ត្រជាក់	cold
trcheak	trch8k	ត្រជាក់	cold
trcheak'	trch8k'	ត្រជាក់	cold
trchaak	trch8k	ត្រជាក់	cold
trchaak'	trch8k'	ត្រជាក់	cold
trjak	trj8k	ត្រជាក់	cold
trjak'	trj8k'	ត្រជាក់	cold
trjeak	trj8k	ត្រជាក់	cold
trjeak'	trj8k'	ត្រជាក់	cold
trjaak	trj8k	ត្រជាក់	cold
trjaak'	trj8k'	ត្រជាក់	cold
trochak	tr8ch8k	ត្រជាក់	cold
trochak'	tr8ch8k'	ត្រជាក់	cold
trocheak	tr8ch8k	ត្រជាក់	cold
trocheak'	tr8ch8k'	ត្រជាក់	cold
trochaak	tr8ch8k	ត្រជាក់	cold
trochaak'	tr8ch8k'	ត្រជាក់	cold
trojak	tr8j8k	ត្រជាក់	cold
trojak'	tr8j8k'	ត្រជាក់	cold
trojeak	tr8j8k	ត្រជាក់	cold
trojeak'	tr8j8k'	ត្រជាក់	cold
trojaak	tr8j8k	ត្រជាក់	cold
trojaak'	tr8j8k'	ត្រជាក់	cold
trachak	tr8ch8k	ត្រជាក់	cold
trachak'	tr8ch8k'	ត្រជាក់	cold
tracheak	tr8ch8k	ត្រជាក់	cold
tracheak'	tr8ch8k'	ត្រជាក់	cold
trachaak	tr8ch8k	ត្រជាក់	cold
trachaak'	tr8ch8k'	ត្រជាក់	cold
trajak	tr8j8k	ត្រជាក់	cold
trajak'	tr8j8k'	ត្រជាក់	cold
trajeak	tr8j8k	ត្រជាក់	cold
trajeak'	tr8j8k'	ត្រជាក់	cold
trajaak	tr8j8k	ត្រជាក់	cold
trajaak'	tr8j8k'	ត្រជាក់	cold
drchak	drch8k	ត្រជាក់	cold
drchak'	drch8k'	ត្រជាក់	cold
drcheak	drch8k	ត្រជាក់	cold
drcheak'	drch8k'	ត្រជាក់	cold
drchaak	drch8k	ត្រជាក់	cold
drchaak'	drch8k'	ត្រជាក់	cold
drjak	drj8k	ត្រជាក់	cold
drjak'	drj8k'	ត្រជាក់	cold
drjeak	drj8k	ត្រជាក់	cold
drjeak'	drj8k'	ត្រជាក់	cold
drjaak	drj8k	ត្រជាក់	cold
drjaak'	drj8k'	ត្រជាក់	cold
drochak	dr8ch8k	ត្រជាក់	cold
drochak'	dr8ch8k'	ត្រជាក់	cold
drocheak	dr8ch8k	ត្រជាក់	cold
drocheak'	dr8ch8k'	ត្រជាក់	cold
drochaak	dr8ch8k	ត្រជាក់	cold
drochaak'	dr8ch8k'	ត្រជាក់	cold
drojak	dr8j8k	ត្រជាក់	cold
drojak'	dr8j8k'	ត្រជាក់	cold
drojeak	dr8j8k	ត្រជាក់	cold
drojeak'	dr8j8k'	ត្រជាក់	cold
drojaak	dr8j8k	ត្រជាក់	cold
drojaak'	dr8j8k'	ត្រជាក់	cold
drachak	dr8ch8k	ត្រជាក់	cold
drachak'	dr8ch8k'	ត្រជាក់	cold
dracheak	dr8ch8k	ត្រជាក់	cold
dracheak'	dr8ch8k'	ត្រជាក់	cold
drachaak	dr8ch8k	ត្រជាក់	cold
drachaak'	dr8ch8k'	ត្រជាក់	cold
drajak	dr8j8k	ត្រជាក់	cold
drajak'	dr8j8k'	ត្រជាក់	cold
drajeak	dr8j8k	ត្រជាក់	cold
drajeak'	dr8j8k'	ត្រជាក់	cold
drajaak	dr8j8k	ត្រជាក់	cold
drajaak'	dr8j8k'	ត្រជាក់	cold
trorcheak	tr8rch8k	ត្រជាក់	cold
aschary	8sch8r8	អស្ចារ្យ	amazing
ascheary	8sch8r8	អស្ចារ្យ	amazing
aschaary	8sch8r8	អស្ចារ្យ	amazing
asjary	8sj8r8	អស្ចារ្យ	amazing
asjeary	8sj8r8	អស្ចារ្យ	amazing
asjaary	8sj8r8	អស្ចារ្យ	amazing
aoschary	8sch8r8	អស្ចារ្យ	amazing
aoscheary	8sch8r8	អស្ចារ្យ	amazing
aoschaary	8sch8r8	អស្ចារ្យ	amazing
aosjary	8sj8r8	អស្ចារ្យ	amazing
aosjeary	8sj8r8	អស្ចារ្យ	amazing
aosjaary	8sj8r8	អស្ចារ្យ	amazing
aaschary	8sch8r8	អស្ចារ្យ	amazing
aascheary	8sch8r8	អស្ចារ្យ	amazing
aaschaary	8sch8r8	អស្ចារ្យ	amazing
aasjary	8sj8r8	អស្ចារ្យ	amazing
aasjeary	8sj8r8	អស្ចារ្យ	amazing
aasjaary	8sj8r8	អស្ចារ្យ	amazing
oschary	8sch8r8	អស្ចារ្យ	amazing
oscheary	8sch8r8	អស្ចារ្យ	amazing
oschaary	8sch8r8	អស្ចារ្យ	amazing
osjary	8sj8r8	អស្ចារ្យ	amazing
osjeary	8sj8r8	អស្ចារ្យ	amazing
osjaary	8sj8r8	អស្ចារ្យ	amazing
ooschary	8sch8r8	អស្ចារ្យ	amazing
ooscheary	8sch8r8	អស្ចារ្យ	amazing
ooschaary	8sch8r8	អស្ចារ្យ	amazing
oosjary	8sj8r8	អស្ចារ្យ	amazing
oosjeary	8sj8r8	អស្ចារ្យ	amazing
oosjaary	8sj8r8	អស្ចារ្យ	amazing
oaschary	8sch8r8	អស្ចារ្យ	amazing
oascheary	8sch8r8	អស្ចារ្យ	amazing
oaschaary	8sch8r8	អស្ចារ្យ	amazing
oasjary	8sj8r8	អស្ចារ្យ	amazing
oasjeary	8sj8r8	អស្ចារ្យ	amazing
oasjaary	8sj8r8	អស្ចារ្យ	amazing
qschary	qsch8r8	អស្ចារ្យ	amazing
qscheary	qsch8r8	អស្ចារ្យ	amazing
qschaary	qsch8r8	អស្ចារ្យ	amazing
qsjary	qsj8r8	អស្ចារ្យ	amazing
qsjeary	qsj8r8	អស្ចារ្យ	amazing
qsjaary	qsj8r8	អស្ចារ្យ	amazing
qoschary	q8sch8r8	អស្ចារ្យ	amazing
qoscheary	q8sch8r8	អស្ចារ្យ	amazing
qoschaary	q8sch8r8	អស្ចារ្យ	amazing
qosjary	q8sj8r8	អស្ចារ្យ	amazing
qosjeary	q8sj8r8	អស្ចារ្យ	amazing
qosjaary	q8sj8r8	អស្ចារ្យ	amazing
qaschary	q8sch8r8	អស្ចារ្យ	amazing
qascheary	q8sch8r8	អស្ចារ្យ	amazing
qaschaary	q8sch8r8	អស្ចារ្យ	amazing
qasjary	q8sj8r8	អស្ចារ្យ	amazing
qasjeary	q8sj8r8	អស្ចារ្យ	amazing
qasjaary	q8sj8r8	អស្ចារ្យ	amazing
schary	sch8r8	អស្ចារ្យ	amazing
scheary	sch8r8	អស្ចារ្យ	amazing
schaary	sch8r8	អស្ចារ្យ	amazing
sjary	sj8r8	អស្ចារ្យ	amazing
sjeary	sj8r8	អស្ចារ្យ	amazing
sjaary	sj8r8	អស្ចារ្យ	amazing
oschar	8sch8r	អស្ចារ្យ	amazing
aschar	8sch8r	អស្ចារ្យ	amazing
sngat	sng8t	ស្ងាត់	quiet
sngat'	sng8t'	ស្ងាត់	quiet
sngad	sng8d	ស្ងាត់	quiet
sngad'	sng8d'	ស្ងាត់	quiet
sngeat	sng8t	ស្ងាត់	quiet
sngeat'	sng8t'	ស្ងាត់	quiet
sngead	sng8d	ស្ងាត់	quiet
sngead'	sng8d'	ស្ងាត់	quiet
sngaat	sng8t	ស្ងាត់	quiet
sngaat'	sng8t'	ស្ងាត់	quiet
sngaad	sng8d	ស្ងាត់	quiet
sngaad'	sng8d'	ស្ងាត់	quiet
chbas	chb8s	ច្បាស់	clear, sure
chbas'	chb8s'	ច្បាស់	clear, sure
chbeas	chb8s	ច្បាស់	clear, sure
chbeas'	chb8s'	ច្បាស់	clear, sure
chbaas	chb8s	ច្បាស់	clear, sure
chbaas'	chb8s'	ច្បាស់	clear, sure
chpas	chp8s	ច្បាស់	clear, sure
chpas'	chp8s'	ច្បាស់	clear, sure
chpeas	chp8s	ច្បាស់	clear, sure
chpeas'	chp8s'	ច្បាស់	clear, sure
chpaas	chp8s	ច្បាស់	clear, sure
chpaas'	chp8s'	ច្បាស់	clear, sure
jbas	jb8s	ច្បាស់	clear, sure
jbas'	jb8s'	ច្បាស់	clear, sure
jbeas	jb8s	ច្បាស់	clear, sure
jbeas'	jb8s'	ច្បាស់	clear, sure
jbaas	jb8s	ច្បាស់	clear, sure
jbaas'	jb8s'	ច្បាស់	clear, sure
jpas	jp8s	ច្បាស់	clear, sure
jpas'	jp8s'	ច្បាស់	clear, sure
jpeas	jp8s	ច្បាស់	clear, sure
jpeas'	jp8s'	ច្បាស់	clear, sure
jpaas	jp8s	ច្បាស់	clear, sure
jpaas'	jp8s'	ច្បាស់	clear, sure
chbah	chb8h	ច្បាស់	clear, sure
samnang	s8mn8ng	សំណាង	luck
samneang	s8mn8ng	សំណាង	luck
samnaang	s8mn8ng	សំណាង	luck
somnang	s8mn8ng	សំណាង	luck
somneang	s8mn8ng	សំណាង	luck
somnaang	s8mn8ng	សំណាង	luck
sumnang	s8mn8ng	សំណាង	luck
sumneang	s8mn8ng	សំណាង	luck
sumnaang	s8mn8ng	សំណាង	luck
toek	t8k	ទឹក	water
teuk	t8k	ទឹក	water
tek	t8k	ទឹក	water
doek	d8k	ទឹក	water
deuk	d8k	ទឹក	water
dek	d8k	ទឹក	water
ddoek	dd8k	ទឹក	water
ddeuk	dd8k	ទឹក	water
ddek	dd8k	ទឹក	water
tuk	t8k	ទឹក	water
bay	b8	បាយ	rice, meal
beay	b8	បាយ	rice, meal
baay	b8	បាយ	rice, meal
pay	p8	បាយ	rice, meal
peay	p8	បាយ	rice, meal
paay	p8	បាយ	rice, meal
aahar	8h8r	អាហារ	food
aahear	8h8r	អាហារ	food
aahaar	8h8r	អាហារ	food
aeahar	8h8r	អាហារ	food
aeahear	8h8r	អាហារ	food
aeahaar	8h8r	អាហារ	food
aaahar	8h8r	អាហារ	food
aaahear	8h8r	អាហារ	food
aaahaar	8h8r	អាហារ	food
oahar	8h8r	អាហារ	food
oahear	8h8r	អាហារ	food
oahaar	8h8r	អាហារ	food
oeahar	8h8r	អាហារ	food
oeahear	8h8r	អាហារ	food
oeahaar	8h8r	អាហារ	food
oaahar	8h8r	អាហារ	food
oaahear	8h8r	អាហារ	food
oaahaar	8h8r	អាហារ	food
qahar	q8h8r	អាហារ	food
qahear	q8h8r	អាហារ	food
qahaar	q8h8r	អាហារ	food
qeahar	q8h8r	អាហារ	food
qeahear	q8h8r	អាហារ	food
qeahaar	q8h8r	អាហារ	food
qaahar	q8h8r	អាហារ	food
qaahear	q8h8r	អាហារ	food
qaahaar	q8h8r	អាហារ	food
ahar	8h8r	អាហារ	food
ahear	8h8r	អាហារ	food
ahaar	8h8r	អាហារ	food
eahar	8h8r	អាហារ	food
eahear	8h8r	អាហារ	food
eahaar	8h8r	អាហារ	food
aha	8h8	អាហារ	food
nam	n8m	នំ	cake, snack
nom	n8m	នំ	cake, snack
num	n8m	នំ	cake, snack
nambng	n8mbng	នំប៉័ង	bread
nambang	n8mb8ng	នំប៉័ង	bread
namboang	n8mb8ng	នំប៉័ង	bread
nampng	n8mpng	នំប៉័ង	bread
nampang	n8mp8ng	នំប៉័ង	bread
nampoang	n8mp8ng	នំប៉័ង	bread
nombng	n8mbng	នំប៉័ង	bread
nombang	n8mb8ng	នំប៉័ង	bread
nomboang	n8mb8ng	នំប៉័ង	bread
nompng	n8mpng	នំប៉័ង	bread
nompang	n8mp8ng	នំប៉័ង	bread
nompoang	n8mp8ng	នំប៉័ង	bread
numbng	n8mbng	នំប៉័ង	bread
numbang	n8mb8ng	នំប៉័ង	bread
numboang	n8mb8ng	នំប៉័ង	bread
numpng	n8mpng	នំប៉័ង	bread
numpang	n8mp8ng	នំប៉័ង	bread
numpoang	n8mp8ng	នំប៉័ង	bread
trey	tr8	ត្រី	fish
tri	tr8	ត្រី	fish
trii	tr8	ត្រី	fish
drey	dr8	ត្រី	fish
dri	dr8	ត្រី	fish
drii	dr8	ត្រី	fish
trei	tr8	ត្រី	fish
sach	s8ch	សាច់	meat
sach'	s8ch'	សាច់	meat
saj	s8j	សាច់	meat
saj'	s8j'	សាច់	meat
seach	s8ch	សាច់	meat
seach'	s8ch'	សាច់	meat
seaj	s8j	សាច់	meat
seaj'	s8j'	សាច់	meat
saach	s8ch	សាច់	meat
saach'	s8ch'	សាច់	meat
saaj	s8j	សាច់	meat
saaj'	s8j'	សាច់	meat
sachchrouk	s8chchr8k	សាច់ជ្រូក	pork
sachchruk	s8chchr8k	សាច់ជ្រូក	pork
sachchrok	s8chchr8k	សាច់ជ្រូក	pork
sachchruuk	s8chchr8k	សាច់ជ្រូក	pork
sachjrouk	s8chjr8k	សាច់ជ្រូក	pork
sachjruk	s8chjr8k	សាច់ជ្រូក	pork
sachjrok	s8chjr8k	សាច់ជ្រូក	pork
sachjruuk	s8chjr8k	សាច់ជ្រូក	pork
sach'chrouk	s8ch'chr8k	សាច់ជ្រូក	pork
sach'chruk	s8ch'chr8k	សាច់ជ្រូក	pork
sach'chrok	s8ch'chr8k	សាច់ជ្រូក	pork
sach'chruuk	s8ch'chr8k	សាច់ជ្រូក	pork
sach'jrouk	s8ch'jr8k	សាច់ជ្រូក	pork
sach'jruk	s8ch'jr8k	សាច់ជ្រូក	pork
sach'jrok	s8ch'jr8k	សាច់ជ្រូក	pork
sach'jruuk	s8ch'jr8k	សាច់ជ្រូក	pork
sajchrouk	s8jchr8k	សាច់ជ្រូក	pork
sajchruk	s8jchr8k	សាច់ជ្រូក	pork
sajchrok	s8jchr8k	សាច់ជ្រូក	pork
sajchruuk	s8jchr8k	សាច់ជ្រូក	pork
sajjrouk	s8jjr8k	សាច់ជ្រូក	pork
sajjruk	s8jjr8k	សាច់ជ្រូក	pork
sajjrok	s8jjr8k	សាច់ជ្រូក	pork
sajjruuk	s8jjr8k	សាច់ជ្រូក	pork
saj'chrouk	s8j'chr8k	សាច់ជ្រូក	pork
saj'chruk	s8j'chr8k	សាច់ជ្រូក	pork
saj'chrok	s8j'chr8k	សាច់ជ្រូក	pork
saj'chruuk	s8j'chr8k	សាច់ជ្រូក	pork
saj'jrouk	s8j'jr8k	សាច់ជ្រូក	pork
saj'jruk	s8j'jr8k	សាច់ជ្រូក	pork
saj'jrok	s8j'jr8k	សាច់ជ្រូក	pork
saj'jruuk	s8j'jr8k	សាច់ជ្រូក	pork
seachchrouk	s8chchr8k	សាច់ជ្រូក	pork
seachchruk	s8chchr8k	សាច់ជ្រូក	pork
seachchrok	s8chchr8k	សាច់ជ្រូក	pork
seachchruuk	s8chchr8k	សាច់ជ្រូក	pork
seachjrouk	s8chjr8k	សាច់ជ្រូក	pork
seachjruk	s8chjr8k	សាច់ជ្រូក	pork
seachjrok	s8chjr8k	សាច់ជ្រូក	pork
seachjruuk	s8chjr8k	សាច់ជ្រូក	pork
seach'chrouk	s8ch'chr8k	សាច់ជ្រូក	pork
seach'chruk	s8ch'chr8k	សាច់ជ្រូក	pork
seach'chrok	s8ch'chr8k	សាច់ជ្រូក	pork
seach'chruuk	s8ch'chr8k	សាច់ជ្រូក	pork
seach'jrouk	s8ch'jr8k	សាច់ជ្រូក	pork
seach'jruk	s8ch'jr8k	សាច់ជ្រូក	pork
seach'jrok	s8ch'jr8k	សាច់ជ្រូក	pork
seach'jruuk	s8ch'jr8k	សាច់ជ្រូក	pork
seajchrouk	s8jchr8k	សាច់ជ្រូក	pork
seajchruk	s8jchr8k	សាច់ជ្រូក	pork
seajchrok	s8jchr8k	សាច់ជ្រូក	pork
seajchruuk	s8jchr8k	សាច់ជ្រូក	pork
seajjrouk	s8jjr8k	សាច់ជ្រូក	pork
seajjruk	s8jjr8k	សាច់ជ្រូក	pork
seajjrok	s8jjr8k	សាច់ជ្រូក	pork
seajjruuk	s8jjr8k	សាច់ជ្រូក	pork
seaj'chrouk	s8j'chr8k	សាច់ជ្រូក	pork
seaj'chruk	s8j'chr8k	សាច់ជ្រូក	pork
seaj'chrok	s8j'chr8k	សាច់ជ្រូក	pork
seaj'chruuk	s8j'chr8k	សាច់ជ្រូក	pork
seaj'jrouk	s8j'jr8k	សាច់ជ្រូក	pork
seaj'jruk	s8j'jr8k	សាច់ជ្រូក	pork
seaj'jrok	s8j'jr8k	សាច់ជ្រូក	pork
seaj'jruuk	s8j'jr8k	សាច់ជ្រូក	pork
saachchrouk	s8chchr8k	សាច់ជ្រូក	pork
saachchruk	s8chchr8k	សាច់ជ្រូក	pork
saachchrok	s8chchr8k	សាច់ជ្រូក	pork
saachchruuk	s8chchr8k	សាច់ជ្រូក	pork
saachjrouk	s8chjr8k	សាច់ជ្រូក	pork
saachjruk	s8chjr8k	សាច់ជ្រូក	pork
saachjrok	s8chjr8k	សាច់ជ្រូក	pork
saachjruuk	s8chjr8k	សាច់ជ្រូក	pork
saach'chrouk	s8ch'chr8k	សាច់ជ្រូក	pork
saach'chruk	s8ch'chr8k	សាច់ជ្រូក	pork
saach'chrok	s8ch'chr8k	សាច់ជ្រូក	pork
saach'chruuk	s8ch'chr8k	សាច់ជ្រូក	pork
saach'jrouk	s8ch'jr8k	សាច់ជ្រូក	pork
saach'jruk	s8ch'jr8k	សាច់ជ្រូក	pork
saach'jrok	s8ch'jr8k	សាច់ជ្រូក	pork
saach'jruuk	s8ch'jr8k	សាច់ជ្រូក	pork
saajchrouk	s8jchr8k	សាច់ជ្រូក	pork
saajchruk	s8jchr8k	សាច់ជ្រូក	pork
saajchrok	s8jchr8k	សាច់ជ្រូក	pork
saajchruuk	s8jchr8k	សាច់ជ្រូក	pork
saajjrouk	s8jjr8k	សាច់ជ្រូក	pork
saajjruk	s8jjr8k	សាច់ជ្រូក	pork
saajjrok	s8jjr8k	សាច់ជ្រូក	pork
saajjruuk	s8jjr8k	សាច់ជ្រូក	pork
saaj'chrouk	s8j'chr8k	សាច់ជ្រូក	pork
saaj'chruk	s8j'chr8k	សាច់ជ្រូក	pork
saaj'chrok	s8j'chr8k	សាច់ជ្រូក	pork
saaj'chruuk	s8j'chr8k	សាច់ជ្រូក	pork
saaj'jrouk	s8j'jr8k	សាច់ជ្រូក	pork
saaj'jruk	s8j'jr8k	សាច់ជ្រូក	pork
saaj'jrok	s8j'jr8k	សាច់ជ្រូក	pork
saaj'jruuk	s8j'jr8k	សាច់ជ្រូក	pork
sachko	s8chk8	សាច់គោ	beef
sachkao	s8chk8	សាច់គោ	beef
sachkou	s8chk8	សាច់គោ	beef
sachkoa	s8chk8	សាច់គោ	beef
sachgo	s8chg8	សាច់គោ	beef
sachgao	s8chg8	សាច់គោ	beef
sachgou	s8chg8	សាច់គោ	beef
sachgoa	s8chg8	សាច់គោ	beef
sach'ko	s8ch'k8	សាច់គោ	beef
sach'kao	s8ch'k8	សាច់គោ	beef
sach'kou	s8ch'k8	សាច់គោ	beef
sach'koa	s8ch'k8	សាច់គោ	beef
sach'go	s8ch'g8	សាច់គោ	beef
sach'gao	s8ch'g8	សាច់គោ	beef
sach'gou	s8ch'g8	សាច់គោ	beef
sach'goa	s8ch'g8	សាច់គោ	beef
sajko	s8jk8	សាច់គោ	beef
sajkao	s8jk8	សាច់គោ	beef
sajkou	s8jk8	សាច់គោ	beef
sajkoa	s8jk8	សាច់គោ	beef
sajgo	s8jg8	សាច់គោ	beef
sajgao	s8jg8	សាច់គោ	beef
sajgou	s8jg8	សាច់គោ	beef
sajgoa	s8jg8	សាច់គោ	beef
saj'ko	s8j'k8	សាច់គោ	beef
saj'kao	s8j'k8	សាច់គោ	beef
saj'kou	s8j'k8	សាច់គោ	beef
saj'koa	s8j'k8	សាច់គោ	beef
saj'go	s8j'g8	សាច់គោ	beef
saj'gao	s8j'g8	សាច់គោ	beef
saj'gou	s8j'g8	សាច់គោ	beef
saj'goa	s8j'g8	សាច់គោ	beef
seachko	s8chk8	សាច់គោ	beef
seachkao	s8chk8	សាច់គោ	beef
seachkou	s8chk8	សាច់គោ	beef
seachkoa	s8chk8	សាច់គោ	beef
seachgo	s8chg8	សាច់គោ	beef
seachgao	s8chg8	សាច់គោ	beef
seachgou	s8chg8	សាច់គោ	beef
seachgoa	s8chg8	សាច់គោ	beef
seach'ko	s8ch'k8	សាច់គោ	beef
seach'kao	s8ch'k8	សាច់គោ	beef
seach'kou	s8ch'k8	សាច់គោ	beef
seach'koa	s8ch'k8	សាច់គោ	beef
seach'go	s8ch'g8	សាច់គោ	beef
seach'gao	s8ch'g8	សាច់គោ	beef
seach'gou	s8ch'g8	សាច់គោ	beef
seach'goa	s8ch'g8	សាច់គោ	beef
seajko	s8jk8	សាច់គោ	beef
seajkao	s8jk8	សាច់គោ	beef
seajkou	s8jk8	សាច់គោ	beef
seajkoa	s8jk8	សាច់គោ	beef
seajgo	s8jg8	សាច់គោ	beef
seajgao	s8jg8	សាច់គោ	beef
seajgou	s8jg8	សាច់គោ	beef
seajgoa	s8jg8	សាច់គោ	beef
seaj'ko	s8j'k8	សាច់គោ	beef
seaj'kao	s8j'k8	សាច់គោ	beef
seaj'kou	s8j'k8	សាច់គោ	beef
seaj'koa	s8j'k8	សាច់គោ	beef
seaj'go	s8j'g8	សាច់គោ	beef
seaj'gao	s8j'g8	សាច់គោ	beef
seaj'gou	s8j'g8	សាច់គោ	beef
seaj'goa	s8j'g8	សាច់គោ	beef
saachko	s8chk8	សាច់គោ	beef
saachkao	s8chk8	សាច់គោ	beef
saachkou	s8chk8	សាច់គោ	beef
saachkoa	s8chk8	សាច់គោ	beef
saachgo	s8chg8	សាច់គោ	beef
saachgao	s8chg8	សាច់គោ	beef
saachgou	s8chg8	សាច់គោ	beef
saachgoa	s8chg8	សាច់គោ	beef
saach'ko	s8ch'k8	សាច់គោ	beef
saach'kao	s8ch'k8	សាច់គោ	beef
saach'kou	s8ch'k8	សាច់គោ	beef
saach'koa	s8ch'k8	សាច់គោ	beef
saach'go	s8ch'g8	សាច់គោ	beef
saach'gao	s8ch'g8	សាច់គោ	beef
saach'gou	s8ch'g8	សាច់គោ	beef
saach'goa	s8ch'g8	សាច់គោ	beef
saajko	s8jk8	សាច់គោ	beef
saajkao	s8jk8	សាច់គោ	beef
saajkou	s8jk8	សាច់គោ	beef
saajkoa	s8jk8	សាច់គោ	beef
saajgo	s8jg8	សាច់គោ	beef
saajgao	s8jg8	សាច់គោ	beef
saajgou	s8jg8	សាច់គោ	beef
saajgoa	s8jg8	សាច់គោ	beef
saaj'ko	s8j'k8	សាច់គោ	beef
saaj'kao	s8j'k8	សាច់គោ	beef
saaj'kou	s8j'k8	សាច់គោ	beef
saaj'koa	s8j'k8	សាច់គោ	beef
saaj'go	s8j'g8	សាច់គោ	beef
saaj'gao	s8j'g8	សាច់គោ	beef
saaj'gou	s8j'g8	សាច់គោ	beef
saaj'goa	s8j'g8	សាច់គោ	beef
man	m8n	មាន់	chicken
man'	m8n'	មាន់	chicken
mean	m8n	មាន់	chicken
mean'	m8n'	មាន់	chicken
maan	m8n	មាន់	chicken
maan'	m8n'	មាន់	chicken
moan	m8n	មាន់	chicken
bnlae	bnl8	បន្លែ	vegetable
bnle	bnl8	បន្លែ	vegetable
bnlea	bnl8	បន្លែ	vegetable
bonlae	b8nl8	បន្លែ	vegetable
bonle	b8nl8	បន្លែ	vegetable
bonlea	b8nl8	បន្លែ	vegetable
banlae	b8nl8	បន្លែ	vegetable
banle	b8nl8	បន្លែ	vegetable
banlea	b8nl8	បន្លែ	vegetable
pnlae	pnl8	បន្លែ	vegetable
pnle	pnl8	បន្លែ	vegetable
pnlea	pnl8	បន្លែ	vegetable
ponlae	p8nl8	បន្លែ	vegetable
ponle	p8nl8	បន្លែ	vegetable
ponlea	p8nl8	បន្លែ	vegetable
panlae	p8nl8	បន្លែ	vegetable
panle	p8nl8	បន្លែ	vegetable
panlea	p8nl8	បន្លែ	vegetable
phlaechhae	phl8chh8	ផ្លែឈើ	fruit
phlaechher	phl8chh8r	ផ្លែឈើ	fruit
phlaechheu	phl8chh8	ផ្លែឈើ	fruit
phlaechhaeu	phl8chh8	ផ្លែឈើ	fruit
phlaejhae	phl8jh8	ផ្លែឈើ	fruit
phlaejher	phl8jh8r	ផ្លែឈើ	fruit
phlaejheu	phl8jh8	ផ្លែឈើ	fruit
phlaejhaeu	phl8jh8	ផ្លែឈើ	fruit
phlechhae	phl8chh8	ផ្លែឈើ	fruit
phlechher	phl8chh8r	ផ្លែឈើ	fruit
phlechheu	phl8chh8	ផ្លែឈើ	fruit
phlechhaeu	phl8chh8	ផ្លែឈើ	fruit
phlejhae	phl8jh8	ផ្លែឈើ	fruit
phlejher	phl8jh8r	ផ្លែឈើ	fruit
phlejheu	phl8jh8	ផ្លែឈើ	fruit
phlejhaeu	phl8jh8	ផ្លែឈើ	fruit
phleachhae	phl8chh8	ផ្លែឈើ	fruit
phleachher	phl8chh8r	ផ្លែឈើ	fruit
phleachheu	phl8chh8	ផ្លែឈើ	fruit
phleachhaeu	phl8chh8	ផ្លែឈើ	fruit
phleajhae	phl8jh8	ផ្លែឈើ	fruit
phleajher	phl8jh8r	ផ្លែឈើ	fruit
phleajheu	phl8jh8	ផ្លែឈើ	fruit
phleajhaeu	phl8jh8	ផ្លែឈើ	fruit
plaecher	pl8ch8r	ផ្លែឈើ	fruit
kahve	k8hv8	កាហ្វេ	coffee
kahvei	k8hv8	កាហ្វេ	coffee
kahwe	k8hw8	កាហ្វេ	coffee
kahwei	k8hw8	កាហ្វេ	coffee
keahve	k8hv8	កាហ្វេ	coffee
keahvei	k8hv8	កាហ្វេ	coffee
keahwe	k8hw8	កាហ្វេ	coffee
keahwei	k8hw8	កាហ្វេ	coffee
kaahve	k8hv8	កាហ្វេ	coffee
kaahvei	k8hv8	កាហ្វេ	coffee
kaahwe	k8hw8	កាហ្វេ	coffee
kaahwei	k8hw8	កាហ្វេ	coffee
kafe	k8f8	កាហ្វេ	coffee
cafe	c8f8	កាហ្វេ	coffee
kaafe	k8f8	កាហ្វេ	coffee
toekdoahko	t8kd8hk8	ទឹកដោះគោ	milk
toekdoahkao	t8kd8hk8	ទឹកដោះគោ	milk
toekdoahkou	t8kd8hk8	ទឹកដោះគោ	milk
toekdoahkoa	t8kd8hk8	ទឹកដោះគោ	milk
toekdoahgo	t8kd8hg8	ទឹកដោះគោ	milk
toekdoahgao	t8kd8hg8	ទឹកដោះគោ	milk
toekdoahgou	t8kd8hg8	ទឹកដោះគោ	milk
toekdoahgoa	t8kd8hg8	ទឹកដោះគោ	milk
toekdoako	t8kd8k8	ទឹកដោះគោ	milk
toekdoakao	t8kd8k8	ទឹកដោះគោ	milk
toekdoakou	t8kd8k8	ទឹកដោះគោ	milk
toekdoakoa	t8kd8k8	ទឹកដោះគោ	milk
toekdoago	t8kd8g8	ទឹកដោះគោ	milk
toekdoagao	t8kd8g8	ទឹកដោះគោ	milk
toekdoagou	t8kd8g8	ទឹកដោះគោ	milk
toekdoagoa	t8kd8g8	ទឹកដោះគោ	milk
toekdohko	t8kd8hk8	ទឹកដោះគោ	milk
toekdohkao	t8kd8hk8	ទឹកដោះគោ	milk
toekdohkou	t8kd8hk8	ទឹកដោះគោ	milk
toekdohkoa	t8kd8hk8	ទឹកដោះគោ	milk
toekdohgo	t8kd8hg8	ទឹកដោះគោ	milk
toekdohgao	t8kd8hg8	ទឹកដោះគោ	milk
toekdohgou	t8kd8hg8	ទឹកដោះគោ	milk
toekdohgoa	t8kd8hg8	ទឹកដោះគោ	milk
toekdaoahko	t8kd8hk8	ទឹកដោះគោ	milk
toekdaoahkao	t8kd8hk8	ទឹកដោះគោ	milk
toekdaoahkou	t8kd8hk8	ទឹកដោះគោ	milk
toekdaoahkoa	t8kd8hk8	ទឹកដោះគោ	milk
toekdaoahgo	t8kd8hg8	ទឹកដោះគោ	milk
toekdaoahgao	t8kd8hg8	ទឹកដោះគោ	milk
toekdaoahgou	t8kd8hg8	ទឹកដោះគោ	milk
toekdaoahgoa	t8kd8hg8	ទឹកដោះគោ	milk
toekdaoako	t8kd8k8	ទឹកដោះគោ	milk
toekdaoakao	t8kd8k8	ទឹកដោះគោ	milk
toekdaoakou	t8kd8k8	ទឹកដោះគោ	milk
toekdaoakoa	t8kd8k8	ទឹកដោះគោ	milk
toekdaoago	t8kd8g8	ទឹកដោះគោ	milk
toekdaoagao	t8kd8g8	ទឹកដោះគោ	milk
toekdaoagou	t8kd8g8	ទឹកដោះគោ	milk
toekdaoagoa	t8kd8g8	ទឹកដោះគោ	milk
toekdaohko	t8kd8hk8	ទឹកដោះគោ	milk
toekdaohkao	t8kd8hk8	ទឹកដោះគោ	milk
toekdaohkou	t8kd8hk8	ទឹកដោះគោ	milk
toekdaohkoa	t8kd8hk8	ទឹកដោះគោ	milk
toekdaohgo	t8kd8hg8	ទឹកដោះគោ	milk
toekdaohgao	t8kd8hg8	ទឹកដោះគោ	milk
toekdaohgou	t8kd8hg8	ទឹកដោះគោ	milk
toekdaohgoa	t8kd8hg8	ទឹកដោះគោ	milk
toekdouahko	t8kd8hk8	ទឹកដោះគោ	milk
toekdouahkao	t8kd8hk8	ទឹកដោះគោ	milk
toekdouahkou	t8kd8hk8	ទឹកដោះគោ	milk
toekdouahkoa	t8kd8hk8	ទឹកដោះគោ	milk
toekdouahgo	t8kd8hg8	ទឹកដោះគោ	milk
toekdouahgao	t8kd8hg8	ទឹកដោះគោ	milk
toekdouahgou	t8kd8hg8	ទឹកដោះគោ	milk
toekdouahgoa	t8kd8hg8	ទឹកដោះគោ	milk
toekdouako	t8kd8k8	ទឹកដោះគោ	milk
toekdouakao	t8kd8k8	ទឹកដោះគោ	milk
toekdouakou	t8kd8k8	ទឹកដោះគោ	milk
toekdouakoa	t8kd8k8	ទឹកដោះគោ	milk
toekdouago	t8kd8g8	ទឹកដោះគោ	milk
toekdouagao	t8kd8g8	ទឹកដោះគោ	milk
toekdouagou	t8kd8g8	ទឹកដោះគោ	milk
toekdouagoa	t8kd8g8	ទឹកដោះគោ	milk
toekdouhko	t8kd8hk8	ទឹកដោះគោ	milk
toekdouhkao	t8kd8hk8	ទឹកដោះគោ	milk
toekdouhkou	t8kd8hk8	ទឹកដោះគោ	milk
toekdouhkoa	t8kd8hk8	ទឹកដោះគោ	milk
toekdouhgo	t8kd8hg8	ទឹកដោះគោ	milk
toekdouhgao	t8kd8hg8	ទឹកដោះគោ	milk
toekdouhgou	t8kd8hg8	ទឹកដោះគោ	milk
toekdouhgoa	t8kd8hg8	ទឹកដោះគោ	milk
toekdoaahko	t8kd8hk8	ទឹកដោះគោ	milk
toekdoaahkao	t8kd8hk8	ទឹកដោះគោ	milk
toekdoaahkou	t8kd8hk8	ទឹកដោះគោ	milk
toekdoaahkoa	t8kd8hk8	ទឹកដោះគោ	milk
toekdoaahgo	t8kd8hg8	ទឹកដោះគោ	milk
toekdoaahgao	t8kd8hg8	ទឹកដោះគោ	milk
toekdoaahgou	t8kd8hg8	ទឹកដោះគោ	milk
toekdoaahgoa	t8kd8hg8	ទឹកដោះគោ	milk
toekdoaako	t8kd8k8	ទឹកដោះគោ	milk
toekdoaakao	t8kd8k8	ទឹកដោះគោ	milk
toekdoaakou	t8kd8k8	ទឹកដោះគោ	milk
toekdoaakoa	t8kd8k8	ទឹកដោះគោ	milk
toekdoaago	t8kd8g8	ទឹកដោះគោ	milk
toekdoaagao	t8kd8g8	ទឹកដោះគោ	milk
toekdoaagou	t8kd8g8	ទឹកដោះគោ	milk
toekdoaagoa	t8kd8g8	ទឹកដោះគោ	milk
toekodoahko	t8k8d8hk8	ទឹកដោះគោ	milk
toekodoahkao	t8k8d8hk8	ទឹកដោះគោ	milk
toekodoahkou	t8k8d8hk8	ទឹកដោះគោ	milk
toekodoahkoa	t8k8d8hk8	ទឹកដោះគោ	milk
toekodoahgo	t8k8d8hg8	ទឹកដោះគោ	milk
toekodoahgao	t8k8d8hg8	ទឹកដោះគោ	milk
toekodoahgou	t8k8d8hg8	ទឹកដោះគោ	milk
toekodoahgoa	t8k8d8hg8	ទឹកដោះគោ	milk
toekodoako	t8k8d8k8	ទឹកដោះគោ	milk
toekodoakao	t8k8d8k8	ទឹកដោះគោ	milk
toekodoakou	t8k8d8k8	ទឹកដោះគោ	milk
toekodoakoa	t8k8d8k8	ទឹកដោះគោ	milk
toekodoago	t8k8d8g8	ទឹកដោះគោ	milk
toekodoagao	t8k8d8g8	ទឹកដោះគោ	milk
toekodoagou	t8k8d8g8	ទឹកដោះគោ	milk
toekodoagoa	t8k8d8g8	ទឹកដោះគោ	milk
toekodohko	t8k8d8hk8	ទឹកដោះគោ	milk
toekodohkao	t8k8d8hk8	ទឹកដោះគោ	milk
toekodohkou	t8k8d8hk8	ទឹកដោះគោ	milk
toekodohkoa	t8k8d8hk8	ទឹកដោះគោ	milk
toekodohgo	t8k8d8hg8	ទឹកដោះគោ	milk
toekodohgao	t8k8d8hg8	ទឹកដោះគោ	milk
toekodohgou	t8k8d8hg8	ទឹកដោះគោ	milk
toekodohgoa	t8k8d8hg8	ទឹកដោះគោ	milk
teukdohko	t8kd8hk8	ទឹកដោះគោ	milk
tukdohkou	t8kd8hk8	ទឹកដោះគោ	milk
skr	skr	ស្ករ	sugar
skor	sk8r	ស្ករ	sugar
skar	sk8r	ស្ករ	sugar
ska	sk8	ស្ករ	sugar
aambil	8mb8l	អំបិល	salt
aambel	8mb8l	អំបិល	salt
aampil	8mp8l	អំបិល	salt
aampel	8mp8l	អំបិល	salt
aombil	8mb8l	អំបិល	salt
aombel	8mb8l	អំបិល	salt
aompil	8mp8l	អំបិល	salt
aompel	8mp8l	អំបិល	salt
aumbil	8mb8l	អំបិល	salt
aumbel	8mb8l	អំបិល	salt
aumpil	8mp8l	អំបិល	salt
aumpel	8mp8l	អំបិល	salt
oambil	8mb8l	អំបិល	salt
oambel	8mb8l	អំបិល	salt
oampil	8mp8l	អំបិល	salt
oampel	8mp8l	អំបិល	salt
oombil	8mb8l	អំបិល	salt
oombel	8mb8l	អំបិល	salt
oompil	8mp8l	អំបិល	salt
oompel	8mp8l	អំបិល	salt
oumbil	8mb8l	អំបិល	salt
oumbel	8mb8l	អំបិល	salt
oumpil	8mp8l	អំបិល	salt
oumpel	8mp8l	អំបិល	salt
qambil	q8mb8l	អំបិល	salt
qambel	q8mb8l	អំបិល	salt
qampil	q8mp8l	អំបិល	salt
qampel	q8mp8l	អំបិល	salt
qombil	q8mb8l	អំបិល	salt
qombel	q8mb8l	អំបិល	salt
qompil	q8mp8l	អំបិល	salt
qompel	q8mp8l	អំបិល	salt
qumbil	q8mb8l	អំបិល	salt
qumbel	q8mb8l	អំបិល	salt
qumpil	q8mp8l	អំបិល	salt
qumpel	q8mp8l	អំបិល	salt
ambil	8mb8l	អំបិល	salt
ambel	8mb8l	អំបិល	salt
ampil	8mp8l	អំបិល	salt
ampel	8mp8l	អំបិល	salt
ombil	8mb8l	អំបិល	salt
ombel	8mb8l	អំបិល	salt
ompil	8mp8l	អំបិល	salt
ompel	8mp8l	អំបិល	salt
umbil	8mb8l	អំបិល	salt
umbel	8mb8l	អំបិល	salt
umpil	8mp8l	អំបិល	salt
umpel	8mp8l	អំបិល	salt
phtah	pht8h	ផ្ទះ	house, home
phta	pht8	ផ្ទះ	house, home
phth	phth	ផ្ទះ	house, home
phdah	phd8h	ផ្ទះ	house, home
phda	phd8	ផ្ទះ	house, home
phdh	phdh	ផ្ទះ	house, home
phddah	phdd8h	ផ្ទះ	house, home
phdda	phdd8	ផ្ទះ	house, home
phddh	phddh	ផ្ទះ	house, home
phteah	pht8h	ផ្ទះ	house, home
pteah	pt8h	ផ្ទះ	house, home
ptes	pt8s	ផ្ទះ	house, home
bntb	bntb	បន្ទប់	room
bntb'	bntb'	បន្ទប់	room
bntp	bntp	បន្ទប់	room
bntp'	bntp'	បន្ទប់	room
bntob	bnt8b	បន្ទប់	room
bntob'	bnt8b'	បន្ទប់	room
bntop	bnt8p	បន្ទប់	room
bntop'	bnt8p'	បន្ទប់	room
bntab	bnt8b	បន្ទប់	room
bntab'	bnt8b'	បន្ទប់	room
bntap	bnt8p	បន្ទប់	room
bntap'	bnt8p'	បន្ទប់	room
bndb	bndb	បន្ទប់	room
bndb'	bndb'	បន្ទប់	room
bndp	bndp	បន្ទប់	room
bndp'	bndp'	បន្ទប់	room
bndob	bnd8b	បន្ទប់	room
bndob'	bnd8b'	បន្ទប់	room
bndop	bnd8p	បន្ទប់	room
bndop'	bnd8p'	បន្ទប់	room
bndab	bnd8b	បន្ទប់	room
bndab'	bnd8b'	បន្ទប់	room
bndap	bnd8p	បន្ទប់	room
bndap'	bnd8p'	បន្ទប់	room
bnddb	bnddb	បន្ទប់	room
bnddb'	bnddb'	បន្ទប់	room
bnddp	bnddp	បន្ទប់	room
bnddp'	bnddp'	បន្ទប់	room
bnddob	bndd8b	បន្ទប់	room
bnddob'	bndd8b'	បន្ទប់	room
bnddop	bndd8p	បន្ទប់	room
bnddop'	bndd8p'	បន្ទប់	room
bnddab	bndd8b	បន្ទប់	room
bnddab'	bndd8b'	បន្ទប់	room
bnddap	bndd8p	បន្ទប់	room
bnddap'	bndd8p'	បន្ទប់	room
bontb	b8ntb	បន្ទប់	room
bontb'	b8ntb'	បន្ទប់	room
bontp	b8ntp	បន្ទប់	room
bontp'	b8ntp'	បន្ទប់	room
bontob	b8nt8b	បន្ទប់	room
bontob'	b8nt8b'	បន្ទប់	room
bontop	b8nt8p	បន្ទប់	room
bontop'	b8nt8p'	បន្ទប់	room
bontab	b8nt8b	បន្ទប់	room
bontab'	b8nt8b'	បន្ទប់	room
bontap	b8nt8p	បន្ទប់	room
bontap'	b8nt8p'	បន្ទប់	room
bondb	b8ndb	បន្ទប់	room
bondb'	b8ndb'	បន្ទប់	room
bondp	b8ndp	បន្ទប់	room
bondp'	b8ndp'	បន្ទប់	room
bondob	b8nd8b	បន្ទប់	room
bondob'	b8nd8b'	បន្ទប់	room
bondop	b8nd8p	បន្ទប់	room
bondop'	b8nd8p'	បន្ទប់	room
bondab	b8nd8b	បន្ទប់	room
bondab'	b8nd8b'	បន្ទប់	room
bondap	b8nd8p	បន្ទប់	room
bondap'	b8nd8p'	បន្ទប់	room
bonddb	b8nddb	បន្ទប់	room
bonddb'	b8nddb'	បន្ទប់	room
bonddp	b8nddp	បន្ទប់	room
bonddp'	b8nddp'	បន្ទប់	room
bonddob	b8ndd8b	បន្ទប់	room
bonddob'	b8ndd8b'	បន្ទប់	room
bonddop	b8ndd8p	បន្ទប់	room
bonddop'	b8ndd8p'	បន្ទប់	room
bonddab	b8ndd8b	បន្ទប់	room
bonddab'	b8ndd8b'	បន្ទប់	room
bonddap	b8ndd8p	បន្ទប់	room
bonddap'	b8ndd8p'	បន្ទប់	room
bantb	b8ntb	បន្ទប់	room
bantb'	b8ntb'	បន្ទប់	room
bantp	b8ntp	បន្ទប់	room
bantp'	b8ntp'	បន្ទប់	room
bantob	b8nt8b	បន្ទប់	room
bantob'	b8nt8b'	បន្ទប់	room
bantop	b8nt8p	បន្ទប់	room
bantop'	b8nt8p'	បន្ទប់	room
bantab	b8nt8b	បន្ទប់	room
bantab'	b8nt8b'	បន្ទប់	room
bantap	b8nt8p	បន្ទប់	room
bantap'	b8nt8p'	បន្ទប់	room
bandb	b8ndb	បន្ទប់	room
bandb'	b8ndb'	បន្ទប់	room
bandp	b8ndp	បន្ទប់	room
bandp'	b8ndp'	បន្ទប់	room
bandob	b8nd8b	បន្ទប់	room
bandob'	b8nd8b'	បន្ទប់	room
bandop	b8nd8p	បន្ទប់	room
bandop'	b8nd8p'	បន្ទប់	room
bandab	b8nd8b	បន្ទប់	room
bandab'	b8nd8b'	បន្ទប់	room
bandap	b8nd8p	បន្ទប់	room
bandap'	b8nd8p'	បន្ទប់	room
banddb	b8nddb	បន្ទប់	room
banddb'	b8nddb'	បន្ទប់	room
banddp	b8nddp	បន្ទប់	room
banddp'	b8nddp'	បន្ទប់	room
banddob	b8ndd8b	បន្ទប់	room
banddob'	b8ndd8b'	បន្ទប់	room
banddop	b8ndd8p	បន្ទប់	room
banddop'	b8ndd8p'	បន្ទប់	room
banddab	b8ndd8b	បន្ទប់	room
banddab'	b8ndd8b'	បន្ទប់	room
banddap	b8ndd8p	បន្ទប់	room
banddap'	b8ndd8p'	បន្ទប់	room
pntb	pntb	បន្ទប់	room
pntb'	pntb'	បន្ទប់	room
pntp	pntp	បន្ទប់	room
pntp'	pntp'	បន្ទប់	room
pntob	pnt8b	បន្ទប់	room
pntob'	pnt8b'	បន្ទប់	room
pntop	pnt8p	បន្ទប់	room
pntop'	pnt8p'	បន្ទប់	room
pntab	pnt8b	បន្ទប់	room
pntab'	pnt8b'	បន្ទប់	room
pntap	pnt8p	បន្ទប់	room
pntap'	pnt8p'	បន្ទប់	room
bantub	b8nt8b	បន្ទប់	room
bontup	b8nt8p	បន្ទប់	room
salarien	s8l8r8n	សាលារៀន	school
salarean	s8l8r8n	សាលារៀន	school
salearien	s8l8r8n	សាលារៀន	school
salearean	s8l8r8n	សាលារៀន	school
salaarien	s8l8r8n	សាលារៀន	school
salaarean	s8l8r8n	សាលារៀន	school
sealarien	s8l8r8n	សាលារៀន	school
sealarean	s8l8r8n	សាលារៀន	school
sealearien	s8l8r8n	សាលារៀន	school
sealearean	s8l8r8n	សាលារៀន	school
sealaarien	s8l8r8n	សាលារៀន	school
sealaarean	s8l8r8n	សាលារៀន	school
saalarien	s8l8r8n	សាលារៀន	school
saalarean	s8l8r8n	សាលារៀន	school
saalearien	s8l8r8n	សាលារៀន	school
saalearean	s8l8r8n	សាលារៀន	school
saalaarien	s8l8r8n	សាលារៀន	school
saalaarean	s8l8r8n	សាលារៀន	school
sala	s8l8	សាលា	school / hall
salea	s8l8	សាលា	school / hall
salaa	s8l8	សាលា	school / hall
seala	s8l8	សាលា	school / hall
sealea	s8l8	សាលា	school / hall
sealaa	s8l8	សាលា	school / hall
saala	s8l8	សាលា	school / hall
saalea	s8l8	សាលា	school / hall
saalaa	s8l8	សាលា	school / hall
mnteyrpety	mnt8rp8t8	មន្ទីរពេទ្យ	hospital
mnteyrpedy	mnt8rp8d8	មន្ទីរពេទ្យ	hospital
mnteyrpeddy	mnt8rp8dd8	មន្ទីរពេទ្យ	hospital
mnteyrpeity	mnt8rp8t8	មន្ទីរពេទ្យ	hospital
mnteyrpeidy	mnt8rp8d8	មន្ទីរពេទ្យ	hospital
mnteyrpeiddy	mnt8rp8dd8	មន្ទីរពេទ្យ	hospital
mnteyrbety	mnt8rb8t8	មន្ទីរពេទ្យ	hospital
mnteyrbedy	mnt8rb8d8	មន្ទីរពេទ្យ	hospital
mnteyrbeddy	mnt8rb8dd8	មន្ទីរពេទ្យ	hospital
mnteyrbeity	mnt8rb8t8	មន្ទីរពេទ្យ	hospital
mnteyrbeidy	mnt8rb8d8	មន្ទីរពេទ្យ	hospital
mnteyrbeiddy	mnt8rb8dd8	មន្ទីរពេទ្យ	hospital
mnteyropety	mnt8r8p8t8	មន្ទីរពេទ្យ	hospital
mnteyropedy	mnt8r8p8d8	មន្ទីរពេទ្យ	hospital
mnteyropeddy	mnt8r8p8dd8	មន្ទីរពេទ្យ	hospital
mnteyropeity	mnt8r8p8t8	មន្ទីរពេទ្យ	hospital
mnteyropeidy	mnt8r8p8d8	មន្ទីរពេទ្យ	hospital
mnteyropeiddy	mnt8r8p8dd8	មន្ទីរពេទ្យ	hospital
mnteyrobety	mnt8r8b8t8	មន្ទីរពេទ្យ	hospital
mnteyrobedy	mnt8r8b8d8	មន្ទីរពេទ្យ	hospital
mnteyrobeddy	mnt8r8b8dd8	មន្ទីរពេទ្យ	hospital
mnteyrobeity	mnt8r8b8t8	មន្ទីរពេទ្យ	hospital
mnteyrobeidy	mnt8r8b8d8	មន្ទីរពេទ្យ	hospital
mnteyrobeiddy	mnt8r8b8dd8	មន្ទីរពេទ្យ	hospital
mnteyrapety	mnt8r8p8t8	មន្ទីរពេទ្យ	hospital
mnteyrapedy	mnt8r8p8d8	មន្ទីរពេទ្យ	hospital
mnteyrapeddy	mnt8r8p8dd8	មន្ទីរពេទ្យ	hospital
mnteyrapeity	mnt8r8p8t8	មន្ទីរពេទ្យ	hospital
mnteyrapeidy	mnt8r8p8d8	មន្ទីរពេទ្យ	hospital
mnteyrapeiddy	mnt8r8p8dd8	មន្ទីរពេទ្យ	hospital
mnteyrabety	mnt8r8b8t8	មន្ទីរពេទ្យ	hospital
mnteyrabedy	mnt8r8b8d8	មន្ទីរពេទ្យ	hospital
mnteyrabeddy	mnt8r8b8dd8	មន្ទីរពេទ្យ	hospital
mnteyrabeity	mnt8r8b8t8	មន្ទីរពេទ្យ	hospital
mnteyrabeidy	mnt8r8b8d8	មន្ទីរពេទ្យ	hospital
mnteyrabeiddy	mnt8r8b8dd8	មន្ទីរពេទ្យ	hospital
mntirpety	mnt8rp8t8	មន្ទីរពេទ្យ	hospital
mntirpedy	mnt8rp8d8	មន្ទីរពេទ្យ	hospital
mntirpeddy	mnt8rp8dd8	មន្ទីរពេទ្យ	hospital
mntirpeity	mnt8rp8t8	មន្ទីរពេទ្យ	hospital
mntirpeidy	mnt8rp8d8	មន្ទីរពេទ្យ	hospital
mntirpeiddy	mnt8rp8dd8	មន្ទីរពេទ្យ	hospital
mntirbety	mnt8rb8t8	មន្ទីរពេទ្យ	hospital
mntirbedy	mnt8rb8d8	មន្ទីរពេទ្យ	hospital
mntirbeddy	mnt8rb8dd8	មន្ទីរពេទ្យ	hospital
mntirbeity	mnt8rb8t8	មន្ទីរពេទ្យ	hospital
mntirbeidy	mnt8rb8d8	មន្ទីរពេទ្យ	hospital
mntirbeiddy	mnt8rb8dd8	មន្ទីរពេទ្យ	hospital
mntiropety	mnt8r8p8t8	មន្ទីរពេទ្យ	hospital
mntiropedy	mnt8r8p8d8	មន្ទីរពេទ្យ	hospital
mntiropeddy	mnt8r8p8dd8	មន្ទីរពេទ្យ	hospital
mntiropeity	mnt8r8p8t8	មន្ទីរពេទ្យ	hospital
mntiropeidy	mnt8r8p8d8	មន្ទីរពេទ្យ	hospital
mntiropeiddy	mnt8r8p8dd8	មន្ទីរពេទ្យ	hospital
mntirobety	mnt8r8b8t8	មន្ទីរពេទ្យ	hospital
mntirobedy	mnt8r8b8d8	មន្ទីរពេទ្យ	hospital
mntirobeddy	mnt8r8b8dd8	មន្ទីរពេទ្យ	hospital
mntirobeity	mnt8r8b8t8	មន្ទីរពេទ្យ	hospital
mntirobeidy	mnt8r8b8d8	មន្ទីរពេទ្យ	hospital
mntirobeiddy	mnt8r8b8dd8	មន្ទីរពេទ្យ	hospital
mntirapety	mnt8r8p8t8	មន្ទីរពេទ្យ	hospital
mntirapedy	mnt8r8p8d8	មន្ទីរពេទ្យ	hospital
mntirapeddy	mnt8r8p8dd8	មន្ទីរពេទ្យ	hospital
mntirapeity	mnt8r8p8t8	មន្ទីរពេទ្យ	hospital
mntirapeidy	mnt8r8p8d8	មន្ទីរពេទ្យ	hospital
mntirapeiddy	mnt8r8p8dd8	មន្ទីរពេទ្យ	hospital
mntirabety	mnt8r8b8t8	មន្ទីរពេទ្យ	hospital
mntirabedy	mnt8r8b8d8	មន្ទីរពេទ្យ	hospital
mntirabeddy	mnt8r8b8dd8	មន្ទីរពេទ្យ	hospital
mntirabeity	mnt8r8b8t8	មន្ទីរពេទ្យ	hospital
mntirabeidy	mnt8r8b8d8	មន្ទីរពេទ្យ	hospital
mntirabeiddy	mnt8r8b8dd8	មន្ទីរពេទ្យ	hospital
mntiirpety	mnt8rp8t8	មន្ទីរពេទ្យ	hospital
mntiirpedy	mnt8rp8d8	មន្ទីរពេទ្យ	hospital
mntiirpeddy	mnt8rp8dd8	មន្ទីរពេទ្យ	hospital
mntiirpeity	mnt8rp8t8	មន្ទីរពេទ្យ	hospital
mntiirpeidy	mnt8rp8d8	មន្ទីរពេទ្យ	hospital
mntiirpeiddy	mnt8rp8dd8	មន្ទីរពេទ្យ	hospital
mntiirbety	mnt8rb8t8	មន្ទីរពេទ្យ	hospital
mntiirbedy	mnt8rb8d8	មន្ទីរពេទ្យ	hospital
mntiirbeddy	mnt8rb8dd8	មន្ទីរពេទ្យ	hospital
mntiirbeity	mnt8rb8t8	មន្ទីរពេទ្យ	hospital
mntiirbeidy	mnt8rb8d8	មន្ទីរពេទ្យ	hospital
mntiirbeiddy	mnt8rb8dd8	មន្ទីរពេទ្យ	hospital
mntiiropety	mnt8r8p8t8	មន្ទីរពេទ្យ	hospital
mntiiropedy	mnt8r8p8d8	មន្ទីរពេទ្យ	hospital
mntiiropeddy	mnt8r8p8dd8	មន្ទីរពេទ្យ	hospital
mntiiropeity	mnt8r8p8t8	មន្ទីរពេទ្យ	hospital
mntiiropeidy	mnt8r8p8d8	មន្ទីរពេទ្យ	hospital
mntiiropeiddy	mnt8r8p8dd8	មន្ទីរពេទ្យ	hospital
mntiirobety	mnt8r8b8t8	មន្ទីរពេទ្យ	hospital
mntiirobedy	mnt8r8b8d8	មន្ទីរពេទ្យ	hospital
mntiirobeddy	mnt8r8b8dd8	មន្ទីរពេទ្យ	hospital
mntiirobeity	mnt8r8b8t8	មន្ទីរពេទ្យ	hospital
mntiirobeidy	mnt8r8b8d8	មន្ទីរពេទ្យ	hospital
mntiirobeiddy	mnt8r8b8dd8	មន្ទីរពេទ្យ	hospital
mntiirapety	mnt8r8p8t8	មន្ទីរពេទ្យ	hospital
mntiirapedy	mnt8r8p8d8	មន្ទីរពេទ្យ	hospital
mntiirapeddy	mnt8r8p8dd8	មន្ទីរពេទ្យ	hospital
mntiirapeity	mnt8r8p8t8	មន្ទីរពេទ្យ	hospital
mntiirapeidy	mnt8r8p8d8	មន្ទីរពេទ្យ	hospital
mntiirapeiddy	mnt8r8p8dd8	មន្ទីរពេទ្យ	hospital
mntiirabety	mnt8r8b8t8	មន្ទីរពេទ្យ	hospital
mntiirabedy	mnt8r8b8d8	មន្ទីរពេទ្យ	hospital
mntiirabeddy	mnt8r8b8dd8	មន្ទីរពេទ្យ	hospital
mntiirabeity	mnt8r8b8t8	មន្ទីរពេទ្យ	hospital
mntiirabeidy	mnt8r8b8d8	មន្ទីរពេទ្យ	hospital
mntiirabeiddy	mnt8r8b8dd8	មន្ទីរពេទ្យ	hospital
mndeyrpety	mnd8rp8t8	មន្ទីរពេទ្យ	hospital
mndeyrpedy	mnd8rp8d8	មន្ទីរពេទ្យ	hospital
mndeyrpeddy	mnd8rp8dd8	មន្ទីរពេទ្យ	hospital
mndeyrpeity	mnd8rp8t8	មន្ទីរពេទ្យ	hospital
mndeyrpeidy	mnd8rp8d8	មន្ទីរពេទ្យ	hospital
mndeyrpeiddy	mnd8rp8dd8	មន្ទីរពេទ្យ	hospital
mndeyrbety	mnd8rb8t8	មន្ទីរពេទ្យ	hospital
mndeyrbedy	mnd8rb8d8	មន្ទីរពេទ្យ	hospital
mndeyrbeddy	mnd8rb8dd8	មន្ទីរពេទ្យ	hospital
mndeyrbeity	mnd8rb8t8	មន្ទីរពេទ្យ	hospital
mndeyrbeidy	mnd8rb8d8	មន្ទីរពេទ្យ	hospital
mndeyrbeiddy	mnd8rb8dd8	មន្ទីរពេទ្យ	hospital
muntipet	m8nt8p8t	មន្ទីរពេទ្យ	hospital
montipet	m8nt8p8t	មន្ទីរពេទ្យ	hospital
pety	p8t8	ពេទ្យ	medical / doctor
pedy	p8d8	ពេទ្យ	medical / doctor
peddy	p8dd8	ពេទ្យ	medical / doctor
peity	p8t8	ពេទ្យ	medical / doctor
peidy	p8d8	ពេទ្យ	medical / doctor
peiddy	p8dd8	ពេទ្យ	medical / doctor
bety	b8t8	ពេទ្យ	medical / doctor
bedy	b8d8	ពេទ្យ	medical / doctor
beddy	b8dd8	ពេទ្យ	medical / doctor
beity	b8t8	ពេទ្យ	medical / doctor
beidy	b8d8	ពេទ្យ	medical / doctor
beiddy	b8dd8	ពេទ្យ	medical / doctor
pet	p8t	ពេទ្យ	medical / doctor
paet	p8t	ពេទ្យ	medical / doctor
kroupety	kr8p8t8	គ្រូពេទ្យ	doctor
kroupedy	kr8p8d8	គ្រូពេទ្យ	doctor
kroupeddy	kr8p8dd8	គ្រូពេទ្យ	doctor
kroupeity	kr8p8t8	គ្រូពេទ្យ	doctor
kroupeidy	kr8p8d8	គ្រូពេទ្យ	doctor
kroupeiddy	kr8p8dd8	គ្រូពេទ្យ	doctor
kroubety	kr8b8t8	គ្រូពេទ្យ	doctor
kroubedy	kr8b8d8	គ្រូពេទ្យ	doctor
kroubeddy	kr8b8dd8	គ្រូពេទ្យ	doctor
kroubeity	kr8b8t8	គ្រូពេទ្យ	doctor
kroubeidy	kr8b8d8	គ្រូពេទ្យ	doctor
kroubeiddy	kr8b8dd8	គ្រូពេទ្យ	doctor
krupety	kr8p8t8	គ្រូពេទ្យ	doctor
krupedy	kr8p8d8	គ្រូពេទ្យ	doctor
krupeddy	kr8p8dd8	គ្រូពេទ្យ	doctor
krupeity	kr8p8t8	គ្រូពេទ្យ	doctor
krupeidy	kr8p8d8	គ្រូពេទ្យ	doctor
krupeiddy	kr8p8dd8	គ្រូពេទ្យ	doctor
krubety	kr8b8t8	គ្រូពេទ្យ	doctor
krubedy	kr8b8d8	គ្រូពេទ្យ	doctor
krubeddy	kr8b8dd8	គ្រូពេទ្យ	doctor
krubeity	kr8b8t8	គ្រូពេទ្យ	doctor
krubeidy	kr8b8d8	គ្រូពេទ្យ	doctor
krubeiddy	kr8b8dd8	គ្រូពេទ្យ	doctor
kropety	kr8p8t8	គ្រូពេទ្យ	doctor
kropedy	kr8p8d8	គ្រូពេទ្យ	doctor
kropeddy	kr8p8dd8	គ្រូពេទ្យ	doctor
kropeity	kr8p8t8	គ្រូពេទ្យ	doctor
kropeidy	kr8p8d8	គ្រូពេទ្យ	doctor
kropeiddy	kr8p8dd8	គ្រូពេទ្យ	doctor
krobety	kr8b8t8	គ្រូពេទ្យ	doctor
krobedy	kr8b8d8	គ្រូពេទ្យ	doctor
krobeddy	kr8b8dd8	គ្រូពេទ្យ	doctor
krobeity	kr8b8t8	គ្រូពេទ្យ	doctor
krobeidy	kr8b8d8	គ្រូពេទ្យ	doctor
krobeiddy	kr8b8dd8	គ្រូពេទ្យ	doctor
kruupety	kr8p8t8	គ្រូពេទ្យ	doctor
kruupedy	kr8p8d8	គ្រូពេទ្យ	doctor
kruupeddy	kr8p8dd8	គ្រូពេទ្យ	doctor
kruupeity	kr8p8t8	គ្រូពេទ្យ	doctor
kruupeidy	kr8p8d8	គ្រូពេទ្យ	doctor
kruupeiddy	kr8p8dd8	គ្រូពេទ្យ	doctor
kruubety	kr8b8t8	គ្រូពេទ្យ	doctor
kruubedy	kr8b8d8	គ្រូពេទ្យ	doctor
kruubeddy	kr8b8dd8	គ្រូពេទ្យ	doctor
kruubeity	kr8b8t8	គ្រូពេទ្យ	doctor
kruubeidy	kr8b8d8	គ្រូពេទ្យ	doctor
kruubeiddy	kr8b8dd8	គ្រូពេទ្យ	doctor
groupety	gr8p8t8	គ្រូពេទ្យ	doctor
groupedy	gr8p8d8	គ្រូពេទ្យ	doctor
groupeddy	gr8p8dd8	គ្រូពេទ្យ	doctor
groupeity	gr8p8t8	គ្រូពេទ្យ	doctor
groupeidy	gr8p8d8	គ្រូពេទ្យ	doctor
groupeiddy	gr8p8dd8	គ្រូពេទ្យ	doctor
groubety	gr8b8t8	គ្រូពេទ្យ	doctor
groubedy	gr8b8d8	គ្រូពេទ្យ	doctor
groubeddy	gr8b8dd8	គ្រូពេទ្យ	doctor
groubeity	gr8b8t8	គ្រូពេទ្យ	doctor
groubeidy	gr8b8d8	គ្រូពេទ្យ	doctor
groubeiddy	gr8b8dd8	គ្រូពេទ្យ	doctor
grupety	gr8p8t8	គ្រូពេទ្យ	doctor
grupedy	gr8p8d8	គ្រូពេទ្យ	doctor
grupeddy	gr8p8dd8	គ្រូពេទ្យ	doctor
grupeity	gr8p8t8	គ្រូពេទ្យ	doctor
grupeidy	gr8p8d8	គ្រូពេទ្យ	doctor
grupeiddy	gr8p8dd8	គ្រូពេទ្យ	doctor
grubety	gr8b8t8	គ្រូពេទ្យ	doctor
grubedy	gr8b8d8	គ្រូពេទ្យ	doctor
grubeddy	gr8b8dd8	គ្រូពេទ្យ	doctor
grubeity	gr8b8t8	គ្រូពេទ្យ	doctor
grubeidy	gr8b8d8	គ្រូពេទ្យ	doctor
grubeiddy	gr8b8dd8	គ្រូពេទ្យ	doctor
gropety	gr8p8t8	គ្រូពេទ្យ	doctor
gropedy	gr8p8d8	គ្រូពេទ្យ	doctor
gropeddy	gr8p8dd8	គ្រូពេទ្យ	doctor
gropeity	gr8p8t8	គ្រូពេទ្យ	doctor
gropeidy	gr8p8d8	គ្រូពេទ្យ	doctor
gropeiddy	gr8p8dd8	គ្រូពេទ្យ	doctor
grobety	gr8b8t8	គ្រូពេទ្យ	doctor
grobedy	gr8b8d8	គ្រូពេទ្យ	doctor
grobeddy	gr8b8dd8	គ្រូពេទ្យ	doctor
grobeity	gr8b8t8	គ្រូពេទ្យ	doctor
grobeidy	gr8b8d8	គ្រូពេទ្យ	doctor
grobeiddy	gr8b8dd8	គ្រូពេទ្យ	doctor
gruupety	gr8p8t8	គ្រូពេទ្យ	doctor
gruupedy	gr8p8d8	គ្រូពេទ្យ	doctor
gruupeddy	gr8p8dd8	គ្រូពេទ្យ	doctor
gruupeity	gr8p8t8	គ្រូពេទ្យ	doctor
gruupeidy	gr8p8d8	គ្រូពេទ្យ	doctor
gruupeiddy	gr8p8dd8	គ្រូពេទ្យ	doctor
gruubety	gr8b8t8	គ្រូពេទ្យ	doctor
gruubedy	gr8b8d8	គ្រូពេទ្យ	doctor
gruubeddy	gr8b8dd8	គ្រូពេទ្យ	doctor
gruubeity	gr8b8t8	គ្រូពេទ្យ	doctor
gruubeidy	gr8b8d8	គ្រូពេទ្យ	doctor
gruubeiddy	gr8b8dd8	គ្រូពេទ្យ	doctor
krupet	kr8p8t	គ្រូពេទ្យ	doctor
kroupet	kr8p8t	គ្រូពេទ្យ	doctor
krou	kr8	គ្រូ	teacher
kru	kr8	គ្រូ	teacher
kro	kr8	គ្រូ	teacher
kruu	kr8	គ្រូ	teacher
grou	gr8	គ្រូ	teacher
gru	gr8	គ្រូ	teacher
gro	gr8	គ្រូ	teacher
gruu	gr8	គ្រូ	teacher
siss	s8ss	សិស្ស	student
sess	s8ss	សិស្ស	student
ses	s8s	សិស្ស	student
seh	s8h	សិស្ស	student
phsar	phs8r	ផ្សារ	market
phsear	phs8r	ផ្សារ	market
phsaar	phs8r	ផ្សារ	market
phsa	phs8	ផ្សារ	market
psa	ps8	ផ្សារ	market
hang	h8ng	ហាង	shop
heang	h8ng	ហាង	shop
haang	h8ng	ហាង	shop
phochneyydthan	ph8chn8dth8n	ភោជនីយដ្ឋាន	restaurant
phochneyydthean	ph8chn8dth8n	ភោជនីយដ្ឋាន	restaurant
phochneyydthaan	ph8chn8dth8n	ភោជនីយដ្ឋាន	restaurant
phochneyyodthan	ph8chn8dth8n	ភោជនីយដ្ឋាន	restaurant
phochneyyodthean	ph8chn8dth8n	ភោជនីយដ្ឋាន	restaurant
phochneyyodthaan	ph8chn8dth8n	ភោជនីយដ្ឋាន	restaurant
phochneyyadthan	ph8chn8dth8n	ភោជនីយដ្ឋាន	restaurant
phochneyyadthean	ph8chn8dth8n	ភោជនីយដ្ឋាន	restaurant
phochneyyadthaan	ph8chn8dth8n	ភោជនីយដ្ឋាន	restaurant
phochniydthan	ph8chn8dth8n	ភោជនីយដ្ឋាន	restaurant
phochniydthean	ph8chn8dth8n	ភោជនីយដ្ឋាន	restaurant
phochniydthaan	ph8chn8dth8n	ភោជនីយដ្ឋាន	restaurant
phochniyodthan	ph8chn8dth8n	ភោជនីយដ្ឋាន	restaurant
phochniyodthean	ph8chn8dth8n	ភោជនីយដ្ឋាន	restaurant
phochniyodthaan	ph8chn8dth8n	ភោជនីយដ្ឋាន	restaurant
phochniyadthan	ph8chn8dth8n	ភោជនីយដ្ឋាន	restaurant
phochniyadthean	ph8chn8dth8n	ភោជនីយដ្ឋាន	restaurant
phochniyadthaan	ph8chn8dth8n	ភោជនីយដ្ឋាន	restaurant
phochniiydthan	ph8chn8dth8n	ភោជនីយដ្ឋាន	restaurant
phochniiydthean	ph8chn8dth8n	ភោជនីយដ្ឋាន	restaurant
phochniiydthaan	ph8chn8dth8n	ភោជនីយដ្ឋាន	restaurant
phochniiyodthan	ph8chn8dth8n	ភោជនីយដ្ឋាន	restaurant
phochniiyodthean	ph8chn8dth8n	ភោជនីយដ្ឋាន	restaurant
phochniiyodthaan	ph8chn8dth8n	ភោជនីយដ្ឋាន	restaurant
phochniiyadthan	ph8chn8dth8n	ភោជនីយដ្ឋាន	restaurant
phochniiyadthean	ph8chn8dth8n	ភោជនីយដ្ឋាន	restaurant
phochniiyadthaan	ph8chn8dth8n	ភោជនីយដ្ឋាន	restaurant
phochoneyydthan	ph8ch8n8dth8n	ភោជនីយដ្ឋាន	restaurant
phochoneyydthean	ph8ch8n8dth8n	ភោជនីយដ្ឋាន	restaurant
phochoneyydthaan	ph8ch8n8dth8n	ភោជនីយដ្ឋាន	restaurant
phochoneyyodthan	ph8ch8n8dth8n	ភោជនីយដ្ឋាន	restaurant
phochoneyyodthean	ph8ch8n8dth8n	ភោជនីយដ្ឋាន	restaurant
phochoneyyodthaan	ph8ch8n8dth8n	ភោជនីយដ្ឋាន	restaurant
phochoneyyadthan	ph8ch8n8dth8n	ភោជនីយដ្ឋាន	restaurant
phochoneyyadthean	ph8ch8n8dth8n	ភោជនីយដ្ឋាន	restaurant
phochoneyyadthaan	ph8ch8n8dth8n	ភោជនីយដ្ឋាន	restaurant
phochoniydthan	ph8ch8n8dth8n	ភោជនីយដ្ឋាន	restaurant
phochoniydthean	ph8ch8n8dth8n	ភោជនីយដ្ឋាន	restaurant
phochoniydthaan	ph8ch8n8dth8n	ភោជនីយដ្ឋាន	restaurant
phochoniyodthan	ph8ch8n8dth8n	ភោជនីយដ្ឋាន	restaurant
phochoniyodthean	ph8ch8n8dth8n	ភោជនីយដ្ឋាន	restaurant
phochoniyodthaan	ph8ch8n8dth8n	ភោជនីយដ្ឋាន	restaurant
phochoniyadthan	ph8ch8n8dth8n	ភោជនីយដ្ឋាន	restaurant
phochoniyadthean	ph8ch8n8dth8n	ភោជនីយដ្ឋាន	restaurant
phochoniyadthaan	ph8ch8n8dth8n	ភោជនីយដ្ឋាន	restaurant
phochoniiydthan	ph8ch8n8dth8n	ភោជនីយដ្ឋាន	restaurant
phochoniiydthean	ph8ch8n8dth8n	ភោជនីយដ្ឋាន	restaurant
phochoniiydthaan	ph8ch8n8dth8n	ភោជនីយដ្ឋាន	restaurant
phochoniiyodthan	ph8ch8n8dth8n	ភោជនីយដ្ឋាន	restaurant
phochoniiyodthean	ph8ch8n8dth8n	ភោជនីយដ្ឋាន	restaurant
phochoniiyodthaan	ph8ch8n8dth8n	ភោជនីយដ្ឋាន	restaurant
phochoniiyadthan	ph8ch8n8dth8n	ភោជនីយដ្ឋាន	restaurant
phochoniiyadthean	ph8ch8n8dth8n	ភោជនីយដ្ឋាន	restaurant
phochoniiyadthaan	ph8ch8n8dth8n	ភោជនីយដ្ឋាន	restaurant
phochaneyydthan	ph8ch8n8dth8n	ភោជនីយដ្ឋាន	restaurant
phochaneyydthean	ph8ch8n8dth8n	ភោជនីយដ្ឋាន	restaurant
phochaneyydthaan	ph8ch8n8dth8n	ភោជនីយដ្ឋាន	restaurant
phochaneyyodthan	ph8ch8n8dth8n	ភោជនីយដ្ឋាន	restaurant
phochaneyyodthean	ph8ch8n8dth8n	ភោជនីយដ្ឋាន	restaurant
phochaneyyodthaan	ph8ch8n8dth8n	ភោជនីយដ្ឋាន	restaurant
phochaneyyadthan	ph8ch8n8dth8n	ភោជនីយដ្ឋាន	restaurant
phochaneyyadthean	ph8ch8n8dth8n	ភោជនីយដ្ឋាន	restaurant
phochaneyyadthaan	ph8ch8n8dth8n	ភោជនីយដ្ឋាន	restaurant
phochaniydthan	ph8ch8n8dth8n	ភោជនីយដ្ឋាន	restaurant
phochaniydthean	ph8ch8n8dth8n	ភោជនីយដ្ឋាន	restaurant
phochaniydthaan	ph8ch8n8dth8n	ភោជនីយដ្ឋាន	restaurant
phochaniyodthan	ph8ch8n8dth8n	ភោជនីយដ្ឋាន	restaurant
phochaniyodthean	ph8ch8n8dth8n	ភោជនីយដ្ឋាន	restaurant
phochaniyodthaan	ph8ch8n8dth8n	ភោជនីយដ្ឋាន	restaurant
phochaniyadthan	ph8ch8n8dth8n	ភោជនីយដ្ឋាន	restaurant
phochaniyadthean	ph8ch8n8dth8n	ភោជនីយដ្ឋាន	restaurant
phochaniyadthaan	ph8ch8n8dth8n	ភោជនីយដ្ឋាន	restaurant
phochaniiydthan	ph8ch8n8dth8n	ភោជនីយដ្ឋាន	restaurant
phochaniiydthean	ph8ch8n8dth8n	ភោជនីយដ្ឋាន	restaurant
phochaniiydthaan	ph8ch8n8dth8n	ភោជនីយដ្ឋាន	restaurant
phochaniiyodthan	ph8ch8n8dth8n	ភោជនីយដ្ឋាន	restaurant
phochaniiyodthean	ph8ch8n8dth8n	ភោជនីយដ្ឋាន	restaurant
phochaniiyodthaan	ph8ch8n8dth8n	ភោជនីយដ្ឋាន	restaurant
phochaniiyadthan	ph8ch8n8dth8n	ភោជនីយដ្ឋាន	restaurant
phochaniiyadthean	ph8ch8n8dth8n	ភោជនីយដ្ឋាន	restaurant
phochaniiyadthaan	ph8ch8n8dth8n	ភោជនីយដ្ឋាន	restaurant
phojneyydthan	ph8jn8dth8n	ភោជនីយដ្ឋាន	restaurant
phojneyydthean	ph8jn8dth8n	ភោជនីយដ្ឋាន	restaurant
phojneyydthaan	ph8jn8dth8n	ភោជនីយដ្ឋាន	restaurant
phojneyyodthan	ph8jn8dth8n	ភោជនីយដ្ឋាន	restaurant
phojneyyodthean	ph8jn8dth8n	ភោជនីយដ្ឋាន	restaurant
phojneyyodthaan	ph8jn8dth8n	ភោជនីយដ្ឋាន	restaurant
phojneyyadthan	ph8jn8dth8n	ភោជនីយដ្ឋាន	restaurant
phojneyyadthean	ph8jn8dth8n	ភោជនីយដ្ឋាន	restaurant
phojneyyadthaan	ph8jn8dth8n	ភោជនីយដ្ឋាន	restaurant
phojniydthan	ph8jn8dth8n	ភោជនីយដ្ឋាន	restaurant
phojniydthean	ph8jn8dth8n	ភោជនីយដ្ឋាន	restaurant
phojniydthaan	ph8jn8dth8n	ភោជនីយដ្ឋាន	restaurant
phojniyodthan	ph8jn8dth8n	ភោជនីយដ្ឋាន	restaurant
phojniyodthean	ph8jn8dth8n	ភោជនីយដ្ឋាន	restaurant
phojniyodthaan	ph8jn8dth8n	ភោជនីយដ្ឋាន	restaurant
phojniyadthan	ph8jn8dth8n	ភោជនីយដ្ឋាន	restaurant
phojniyadthean	ph8jn8dth8n	ភោជនីយដ្ឋាន	restaurant
phojniyadthaan	ph8jn8dth8n	ភោជនីយដ្ឋាន	restaurant
phojniiydthan	ph8jn8dth8n	ភោជនីយដ្ឋាន	restaurant
phojniiydthean	ph8jn8dth8n	ភោជនីយដ្ឋាន	restaurant
phojniiydthaan	ph8jn8dth8n	ភោជនីយដ្ឋាន	restaurant
phojniiyodthan	ph8jn8dth8n	ភោជនីយដ្ឋាន	restaurant
phojniiyodthean	ph8jn8dth8n	ភោជនីយដ្ឋាន	restaurant
phojniiyodthaan	ph8jn8dth8n	ភោជនីយដ្ឋាន	restaurant
phojniiyadthan	ph8jn8dth8n	ភោជនីយដ្ឋាន	restaurant
phojniiyadthean	ph8jn8dth8n	ភោជនីយដ្ឋាន	restaurant
phojniiyadthaan	ph8jn8dth8n	ភោជនីយដ្ឋាន	restaurant
phojoneyydthan	ph8j8n8dth8n	ភោជនីយដ្ឋាន	restaurant
phojoneyydthean	ph8j8n8dth8n	ភោជនីយដ្ឋាន	restaurant
phojoneyydthaan	ph8j8n8dth8n	ភោជនីយដ្ឋាន	restaurant
phojoneyyodthan	ph8j8n8dth8n	ភោជនីយដ្ឋាន	restaurant
phojoneyyodthean	ph8j8n8dth8n	ភោជនីយដ្ឋាន	restaurant
phojoneyyodthaan	ph8j8n8dth8n	ភោជនីយដ្ឋាន	restaurant
phojoneyyadthan	ph8j8n8dth8n	ភោជនីយដ្ឋាន	restaurant
phojoneyyadthean	ph8j8n8dth8n	ភោជនីយដ្ឋាន	restaurant
phojoneyyadthaan	ph8j8n8dth8n	ភោជនីយដ្ឋាន	restaurant
phojoniydthan	ph8j8n8dth8n	ភោជនីយដ្ឋាន	restaurant
phojoniydthean	ph8j8n8dth8n	ភោជនីយដ្ឋាន	restaurant
phojoniydthaan	ph8j8n8dth8n	ភោជនីយដ្ឋាន	restaurant
phochniyathan	ph8chn8th8n	ភោជនីយដ្ឋាន	restaurant
phochaniyathan	ph8ch8n8th8n	ភោជនីយដ្ឋាន	restaurant
thnakar	thn8k8r	ធនាគារ	bank
thnakear	thn8k8r	ធនាគារ	bank
thnakaar	thn8k8r	ធនាគារ	bank
thnagar	thn8g8r	ធនាគារ	bank
thnagear	thn8g8r	ធនាគារ	bank
thnagaar	thn8g8r	ធនាគារ	bank
thneakar	thn8k8r	ធនាគារ	bank
thneakear	thn8k8r	ធនាគារ	bank
thneakaar	thn8k8r	ធនាគារ	bank
thneagar	thn8g8r	ធនាគារ	bank
thneagear	thn8g8r	ធនាគារ	bank
thneagaar	thn8g8r	ធនាគារ	bank
thnaakar	thn8k8r	ធនាគារ	bank
thnaakear	thn8k8r	ធនាគារ	bank
thnaakaar	thn8k8r	ធនាគារ	bank
thnaagar	thn8g8r	ធនាគារ	bank
thnaagear	thn8g8r	ធនាគារ	bank
thnaagaar	thn8g8r	ធនាគារ	bank
thonakar	th8n8k8r	ធនាគារ	bank
thonakear	th8n8k8r	ធនាគារ	bank
thonakaar	th8n8k8r	ធនាគារ	bank
thonagar	th8n8g8r	ធនាគារ	bank
thonagear	th8n8g8r	ធនាគារ	bank
thonagaar	th8n8g8r	ធនាគារ	bank
thoneakar	th8n8k8r	ធនាគារ	bank
thoneakear	th8n8k8r	ធនាគារ	bank
thoneakaar	th8n8k8r	ធនាគារ	bank
thoneagar	th8n8g8r	ធនាគារ	bank
thoneagear	th8n8g8r	ធនាគារ	bank
thoneagaar	th8n8g8r	ធនាគារ	bank
thonaakar	th8n8k8r	ធនាគារ	bank
thonaakear	th8n8k8r	ធនាគារ	bank
thonaakaar	th8n8k8r	ធនាគារ	bank
thonaagar	th8n8g8r	ធនាគារ	bank
thonaagear	th8n8g8r	ធនាគារ	bank
thonaagaar	th8n8g8r	ធនាគារ	bank
thanakar	th8n8k8r	ធនាគារ	bank
thanakear	th8n8k8r	ធនាគារ	bank
thanakaar	th8n8k8r	ធនាគារ	bank
thanagar	th8n8g8r	ធនាគារ	bank
thanagear	th8n8g8r	ធនាគារ	bank
thanagaar	th8n8g8r	ធនាគារ	bank
thaneakar	th8n8k8r	ធនាគារ	bank
thaneakear	th8n8k8r	ធនាគារ	bank
thaneakaar	th8n8k8r	ធនាគារ	bank
thaneagar	th8n8g8r	ធនាគារ	bank
thaneagear	th8n8g8r	ធនាគារ	bank
thaneagaar	th8n8g8r	ធនាគារ	bank
thanaakar	th8n8k8r	ធនាគារ	bank
thanaakear	th8n8k8r	ធនាគារ	bank
thanaakaar	th8n8k8r	ធនាគារ	bank
thanaagar	th8n8g8r	ធនាគារ	bank
thanaagear	th8n8g8r	ធនាគារ	bank
thanaagaar	th8n8g8r	ធនាគារ	bank
dhnakar	dhn8k8r	ធនាគារ	bank
dhnakear	dhn8k8r	ធនាគារ	bank
dhnakaar	dhn8k8r	ធនាគារ	bank
dhnagar	dhn8g8r	ធនាគារ	bank
dhnagear	dhn8g8r	ធនាគារ	bank
dhnagaar	dhn8g8r	ធនាគារ	bank
dhneakar	dhn8k8r	ធនាគារ	bank
dhneakear	dhn8k8r	ធនាគារ	bank
dhneakaar	dhn8k8r	ធនាគារ	bank
dhneagar	dhn8g8r	ធនាគារ	bank
dhneagear	dhn8g8r	ធនាគារ	bank
dhneagaar	dhn8g8r	ធនាគារ	bank
dhnaakar	dhn8k8r	ធនាគារ	bank
dhnaakear	dhn8k8r	ធនាគារ	bank
dhnaakaar	dhn8k8r	ធនាគារ	bank
dhnaagar	dhn8g8r	ធនាគារ	bank
dhnaagear	dhn8g8r	ធនាគារ	bank
dhnaagaar	dhn8g8r	ធនាគារ	bank
dhonakar	dh8n8k8r	ធនាគារ	bank
dhonakear	dh8n8k8r	ធនាគារ	bank
dhonakaar	dh8n8k8r	ធនាគារ	bank
dhonagar	dh8n8g8r	ធនាគារ	bank
dhonagear	dh8n8g8r	ធនាគារ	bank
dhonagaar	dh8n8g8r	ធនាគារ	bank
dhoneakar	dh8n8k8r	ធនាគារ	bank
dhoneakear	dh8n8k8r	ធនាគារ	bank
dhoneakaar	dh8n8k8r	ធនាគារ	bank
dhoneagar	dh8n8g8r	ធនាគារ	bank
dhoneagear	dh8n8g8r	ធនាគារ	bank
dhoneagaar	dh8n8g8r	ធនាគារ	bank
dhonaakar	dh8n8k8r	ធនាគារ	bank
dhonaakear	dh8n8k8r	ធនាគារ	bank
dhonaakaar	dh8n8k8r	ធនាគារ	bank
dhonaagar	dh8n8g8r	ធនាគារ	bank
dhonaagear	dh8n8g8r	ធនាគារ	bank
dhonaagaar	dh8n8g8r	ធនាគារ	bank
dhanakar	dh8n8k8r	ធនាគារ	bank
dhanakear	dh8n8k8r	ធនាគារ	bank
dhanakaar	dh8n8k8r	ធនាគារ	bank
dhanagar	dh8n8g8r	ធនាគារ	bank
dhanagear	dh8n8g8r	ធនាគារ	bank
dhanagaar	dh8n8g8r	ធនាគារ	bank
dhaneakar	dh8n8k8r	ធនាគារ	bank
dhaneakear	dh8n8k8r	ធនាគារ	bank
dhaneakaar	dh8n8k8r	ធនាគារ	bank
dhaneagar	dh8n8g8r	ធនាគារ	bank
dhaneagear	dh8n8g8r	ធនាគារ	bank
dhaneagaar	dh8n8g8r	ធនាគារ	bank
dhanaakar	dh8n8k8r	ធនាគារ	bank
dhanaakear	dh8n8k8r	ធនាគារ	bank
dhanaakaar	dh8n8k8r	ធនាគារ	bank
dhanaagar	dh8n8g8r	ធនាគារ	bank
dhanaagear	dh8n8g8r	ធនាគារ	bank
dhanaagaar	dh8n8g8r	ធនាគារ	bank
thneakea	thn8k8	ធនាគារ	bank
thonakea	th8n8k8	ធនាគារ	bank
thoneakea	th8n8k8	ធនាគារ	bank
kariyaly	k8r8l8	ការិយាល័យ	office
kariyalay	k8r8l8	ការិយាល័យ	office
kariyaloay	k8r8l8	ការិយាល័យ	office
kariyealy	k8r8l8	ការិយាល័យ	office
kariyealay	k8r8l8	ការិយាល័យ	office
kariyealoay	k8r8l8	ការិយាល័យ	office
kariyaaly	k8r8l8	ការិយាល័យ	office
kariyaalay	k8r8l8	ការិយាល័យ	office
kariyaaloay	k8r8l8	ការិយាល័យ	office
kareyaly	k8r8l8	ការិយាល័យ	office
kareyalay	k8r8l8	ការិយាល័យ	office
kareyaloay	k8r8l8	ការិយាល័យ	office
kareyealy	k8r8l8	ការិយាល័យ	office
kareyealay	k8r8l8	ការិយាល័យ	office
kareyealoay	k8r8l8	ការិយាល័យ	office
kareyaaly	k8r8l8	ការិយាល័យ	office
kareyaalay	k8r8l8	ការិយាល័យ	office
kareyaaloay	k8r8l8	ការិយាល័យ	office
keariyaly	k8r8l8	ការិយាល័យ	office
keariyalay	k8r8l8	ការិយាល័យ	office
keariyaloay	k8r8l8	ការិយាល័យ	office
keariyealy	k8r8l8	ការិយាល័យ	office
keariyealay	k8r8l8	ការិយាល័យ	office
keariyealoay	k8r8l8	ការិយាល័យ	office
keariyaaly	k8r8l8	ការិយាល័យ	office
keariyaalay	k8r8l8	ការិយាល័យ	office
keariyaaloay	k8r8l8	ការិយាល័យ	office
keareyaly	k8r8l8	ការិយាល័យ	office
keareyalay	k8r8l8	ការិយាល័យ	office
keareyaloay	k8r8l8	ការិយាល័យ	office
keareyealy	k8r8l8	ការិយាល័យ	office
keareyealay	k8r8l8	ការិយាល័យ	office
keareyealoay	k8r8l8	ការិយាល័យ	office
keareyaaly	k8r8l8	ការិយាល័យ	office
keareyaalay	k8r8l8	ការិយាល័យ	office
keareyaaloay	k8r8l8	ការិយាល័យ	office
kaariyaly	k8r8l8	ការិយាល័យ	office
kaariyalay	k8r8l8	ការិយាល័យ	office
kaariyaloay	k8r8l8	ការិយាល័យ	office
kaariyealy	k8r8l8	ការិយាល័យ	office
kaariyealay	k8r8l8	ការិយាល័យ	office
kaariyealoay	k8r8l8	ការិយាល័យ	office
kaariyaaly	k8r8l8	ការិយាល័យ	office
kaariyaalay	k8r8l8	ការិយាល័យ	office
kaariyaaloay	k8r8l8	ការិយាល័យ	office
kaareyaly	k8r8l8	ការិយាល័យ	office
kaareyalay	k8r8l8	ការិយាល័យ	office
kaareyaloay	k8r8l8	ការិយាល័យ	office
kaareyealy	k8r8l8	ការិយាល័យ	office
kaareyealay	k8r8l8	ការិយាល័យ	office
kaareyealoay	k8r8l8	ការិយាល័យ	office
kaareyaaly	k8r8l8	ការិយាល័យ	office
kaareyaalay	k8r8l8	ការិយាល័យ	office
kaareyaaloay	k8r8l8	ការិយាល័យ	office
karyalay	k8r8l8	ការិយាល័យ	office
phlouv	phl8v	ផ្លូវ	road, way
phlouw	phl8w	ផ្លូវ	road, way
phluv	phl8v	ផ្លូវ	road, way
phluw	phl8w	ផ្លូវ	road, way
phlov	phl8v	ផ្លូវ	road, way
phlow	phl8w	ផ្លូវ	road, way
phluuv	phl8v	ផ្លូវ	road, way
phluuw	phl8w	ផ្លូវ	road, way
plov	pl8v	ផ្លូវ	road, way
lan	l8n	ឡាន	car
lean	l8n	ឡាន	car
laan	l8n	ឡាន	car
moutou	m8t8	ម៉ូតូ	motorbike
moutu	m8t8	ម៉ូតូ	motorbike
mouto	m8t8	ម៉ូតូ	motorbike
moutuu	m8t8	ម៉ូតូ	motorbike
moudou	m8d8	ម៉ូតូ	motorbike
moudu	m8d8	ម៉ូតូ	motorbike
moudo	m8d8	ម៉ូតូ	motorbike
mouduu	m8d8	ម៉ូតូ	motorbike
mutou	m8t8	ម៉ូតូ	motorbike
mutu	m8t8	ម៉ូតូ	motorbike
muto	m8t8	ម៉ូតូ	motorbike
mutuu	m8t8	ម៉ូតូ	motorbike
mudou	m8d8	ម៉ូតូ	motorbike
mudu	m8d8	ម៉ូតូ	motorbike
mudo	m8d8	ម៉ូតូ	motorbike
muduu	m8d8	ម៉ូតូ	motorbike
motou	m8t8	ម៉ូតូ	motorbike
motu	m8t8	ម៉ូតូ	motorbike
moto	m8t8	ម៉ូតូ	motorbike
motuu	m8t8	ម៉ូតូ	motorbike
modou	m8d8	ម៉ូតូ	motorbike
modu	m8d8	ម៉ូតូ	motorbike
modo	m8d8	ម៉ូតូ	motorbike
moduu	m8d8	ម៉ូតូ	motorbike
muutou	m8t8	ម៉ូតូ	motorbike
muutu	m8t8	ម៉ូតូ	motorbike
muuto	m8t8	ម៉ូតូ	motorbike
muutuu	m8t8	ម៉ូតូ	motorbike
muudou	m8d8	ម៉ូតូ	motorbike
muudu	m8d8	ម៉ូតូ	motorbike
muudo	m8d8	ម៉ូតូ	motorbike
muuduu	m8d8	ម៉ូតូ	motorbike
kng	kng	កង់	bicycle / wheel
kng'	kng'	កង់	bicycle / wheel
kong	k8ng	កង់	bicycle / wheel
kong'	k8ng'	កង់	bicycle / wheel
kang	k8ng	កង់	bicycle / wheel
kang'	k8ng'	កង់	bicycle / wheel
rthphlaeng	rthphl8ng	រថភ្លើង	train
rthphlerng	rthphl8rng	រថភ្លើង	train
rthphleung	rthphl8ng	រថភ្លើង	train
rthphlaeung	rthphl8ng	រថភ្លើង	train
rthbhlaeng	rthbhl8ng	រថភ្លើង	train
rthbhlerng	rthbhl8rng	រថភ្លើង	train
rthbhleung	rthbhl8ng	រថភ្លើង	train
rthbhlaeung	rthbhl8ng	រថភ្លើង	train
rthophlaeng	rth8phl8ng	រថភ្លើង	train
rthophlerng	rth8phl8rng	រថភ្លើង	train
rthophleung	rth8phl8ng	រថភ្លើង	train
rthophlaeung	rth8phl8ng	រថភ្លើង	train
rthobhlaeng	rth8bhl8ng	រថភ្លើង	train
rthobhlerng	rth8bhl8rng	រថភ្លើង	train
rthobhleung	rth8bhl8ng	រថភ្លើង	train
rthobhlaeung	rth8bhl8ng	រថភ្លើង	train
rthaphlaeng	rth8phl8ng	រថភ្លើង	train
rthaphlerng	rth8phl8rng	រថភ្លើង	train
rthaphleung	rth8phl8ng	រថភ្លើង	train
rthaphlaeung	rth8phl8ng	រថភ្លើង	train
rthabhlaeng	rth8bhl8ng	រថភ្លើង	train
rthabhlerng	rth8bhl8rng	រថភ្លើង	train
rthabhleung	rth8bhl8ng	រថភ្លើង	train
rthabhlaeung	rth8bhl8ng	រថភ្លើង	train
rothphlaeng	r8thphl8ng	រថភ្លើង	train
rothphlerng	r8thphl8rng	រថភ្លើង	train
rothphleung	r8thphl8ng	រថភ្លើង	train
rothphlaeung	r8thphl8ng	រថភ្លើង	train
rothbhlaeng	r8thbhl8ng	រថភ្លើង	train
rothbhlerng	r8thbhl8rng	រថភ្លើង	train
rothbhleung	r8thbhl8ng	រថភ្លើង	train
rothbhlaeung	r8thbhl8ng	រថភ្លើង	train
rothophlaeng	r8th8phl8ng	រថភ្លើង	train
rothophlerng	r8th8phl8rng	រថភ្លើង	train
rothophleung	r8th8phl8ng	រថភ្លើង	train
rothophlaeung	r8th8phl8ng	រថភ្លើង	train
rothobhlaeng	r8th8bhl8ng	រថភ្លើង	train
rothobhlerng	r8th8bhl8rng	រថភ្លើង	train
rothobhleung	r8th8bhl8ng	រថភ្លើង	train
rothobhlaeung	r8th8bhl8ng	រថភ្លើង	train
rothaphlaeng	r8th8phl8ng	រថភ្លើង	train
rothaphlerng	r8th8phl8rng	រថភ្លើង	train
rothaphleung	r8th8phl8ng	រថភ្លើង	train
rothaphlaeung	r8th8phl8ng	រថភ្លើង	train
rothabhlaeng	r8th8bhl8ng	រថភ្លើង	train
rothabhlerng	r8th8bhl8rng	រថភ្លើង	train
rothabhleung	r8th8bhl8ng	រថភ្លើង	train
rothabhlaeung	r8th8bhl8ng	រថភ្លើង	train
rathphlaeng	r8thphl8ng	រថភ្លើង	train
rathphlerng	r8thphl8rng	រថភ្លើង	train
rathphleung	r8thphl8ng	រថភ្លើង	train
rathphlaeung	r8thphl8ng	រថភ្លើង	train
rathbhlaeng	r8thbhl8ng	រថភ្លើង	train
rathbhlerng	r8thbhl8rng	រថភ្លើង	train
rathbhleung	r8thbhl8ng	រថភ្លើង	train
rathbhlaeung	r8thbhl8ng	រថភ្លើង	train
rathophlaeng	r8th8phl8ng	រថភ្លើង	train
rathophlerng	r8th8phl8rng	រថភ្លើង	train
rathophleung	r8th8phl8ng	រថភ្លើង	train
rathophlaeung	r8th8phl8ng	រថភ្លើង	train
rathobhlaeng	r8th8bhl8ng	រថភ្លើង	train
rathobhlerng	r8th8bhl8rng	រថភ្លើង	train
rathobhleung	r8th8bhl8ng	រថភ្លើង	train
rathobhlaeung	r8th8bhl8ng	រថភ្លើង	train
rathaphlaeng	r8th8phl8ng	រថភ្លើង	train
rathaphlerng	r8th8phl8rng	រថភ្លើង	train
rathaphleung	r8th8phl8ng	រថភ្លើង	train
rathaphlaeung	r8th8phl8ng	រថភ្លើង	train
rathabhlaeng	r8th8bhl8ng	រថភ្លើង	train
rathabhlerng	r8th8bhl8rng	រថភ្លើង	train
rathabhleung	r8th8bhl8ng	រថភ្លើង	train
rathabhlaeung	r8th8bhl8ng	រថភ្លើង	train
rotpleung	r8tpl8ng	រថភ្លើង	train
ynthoah	8nth8h	យន្តហោះ	airplane
ynthoa	8nth8	យន្តហោះ	airplane
ynthoh	8nth8h	យន្តហោះ	airplane
ynthaoah	8nth8h	យន្តហោះ	airplane
ynthaoa	8nth8	យន្តហោះ	airplane
ynthaoh	8nth8h	យន្តហោះ	airplane
ynthouah	8nth8h	យន្តហោះ	airplane
ynthoua	8nth8	យន្តហោះ	airplane
ynthouh	8nth8h	យន្តហោះ	airplane
ynthoaah	8nth8h	យន្តហោះ	airplane
ynthoaa	8nth8	យន្តហោះ	airplane
yntohoah	8nt8h8h	យន្តហោះ	airplane
yntohoa	8nt8h8	យន្តហោះ	airplane
yntohoh	8nt8h8h	យន្តហោះ	airplane
yntohaoah	8nt8h8h	យន្តហោះ	airplane
yntohaoa	8nt8h8	យន្តហោះ	airplane
yntohaoh	8nt8h8h	យន្តហោះ	airplane
yntohouah	8nt8h8h	យន្តហោះ	airplane
yntohoua	8nt8h8	យន្តហោះ	airplane
yntohouh	8nt8h8h	យន្តហោះ	airplane
yntohoaah	8nt8h8h	យន្តហោះ	airplane
yntohoaa	8nt8h8	យន្តហោះ	airplane
yntahoah	8nt8h8h	យន្តហោះ	airplane
yntahoa	8nt8h8	យន្តហោះ	airplane
yntahoh	8nt8h8h	យន្តហោះ	airplane
yntahaoah	8nt8h8h	យន្តហោះ	airplane
yntahaoa	8nt8h8	យន្តហោះ	airplane
yntahaoh	8nt8h8h	យន្តហោះ	airplane
yntahouah	8nt8h8h	យន្តហោះ	airplane
yntahoua	8nt8h8	យន្តហោះ	airplane
yntahouh	8nt8h8h	យន្តហោះ	airplane
yntahoaah	8nt8h8h	យន្តហោះ	airplane
yntahoaa	8nt8h8	យន្តហោះ	airplane
yndhoah	8ndh8h	យន្តហោះ	airplane
yndhoa	8ndh8	យន្តហោះ	airplane
yndhoh	8ndh8h	យន្តហោះ	airplane
yndhaoah	8ndh8h	យន្តហោះ	airplane
yndhaoa	8ndh8	យន្តហោះ	airplane
yndhaoh	8ndh8h	យន្តហោះ	airplane
yndhouah	8ndh8h	យន្តហោះ	airplane
yndhoua	8ndh8	យន្តហោះ	airplane
yndhouh	8ndh8h	យន្តហោះ	airplane
yndhoaah	8ndh8h	យន្តហោះ	airplane
yndhoaa	8ndh8	យន្តហោះ	airplane
yndohoah	8nd8h8h	យន្តហោះ	airplane
yndohoa	8nd8h8	យន្តហោះ	airplane
yndohoh	8nd8h8h	យន្តហោះ	airplane
yndohaoah	8nd8h8h	យន្តហោះ	airplane
yndohaoa	8nd8h8	យន្តហោះ	airplane
yndohaoh	8nd8h8h	យន្តហោះ	airplane
yndohouah	8nd8h8h	យន្តហោះ	airplane
yndohoua	8nd8h8	យន្តហោះ	airplane
yndohouh	8nd8h8h	យន្តហោះ	airplane
yndohoaah	8nd8h8h	យន្តហោះ	airplane
yndohoaa	8nd8h8	យន្តហោះ	airplane
yndahoah	8nd8h8h	យន្តហោះ	airplane
yndahoa	8nd8h8	យន្តហោះ	airplane
yndahoh	8nd8h8h	យន្តហោះ	airplane
yndahaoah	8nd8h8h	យន្តហោះ	airplane
yndahaoa	8nd8h8	យន្តហោះ	airplane
yndahaoh	8nd8h8h	យន្តហោះ	airplane
yndahouah	8nd8h8h	យន្តហោះ	airplane
yndahoua	8nd8h8	យន្តហោះ	airplane
yndahouh	8nd8h8h	យន្តហោះ	airplane
yndahoaah	8nd8h8h	យន្តហោះ	airplane
yndahoaa	8nd8h8	យន្តហោះ	airplane
yonthoah	8nth8h	យន្តហោះ	airplane
yonthoa	8nth8	យន្តហោះ	airplane
yonthoh	8nth8h	យន្តហោះ	airplane
yonthaoah	8nth8h	យន្តហោះ	airplane
yonthaoa	8nth8	យន្តហោះ	airplane
yonthaoh	8nth8h	យន្តហោះ	airplane
yonthouah	8nth8h	យន្តហោះ	airplane
yonthoua	8nth8	យន្តហោះ	airplane
yonthouh	8nth8h	យន្តហោះ	airplane
yonthoaah	8nth8h	យន្តហោះ	airplane
yonthoaa	8nth8	យន្តហោះ	airplane
yontohoah	8nt8h8h	យន្តហោះ	airplane
yontohoa	8nt8h8	យន្តហោះ	airplane
yontohoh	8nt8h8h	យន្តហោះ	airplane
yontohaoah	8nt8h8h	យន្តហោះ	airplane
yontohaoa	8nt8h8	យន្តហោះ	airplane
yontohaoh	8nt8h8h	យន្តហោះ	airplane
yontohouah	8nt8h8h	យន្តហោះ	airplane
yontohoua	8nt8h8	យន្តហោះ	airplane
yontohouh	8nt8h8h	យន្តហោះ	airplane
yontohoaah	8nt8h8h	យន្តហោះ	airplane
yontohoaa	8nt8h8	យន្តហោះ	airplane
yontahoah	8nt8h8h	យន្តហោះ	airplane
yontahoa	8nt8h8	យន្តហោះ	airplane
yontahoh	8nt8h8h	យន្តហោះ	airplane
yontahaoah	8nt8h8h	យន្តហោះ	airplane
yontahaoa	8nt8h8	យន្តហោះ	airplane
yontahaoh	8nt8h8h	យន្តហោះ	airplane
yontahouah	8nt8h8h	យន្តហោះ	airplane
yontahoua	8nt8h8	យន្តហោះ	airplane
yontahouh	8nt8h8h	យន្តហោះ	airplane
yontahoaah	8nt8h8h	យន្តហោះ	airplane
yontahoaa	8nt8h8	យន្តហោះ	airplane
yondhoah	8ndh8h	យន្តហោះ	airplane
yondhoa	8ndh8	យន្តហោះ	airplane
yondhoh	8ndh8h	យន្តហោះ	airplane
yondhaoah	8ndh8h	យន្តហោះ	airplane
yondhaoa	8ndh8	យន្តហោះ	airplane
yondhaoh	8ndh8h	យន្តហោះ	airplane
yondhouah	8ndh8h	យន្តហោះ	airplane
yondhoua	8ndh8	យន្តហោះ	airplane
yondhouh	8ndh8h	យន្តហោះ	airplane
yondhoaah	8ndh8h	យន្តហោះ	airplane
yondhoaa	8ndh8	យន្តហោះ	airplane
yunhoh	8nh8h	យន្តហោះ	airplane
yunhawh	8nh8wh	យន្តហោះ	airplane
kbal	kb8l	កប៉ាល់	ship
kbal'	kb8l'	កប៉ាល់	ship
kbeal	kb8l	កប៉ាល់	ship
kbeal'	kb8l'	កប៉ាល់	ship
kbaal	kb8l	កប៉ាល់	ship
kbaal'	kb8l'	កប៉ាល់	ship
kpal	kp8l	កប៉ាល់	ship
kpal'	kp8l'	កប៉ាល់	ship
kpeal	kp8l	កប៉ាល់	ship
kpeal'	kp8l'	កប៉ាល់	ship
kpaal	kp8l	កប៉ាល់	ship
kpaal'	kp8l'	កប៉ាល់	ship
kobal	k8b8l	កប៉ាល់	ship
kobal'	k8b8l'	កប៉ាល់	ship
kobeal	k8b8l	កប៉ាល់	ship
kobeal'	k8b8l'	កប៉ាល់	ship
kobaal	k8b8l	កប៉ាល់	ship
kobaal'	k8b8l'	កប៉ាល់	ship
kopal	k8p8l	កប៉ាល់	ship
kopal'	k8p8l'	កប៉ាល់	ship
kopeal	k8p8l	កប៉ាល់	ship
kopeal'	k8p8l'	កប៉ាល់	ship
kopaal	k8p8l	កប៉ាល់	ship
kopaal'	k8p8l'	កប៉ាល់	ship
kabal	k8b8l	កប៉ាល់	ship
kabal'	k8b8l'	កប៉ាល់	ship
kabeal	k8b8l	កប៉ាល់	ship
kabeal'	k8b8l'	កប៉ាល់	ship
kabaal	k8b8l	កប៉ាល់	ship
kabaal'	k8b8l'	កប៉ាល់	ship
kapal	k8p8l	កប៉ាល់	ship
kapal'	k8p8l'	កប៉ាល់	ship
kapeal	k8p8l	កប៉ាល់	ship
kapeal'	k8p8l'	កប៉ាល់	ship
kapaal	k8p8l	កប៉ាល់	ship
kapaal'	k8p8l'	កប៉ាល់	ship
touk	t8k	ទូក	boat
tuk	t8k	ទូក	boat
tok	t8k	ទូក	boat
tuuk	t8k	ទូក	boat
douk	d8k	ទូក	boat
duk	d8k	ទូក	boat
dok	d8k	ទូក	boat
duuk	d8k	ទូក	boat
ddouk	dd8k	ទូក	boat
dduk	dd8k	ទូក	boat
ddok	dd8k	ទូក	boat
dduuk	dd8k	ទូក	boat
tourspt	t8rspt	ទូរស័ព្ទ	phone
tourspd	t8rspd	ទូរស័ព្ទ	phone
tourspdd	t8rspdd	ទូរស័ព្ទ	phone
toursbt	t8rsbt	ទូរស័ព្ទ	phone
toursbd	t8rsbd	ទូរស័ព្ទ	phone
toursbdd	t8rsbdd	ទូរស័ព្ទ	phone
toursapt	t8rs8pt	ទូរស័ព្ទ	phone
toursapd	t8rs8pd	ទូរស័ព្ទ	phone
toursapdd	t8rs8pdd	ទូរស័ព្ទ	phone
toursabt	t8rs8bt	ទូរស័ព្ទ	phone
toursabd	t8rs8bd	ទូរស័ព្ទ	phone
toursabdd	t8rs8bdd	ទូរស័ព្ទ	phone
toursoapt	t8rs8pt	ទូរស័ព្ទ	phone
toursoapd	t8rs8pd	ទូរស័ព្ទ	phone
toursoapdd	t8rs8pdd	ទូរស័ព្ទ	phone
toursoabt	t8rs8bt	ទូរស័ព្ទ	phone
toursoabd	t8rs8bd	ទូរស័ព្ទ	phone
toursoabdd	t8rs8bdd	ទូរស័ព្ទ	phone
tourospt	t8r8spt	ទូរស័ព្ទ	phone
tourospd	t8r8spd	ទូរស័ព្ទ	phone
tourospdd	t8r8spdd	ទូរស័ព្ទ	phone
tourosbt	t8r8sbt	ទូរស័ព្ទ	phone
tourosbd	t8r8sbd	ទូរស័ព្ទ	phone
tourosbdd	t8r8sbdd	ទូរស័ព្ទ	phone
tourosapt	t8r8s8pt	ទូរស័ព្ទ	phone
tourosapd	t8r8s8pd	ទូរស័ព្ទ	phone
tourosapdd	t8r8s8pdd	ទូរស័ព្ទ	phone
tourosabt	t8r8s8bt	ទូរស័ព្ទ	phone
tourosabd	t8r8s8bd	ទូរស័ព្ទ	phone
tourosabdd	t8r8s8bdd	ទូរស័ព្ទ	phone
tourosoapt	t8r8s8pt	ទូរស័ព្ទ	phone
tourosoapd	t8r8s8pd	ទូរស័ព្ទ	phone
tourosoapdd	t8r8s8pdd	ទូរស័ព្ទ	phone
tourosoabt	t8r8s8bt	ទូរស័ព្ទ	phone
tourosoabd	t8r8s8bd	ទូរស័ព្ទ	phone
tourosoabdd	t8r8s8bdd	ទូរស័ព្ទ	phone
touraspt	t8r8spt	ទូរស័ព្ទ	phone
touraspd	t8r8spd	ទូរស័ព្ទ	phone
touraspdd	t8r8spdd	ទូរស័ព្ទ	phone
tourasbt	t8r8sbt	ទូរស័ព្ទ	phone
tourasbd	t8r8sbd	ទូរស័ព្ទ	phone
tourasbdd	t8r8sbdd	ទូរស័ព្ទ	phone
tourasapt	t8r8s8pt	ទូរស័ព្ទ	phone
tourasapd	t8r8s8pd	ទូរស័ព្ទ	phone
tourasapdd	t8r8s8pdd	ទូរស័ព្ទ	phone
tourasabt	t8r8s8bt	ទូរស័ព្ទ	phone
tourasabd	t8r8s8bd	ទូរស័ព្ទ	phone
tourasabdd	t8r8s8bdd	ទូរស័ព្ទ	phone
tourasoapt	t8r8s8pt	ទូរស័ព្ទ	phone
tourasoapd	t8r8s8pd	ទូរស័ព្ទ	phone
tourasoapdd	t8r8s8pdd	ទូរស័ព្ទ	phone
tourasoabt	t8r8s8bt	ទូរស័ព្ទ	phone
tourasoabd	t8r8s8bd	ទូរស័ព្ទ	phone
tourasoabdd	t8r8s8bdd	ទូរស័ព្ទ	phone
turspt	t8rspt	ទូរស័ព្ទ	phone
turspd	t8rspd	ទូរស័ព្ទ	phone
turspdd	t8rspdd	ទូរស័ព្ទ	phone
tursbt	t8rsbt	ទូរស័ព្ទ	phone
tursbd	t8rsbd	ទូរស័ព្ទ	phone
tursbdd	t8rsbdd	ទូរស័ព្ទ	phone
tursapt	t8rs8pt	ទូរស័ព្ទ	phone
tursapd	t8rs8pd	ទូរស័ព្ទ	phone
tursapdd	t8rs8pdd	ទូរស័ព្ទ	phone
tursabt	t8rs8bt	ទូរស័ព្ទ	phone
tursabd	t8rs8bd	ទូរស័ព្ទ	phone
tursabdd	t8rs8bdd	ទូរស័ព្ទ	phone
tursoapt	t8rs8pt	ទូរស័ព្ទ	phone
tursoapd	t8rs8pd	ទូរស័ព្ទ	phone
tursoapdd	t8rs8pdd	ទូរស័ព្ទ	phone
tursoabt	t8rs8bt	ទូរស័ព្ទ	phone
tursoabd	t8rs8bd	ទូរស័ព្ទ	phone
tursoabdd	t8rs8bdd	ទូរស័ព្ទ	phone
turospt	t8r8spt	ទូរស័ព្ទ	phone
turospd	t8r8spd	ទូរស័ព្ទ	phone
turospdd	t8r8spdd	ទូរស័ព្ទ	phone
turosbt	t8r8sbt	ទូរស័ព្ទ	phone
turosbd	t8r8sbd	ទូរស័ព្ទ	phone
turosbdd	t8r8sbdd	ទូរស័ព្ទ	phone
turosapt	t8r8s8pt	ទូរស័ព្ទ	phone
turosapd	t8r8s8pd	ទូរស័ព្ទ	phone
turosapdd	t8r8s8pdd	ទូរស័ព្ទ	phone
turosabt	t8r8s8bt	ទូរស័ព្ទ	phone
turosabd	t8r8s8bd	ទូរស័ព្ទ	phone
turosabdd	t8r8s8bdd	ទូរស័ព្ទ	phone
turosoapt	t8r8s8pt	ទូរស័ព្ទ	phone
turosoapd	t8r8s8pd	ទូរស័ព្ទ	phone
turosoapdd	t8r8s8pdd	ទូរស័ព្ទ	phone
turosoabt	t8r8s8bt	ទូរស័ព្ទ	phone
turosoabd	t8r8s8bd	ទូរស័ព្ទ	phone
turosoabdd	t8r8s8bdd	ទូរស័ព្ទ	phone
turaspt	t8r8spt	ទូរស័ព្ទ	phone
turaspd	t8r8spd	ទូរស័ព្ទ	phone
turaspdd	t8r8spdd	ទូរស័ព្ទ	phone
turasbt	t8r8sbt	ទូរស័ព្ទ	phone
turasbd	t8r8sbd	ទូរស័ព្ទ	phone
turasbdd	t8r8sbdd	ទូរស័ព្ទ	phone
turasapt	t8r8s8pt	ទូរស័ព្ទ	phone
turasapd	t8r8s8pd	ទូរស័ព្ទ	phone
turasapdd	t8r8s8pdd	ទូរស័ព្ទ	phone
turasabt	t8r8s8bt	ទូរស័ព្ទ	phone
turasabd	t8r8s8bd	ទូរស័ព្ទ	phone
turasabdd	t8r8s8bdd	ទូរស័ព្ទ	phone
turasoapt	t8r8s8pt	ទូរស័ព្ទ	phone
turasoapd	t8r8s8pd	ទូរស័ព្ទ	phone
turasoapdd	t8r8s8pdd	ទូរស័ព្ទ	phone
turasoabt	t8r8s8bt	ទូរស័ព្ទ	phone
turasoabd	t8r8s8bd	ទូរស័ព្ទ	phone
turasoabdd	t8r8s8bdd	ទូរស័ព្ទ	phone
torspt	t8rspt	ទូរស័ព្ទ	phone
torspd	t8rspd	ទូរស័ព្ទ	phone
torspdd	t8rspdd	ទូរស័ព្ទ	phone
torsbt	t8rsbt	ទូរស័ព្ទ	phone
torsbd	t8rsbd	ទូរស័ព្ទ	phone
torsbdd	t8rsbdd	ទូរស័ព្ទ	phone
torsapt	t8rs8pt	ទូរស័ព្ទ	phone
torsapd	t8rs8pd	ទូរស័ព្ទ	phone
torsapdd	t8rs8pdd	ទូរស័ព្ទ	phone
torsabt	t8rs8bt	ទូរស័ព្ទ	phone
torsabd	t8rs8bd	ទូរស័ព្ទ	phone
torsabdd	t8rs8bdd	ទូរស័ព្ទ	phone
tourasap	t8r8s8p	ទូរស័ព្ទ	phone
torasap	t8r8s8p	ទូរស័ព្ទ	phone
turasap	t8r8s8p	ទូរស័ព្ទ	phone
kuampyoutr	k8mp8tr	កុំព្យូទ័រ	computer
kuampyoutar	k8mp8t8r	កុំព្យូទ័រ	computer
kuampyoutoar	k8mp8t8r	កុំព្យូទ័រ	computer
kuampyoudr	k8mp8dr	កុំព្យូទ័រ	computer
kuampyoudar	k8mp8d8r	កុំព្យូទ័រ	computer
kuampyoudoar	k8mp8d8r	កុំព្យូទ័រ	computer
kuampyouddr	k8mp8ddr	កុំព្យូទ័រ	computer
kuampyouddar	k8mp8dd8r	កុំព្យូទ័រ	computer
kuampyouddoar	k8mp8dd8r	កុំព្យូទ័រ	computer
kuampyutr	k8mp8tr	កុំព្យូទ័រ	computer
kuampyutar	k8mp8t8r	កុំព្យូទ័រ	computer
kuampyutoar	k8mp8t8r	កុំព្យូទ័រ	computer
kuampyudr	k8mp8dr	កុំព្យូទ័រ	computer
kuampyudar	k8mp8d8r	កុំព្យូទ័រ	computer
kuampyudoar	k8mp8d8r	កុំព្យូទ័រ	computer
kuampyuddr	k8mp8ddr	កុំព្យូទ័រ	computer
kuampyuddar	k8mp8dd8r	កុំព្យូទ័រ	computer
kuampyuddoar	k8mp8dd8r	កុំព្យូទ័រ	computer
kuampyotr	k8mp8tr	កុំព្យូទ័រ	computer
kuampyotar	k8mp8t8r	កុំព្យូទ័រ	computer
kuampyotoar	k8mp8t8r	កុំព្យូទ័រ	computer
kuampyodr	k8mp8dr	កុំព្យូទ័រ	computer
kuampyodar	k8mp8d8r	កុំព្យូទ័រ	computer
kuampyodoar	k8mp8d8r	កុំព្យូទ័រ	computer
kuampyoddr	k8mp8ddr	កុំព្យូទ័រ	computer
kuampyoddar	k8mp8dd8r	កុំព្យូទ័រ	computer
kuampyoddoar	k8mp8dd8r	កុំព្យូទ័រ	computer
kuampyuutr	k8mp8tr	កុំព្យូទ័រ	computer
kuampyuutar	k8mp8t8r	កុំព្យូទ័រ	computer
kuampyuutoar	k8mp8t8r	កុំព្យូទ័រ	computer
kuampyuudr	k8mp8dr	កុំព្យូទ័រ	computer
kuampyuudar	k8mp8d8r	កុំព្យូទ័រ	computer
kuampyuudoar	k8mp8d8r	កុំព្យូទ័រ	computer
kuampyuuddr	k8mp8ddr	កុំព្យូទ័រ	computer
kuampyuuddar	k8mp8dd8r	កុំព្យូទ័រ	computer
kuampyuuddoar	k8mp8dd8r	កុំព្យូទ័រ	computer
kuambyoutr	k8mb8tr	កុំព្យូទ័រ	computer
kuambyoutar	k8mb8t8r	កុំព្យូទ័រ	computer
kuambyoutoar	k8mb8t8r	កុំព្យូទ័រ	computer
kuambyoudr	k8mb8dr	កុំព្យូទ័រ	computer
kuambyoudar	k8mb8d8r	កុំព្យូទ័រ	computer
kuambyoudoar	k8mb8d8r	កុំព្យូទ័រ	computer
kuambyouddr	k8mb8ddr	កុំព្យូទ័រ	computer
kuambyouddar	k8mb8dd8r	កុំព្យូទ័រ	computer
kuambyouddoar	k8mb8dd8r	កុំព្យូទ័រ	computer
kuambyutr	k8mb8tr	កុំព្យូទ័រ	computer
kuambyutar	k8mb8t8r	កុំព្យូទ័រ	computer
kuambyutoar	k8mb8t8r	កុំព្យូទ័រ	computer
kuambyudr	k8mb8dr	កុំព្យូទ័រ	computer
kuambyudar	k8mb8d8r	កុំព្យូទ័រ	computer
kuambyudoar	k8mb8d8r	កុំព្យូទ័រ	computer
kuambyuddr	k8mb8ddr	កុំព្យូទ័រ	computer
kuambyuddar	k8mb8dd8r	កុំព្យូទ័រ	computer
kuambyuddoar	k8mb8dd8r	កុំព្យូទ័រ	computer
kuambyotr	k8mb8tr	កុំព្យូទ័រ	computer
kuambyotar	k8mb8t8r	កុំព្យូទ័រ	computer
kuambyotoar	k8mb8t8r	កុំព្យូទ័រ	computer
kuambyodr	k8mb8dr	កុំព្យូទ័រ	computer
kuambyodar	k8mb8d8r	កុំព្យូទ័រ	computer
kuambyodoar	k8mb8d8r	កុំព្យូទ័រ	computer
kuambyoddr	k8mb8ddr	កុំព្យូទ័រ	computer
kuambyoddar	k8mb8dd8r	កុំព្យូទ័រ	computer
kuambyoddoar	k8mb8dd8r	កុំព្យូទ័រ	computer
kuambyuutr	k8mb8tr	កុំព្យូទ័រ	computer
kuambyuutar	k8mb8t8r	កុំព្យូទ័រ	computer
kuambyuutoar	k8mb8t8r	កុំព្យូទ័រ	computer
kuambyuudr	k8mb8dr	កុំព្យូទ័រ	computer
kuambyuudar	k8mb8d8r	កុំព្យូទ័រ	computer
kuambyuudoar	k8mb8d8r	កុំព្យូទ័រ	computer
kuambyuuddr	k8mb8ddr	កុំព្យូទ័រ	computer
kuambyuuddar	k8mb8dd8r	កុំព្យូទ័រ	computer
kuambyuuddoar	k8mb8dd8r	កុំព្យូទ័រ	computer
kuompyoutr	k8mp8tr	កុំព្យូទ័រ	computer
kuompyoutar	k8mp8t8r	កុំព្យូទ័រ	computer
kuompyoutoar	k8mp8t8r	កុំព្យូទ័រ	computer
kuompyoudr	k8mp8dr	កុំព្យូទ័រ	computer
kuompyoudar	k8mp8d8r	កុំព្យូទ័រ	computer
kuompyoudoar	k8mp8d8r	កុំព្យូទ័រ	computer
kuompyouddr	k8mp8ddr	កុំព្យូទ័រ	computer
kuompyouddar	k8mp8dd8r	កុំព្យូទ័រ	computer
kuompyouddoar	k8mp8dd8r	កុំព្យូទ័រ	computer
kuompyutr	k8mp8tr	កុំព្យូទ័រ	computer
kuompyutar	k8mp8t8r	កុំព្យូទ័រ	computer
kuompyutoar	k8mp8t8r	កុំព្យូទ័រ	computer
kuompyudr	k8mp8dr	កុំព្យូទ័រ	computer
kuompyudar	k8mp8d8r	កុំព្យូទ័រ	computer
kuompyudoar	k8mp8d8r	កុំព្យូទ័រ	computer
kuompyuddr	k8mp8ddr	កុំព្យូទ័រ	computer
kuompyuddar	k8mp8dd8r	កុំព្យូទ័រ	computer
kuompyuddoar	k8mp8dd8r	កុំព្យូទ័រ	computer
kuompyotr	k8mp8tr	កុំព្យូទ័រ	computer
kuompyotar	k8mp8t8r	កុំព្យូទ័រ	computer
kuompyotoar	k8mp8t8r	កុំព្យូទ័រ	computer
kuompyodr	k8mp8dr	កុំព្យូទ័រ	computer
kuompyodar	k8mp8d8r	កុំព្យូទ័រ	computer
kuompyodoar	k8mp8d8r	កុំព្យូទ័រ	computer
kuompyoddr	k8mp8ddr	កុំព្យូទ័រ	computer
kuompyoddar	k8mp8dd8r	កុំព្យូទ័រ	computer
kuompyoddoar	k8mp8dd8r	កុំព្យូទ័រ	computer
kuompyuutr	k8mp8tr	កុំព្យូទ័រ	computer
kuompyuutar	k8mp8t8r	កុំព្យូទ័រ	computer
kuompyuutoar	k8mp8t8r	កុំព្យូទ័រ	computer
kuompyuudr	k8mp8dr	កុំព្យូទ័រ	computer
kuompyuudar	k8mp8d8r	កុំព្យូទ័រ	computer
kuompyuudoar	k8mp8d8r	កុំព្យូទ័រ	computer
kuompyuuddr	k8mp8ddr	កុំព្យូទ័រ	computer
kuompyuuddar	k8mp8dd8r	កុំព្យូទ័រ	computer
kuompyuuddoar	k8mp8dd8r	កុំព្យូទ័រ	computer
kuombyoutr	k8mb8tr	កុំព្យូទ័រ	computer
kuombyoutar	k8mb8t8r	កុំព្យូទ័រ	computer
kuombyoutoar	k8mb8t8r	កុំព្យូទ័រ	computer
kuombyoudr	k8mb8dr	កុំព្យូទ័រ	computer
kuombyoudar	k8mb8d8r	កុំព្យូទ័រ	computer
kuombyoudoar	k8mb8d8r	កុំព្យូទ័រ	computer
kuombyouddr	k8mb8ddr	កុំព្យូទ័រ	computer
kuombyouddar	k8mb8dd8r	កុំព្យូទ័រ	computer
kuombyouddoar	k8mb8dd8r	កុំព្យូទ័រ	computer
kuombyutr	k8mb8tr	កុំព្យូទ័រ	computer
kuombyutar	k8mb8t8r	កុំព្យូទ័រ	computer
kuombyutoar	k8mb8t8r	កុំព្យូទ័រ	computer
kompyuter	k8mp8t8r	កុំព្យូទ័រ	computer
computer	c8mp8t8r	កុំព្យូទ័រ	computer
kompyouto	k8mp8t8	កុំព្យូទ័រ	computer
aeyntheunit	8nth8n8t	អ៊ីនធឺណិត	internet
aeyntheunid	8nth8n8d	អ៊ីនធឺណិត	internet
aeyntheunet	8nth8n8t	អ៊ីនធឺណិត	internet
aeyntheuned	8nth8n8d	អ៊ីនធឺណិត	internet
aeyntheuunit	8nth8n8t	អ៊ីនធឺណិត	internet
aeyntheuunid	8nth8n8d	អ៊ីនធឺណិត	internet
aeyntheuunet	8nth8n8t	អ៊ីនធឺណិត	internet
aeyntheuuned	8nth8n8d	អ៊ីនធឺណិត	internet
aeynthunit	8nth8n8t	អ៊ីនធឺណិត	internet
aeynthunid	8nth8n8d	អ៊ីនធឺណិត	internet
aeynthunet	8nth8n8t	អ៊ីនធឺណិត	internet
aeynthuned	8nth8n8d	អ៊ីនធឺណិត	internet
aeyndheunit	8ndh8n8t	អ៊ីនធឺណិត	internet
aeyndheunid	8ndh8n8d	អ៊ីនធឺណិត	internet
aeyndheunet	8ndh8n8t	អ៊ីនធឺណិត	internet
aeyndheuned	8ndh8n8d	អ៊ីនធឺណិត	internet
aeyndheuunit	8ndh8n8t	អ៊ីនធឺណិត	internet
aeyndheuunid	8ndh8n8d	អ៊ីនធឺណិត	internet
aeyndheuunet	8ndh8n8t	អ៊ីនធឺណិត	internet
aeyndheuuned	8ndh8n8d	អ៊ីនធឺណិត	internet
aeyndhunit	8ndh8n8t	អ៊ីនធឺណិត	internet
aeyndhunid	8ndh8n8d	អ៊ីនធឺណិត	internet
aeyndhunet	8ndh8n8t	អ៊ីនធឺណិត	internet
aeyndhuned	8ndh8n8d	អ៊ីនធឺណិត	internet
aeynotheunit	8n8th8n8t	អ៊ីនធឺណិត	internet
aeynotheunid	8n8th8n8d	អ៊ីនធឺណិត	internet
aeynotheunet	8n8th8n8t	អ៊ីនធឺណិត	internet
aeynotheuned	8n8th8n8d	អ៊ីនធឺណិត	internet
aeynotheuunit	8n8th8n8t	អ៊ីនធឺណិត	internet
aeynotheuunid	8n8th8n8d	អ៊ីនធឺណិត	internet
aeynotheuunet	8n8th8n8t	អ៊ីនធឺណិត	internet
aeynotheuuned	8n8th8n8d	អ៊ីនធឺណិត	internet
aeynothunit	8n8th8n8t	អ៊ីនធឺណិត	internet
aeynothunid	8n8th8n8d	អ៊ីនធឺណិត	internet
aeynothunet	8n8th8n8t	អ៊ីនធឺណិត	internet
aeynothuned	8n8th8n8d	អ៊ីនធឺណិត	internet
aeynodheunit	8n8dh8n8t	អ៊ីនធឺណិត	internet
aeynodheunid	8n8dh8n8d	អ៊ីនធឺណិត	internet
aeynodheunet	8n8dh8n8t	អ៊ីនធឺណិត	internet
aeynodheuned	8n8dh8n8d	អ៊ីនធឺណិត	internet
aeynodheuunit	8n8dh8n8t	អ៊ីនធឺណិត	internet
aeynodheuunid	8n8dh8n8d	អ៊ីនធឺណិត	internet
aeynodheuunet	8n8dh8n8t	អ៊ីនធឺណិត	internet
aeynodheuuned	8n8dh8n8d	អ៊ីនធឺណិត	internet
aeynodhunit	8n8dh8n8t	អ៊ីនធឺណិត	internet
aeynodhunid	8n8dh8n8d	អ៊ីនធឺណិត	internet
aeynodhunet	8n8dh8n8t	អ៊ីនធឺណិត	internet
aeynodhuned	8n8dh8n8d	អ៊ីនធឺណិត	internet
aeynatheunit	8n8th8n8t	អ៊ីនធឺណិត	internet
aeynatheunid	8n8th8n8d	អ៊ីនធឺណិត	internet
aeynatheunet	8n8th8n8t	អ៊ីនធឺណិត	internet
aeynatheuned	8n8th8n8d	អ៊ីនធឺណិត	internet
aeynatheuunit	8n8th8n8t	អ៊ីនធឺណិត	internet
aeynatheuunid	8n8th8n8d	អ៊ីនធឺណិត	internet
aeynatheuunet	8n8th8n8t	អ៊ីនធឺណិត	internet
aeynatheuuned	8n8th8n8d	អ៊ីនធឺណិត	internet
aeynathunit	8n8th8n8t	អ៊ីនធឺណិត	internet
aeynathunid	8n8th8n8d	អ៊ីនធឺណិត	internet
aeynathunet	8n8th8n8t	អ៊ីនធឺណិត	internet
aeynathuned	8n8th8n8d	អ៊ីនធឺណិត	internet
aeynadheunit	8n8dh8n8t	អ៊ីនធឺណិត	internet
aeynadheunid	8n8dh8n8d	អ៊ីនធឺណិត	internet
aeynadheunet	8n8dh8n8t	អ៊ីនធឺណិត	internet
aeynadheuned	8n8dh8n8d	អ៊ីនធឺណិត	internet
aeynadheuunit	8n8dh8n8t	អ៊ីនធឺណិត	internet
aeynadheuunid	8n8dh8n8d	អ៊ីនធឺណិត	internet
aeynadheuunet	8n8dh8n8t	អ៊ីនធឺណិត	internet
aeynadheuuned	8n8dh8n8d	អ៊ីនធឺណិត	internet
aeynadhunit	8n8dh8n8t	អ៊ីនធឺណិត	internet
aeynadhunid	8n8dh8n8d	អ៊ីនធឺណិត	internet
aeynadhunet	8n8dh8n8t	អ៊ីនធឺណិត	internet
aeynadhuned	8n8dh8n8d	អ៊ីនធឺណិត	internet
aintheunit	8nth8n8t	អ៊ីនធឺណិត	internet
aintheunid	8nth8n8d	អ៊ីនធឺណិត	internet
aintheunet	8nth8n8t	អ៊ីនធឺណិត	internet
aintheuned	8nth8n8d	អ៊ីនធឺណិត	internet
aintheuunit	8nth8n8t	អ៊ីនធឺណិត	internet
aintheuunid	8nth8n8d	អ៊ីនធឺណិត	internet
aintheuunet	8nth8n8t	អ៊ីនធឺណិត	internet
aintheuuned	8nth8n8d	អ៊ីនធឺណិត	internet
ainthunit	8nth8n8t	អ៊ីនធឺណិត	internet
ainthunid	8nth8n8d	អ៊ីនធឺណិត	internet
ainthunet	8nth8n8t	អ៊ីនធឺណិត	internet
ainthuned	8nth8n8d	អ៊ីនធឺណិត	internet
aindheunit	8ndh8n8t	អ៊ីនធឺណិត	internet
aindheunid	8ndh8n8d	អ៊ីនធឺណិត	internet
aindheunet	8ndh8n8t	អ៊ីនធឺណិត	internet
aindheuned	8ndh8n8d	អ៊ីនធឺណិត	internet
aindheuunit	8ndh8n8t	អ៊ីនធឺណិត	internet
aindheuunid	8ndh8n8d	អ៊ីនធឺណិត	internet
aindheuunet	8ndh8n8t	អ៊ីនធឺណិត	internet
aindheuuned	8ndh8n8d	អ៊ីនធឺណិត	internet
aindhunit	8ndh8n8t	អ៊ីនធឺណិត	internet
aindhunid	8ndh8n8d	អ៊ីនធឺណិត	internet
aindhunet	8ndh8n8t	អ៊ីនធឺណិត	internet
aindhuned	8ndh8n8d	អ៊ីនធឺណិត	internet
ainotheunit	8n8th8n8t	អ៊ីនធឺណិត	internet
ainotheunid	8n8th8n8d	អ៊ីនធឺណិត	internet
ainotheunet	8n8th8n8t	អ៊ីនធឺណិត	internet
ainotheuned	8n8th8n8d	អ៊ីនធឺណិត	internet
ainotheuunit	8n8th8n8t	អ៊ីនធឺណិត	internet
ainotheuunid	8n8th8n8d	អ៊ីនធឺណិត	internet
ainotheuunet	8n8th8n8t	អ៊ីនធឺណិត	internet
ainotheuuned	8n8th8n8d	អ៊ីនធឺណិត	internet
ainothunit	8n8th8n8t	អ៊ីនធឺណិត	internet
ainothunid	8n8th8n8d	អ៊ីនធឺណិត	internet
ainothunet	8n8th8n8t	អ៊ីនធឺណិត	internet
ainothuned	8n8th8n8d	អ៊ីនធឺណិត	internet
ainodheunit	8n8dh8n8t	អ៊ីនធឺណិត	internet
ainodheunid	8n8dh8n8d	អ៊ីនធឺណិត	internet
ainodheunet	8n8dh8n8t	អ៊ីនធឺណិត	internet
ainodheuned	8n8dh8n8d	អ៊ីនធឺណិត	internet
ainodheuunit	8n8dh8n8t	អ៊ីនធឺណិត	internet
ainodheuunid	8n8dh8n8d	អ៊ីនធឺណិត	internet
ainodheuunet	8n8dh8n8t	អ៊ីនធឺណិត	internet
ainodheuuned	8n8dh8n8d	អ៊ីនធឺណិត	internet
ainodhunit	8n8dh8n8t	អ៊ីនធឺណិត	internet
ainodhunid	8n8dh8n8d	អ៊ីនធឺណិត	internet
ainodhunet	8n8dh8n8t	អ៊ីនធឺណិត	internet
ainodhuned	8n8dh8n8d	អ៊ីនធឺណិត	internet
internet	8nt8rn8t	អ៊ីនធឺណិត	internet
intheunet	8nth8n8t	អ៊ីនធឺណិត	internet
sievphov	s8vph8v	សៀវភៅ	book
sievphau	s8vph8	សៀវភៅ	book
sievphow	s8vph8w	សៀវភៅ	book
sievphav	s8vph8v	សៀវភៅ	book
sievbhov	s8vbh8v	សៀវភៅ	book
sievbhau	s8vbh8	សៀវភៅ	book
sievbhow	s8vbh8w	សៀវភៅ	book
sievbhav	s8vbh8v	សៀវភៅ	book
sievophov	s8v8ph8v	សៀវភៅ	book
sievophau	s8v8ph8	សៀវភៅ	book
sievophow	s8v8ph8w	សៀវភៅ	book
sievophav	s8v8ph8v	សៀវភៅ	book
sievobhov	s8v8bh8v	សៀវភៅ	book
sievobhau	s8v8bh8	សៀវភៅ	book
sievobhow	s8v8bh8w	សៀវភៅ	book
sievobhav	s8v8bh8v	សៀវភៅ	book
sievaphov	s8v8ph8v	សៀវភៅ	book
sievaphau	s8v8ph8	សៀវភៅ	book
sievaphow	s8v8ph8w	សៀវភៅ	book
sievaphav	s8v8ph8v	សៀវភៅ	book
sievabhov	s8v8bh8v	សៀវភៅ	book
sievabhau	s8v8bh8	សៀវភៅ	book
sievabhow	s8v8bh8w	សៀវភៅ	book
sievabhav	s8v8bh8v	សៀវភៅ	book
siewphov	s8wph8v	សៀវភៅ	book
siewphau	s8wph8	សៀវភៅ	book
siewphow	s8wph8w	សៀវភៅ	book
siewphav	s8wph8v	សៀវភៅ	book
siewbhov	s8wbh8v	សៀវភៅ	book
siewbhau	s8wbh8	សៀវភៅ	book
siewbhow	s8wbh8w	សៀវភៅ	book
siewbhav	s8wbh8v	សៀវភៅ	book
siewophov	s8w8ph8v	សៀវភៅ	book
siewophau	s8w8ph8	សៀវភៅ	book
siewophow	s8w8ph8w	សៀវភៅ	book
siewophav	s8w8ph8v	សៀវភៅ	book
siewobhov	s8w8bh8v	សៀវភៅ	book
siewobhau	s8w8bh8	សៀវភៅ	book
siewobhow	s8w8bh8w	សៀវភៅ	book
siewobhav	s8w8bh8v	សៀវភៅ	book
siewaphov	s8w8ph8v	សៀវភៅ	book
siewaphau	s8w8ph8	សៀវភៅ	book
siewaphow	s8w8ph8w	សៀវភៅ	book
siewaphav	s8w8ph8v	សៀវភៅ	book
siewabhov	s8w8bh8v	សៀវភៅ	book
siewabhau	s8w8bh8	សៀវភៅ	book
siewabhow	s8w8bh8w	សៀវភៅ	book
siewabhav	s8w8bh8v	សៀវភៅ	book
seavphov	s8vph8v	សៀវភៅ	book
seavphau	s8vph8	សៀវភៅ	book
seavphow	s8vph8w	សៀវភៅ	book
seavphav	s8vph8v	សៀវភៅ	book
seavbhov	s8vbh8v	សៀវភៅ	book
seavbhau	s8vbh8	សៀវភៅ	book
seavbhow	s8vbh8w	សៀវភៅ	book
seavbhav	s8vbh8v	សៀវភៅ	book
seavophov	s8v8ph8v	សៀវភៅ	book
seavophau	s8v8ph8	សៀវភៅ	book
seavophow	s8v8ph8w	សៀវភៅ	book
seavophav	s8v8ph8v	សៀវភៅ	book
seavobhov	s8v8bh8v	សៀវភៅ	book
seavobhau	s8v8bh8	សៀវភៅ	book
seavobhow	s8v8bh8w	សៀវភៅ	book
seavobhav	s8v8bh8v	សៀវភៅ	book
seavaphov	s8v8ph8v	សៀវភៅ	book
seavaphau	s8v8ph8	សៀវភៅ	book
seavaphow	s8v8ph8w	សៀវភៅ	book
seavaphav	s8v8ph8v	សៀវភៅ	book
seavabhov	s8v8bh8v	សៀវភៅ	book
seavabhau	s8v8bh8	សៀវភៅ	book
seavabhow	s8v8bh8w	សៀវភៅ	book
seavabhav	s8v8bh8v	សៀវភៅ	book
seawphov	s8wph8v	សៀវភៅ	book
seawphau	s8wph8	សៀវភៅ	book
seawphow	s8wph8w	សៀវភៅ	book
seawphav	s8wph8v	សៀវភៅ	book
seawbhov	s8wbh8v	សៀវភៅ	book
seawbhau	s8wbh8	សៀវភៅ	book
seawbhow	s8wbh8w	សៀវភៅ	book
seawbhav	s8wbh8v	សៀវភៅ	book
seawophov	s8w8ph8v	សៀវភៅ	book
seawophau	s8w8ph8	សៀវភៅ	book
seawophow	s8w8ph8w	សៀវភៅ	book
seawophav	s8w8ph8v	សៀវភៅ	book
seawobhov	s8w8bh8v	សៀវភៅ	book
seawobhau	s8w8bh8	សៀវភៅ	book
seawobhow	s8w8bh8w	សៀវភៅ	book
seawobhav	s8w8bh8v	សៀវភៅ	book
seawaphov	s8w8ph8v	សៀវភៅ	book
seawaphau	s8w8ph8	សៀវភៅ	book
seawaphow	s8w8ph8w	សៀវភៅ	book
seawaphav	s8w8ph8v	សៀវភៅ	book
seawabhov	s8w8bh8v	សៀវភៅ	book
seawabhau	s8w8bh8	សៀវភៅ	book
seawabhow	s8w8bh8w	សៀវភៅ	book
seawabhav	s8w8bh8v	សៀវភៅ	book
bich	b8ch	ប៊ិច	pen
bij	b8j	ប៊ិច	pen
bech	b8ch	ប៊ិច	pen
bej	b8j	ប៊ិច	pen
pich	p8ch	ប៊ិច	pen
pij	p8j	ប៊ិច	pen
pech	p8ch	ប៊ិច	pen
pej	p8j	ប៊ិច	pen
bic	b8c	ប៊ិច	pen
khmovdai	khm8vd8	ខ្មៅដៃ	pencil
khmovdey	khm8vd8	ខ្មៅដៃ	pencil
khmovdei	khm8vd8	ខ្មៅដៃ	pencil
khmaudai	khm8d8	ខ្មៅដៃ	pencil
khmaudey	khm8d8	ខ្មៅដៃ	pencil
khmaudei	khm8d8	ខ្មៅដៃ	pencil
khmowdai	khm8wd8	ខ្មៅដៃ	pencil
khmowdey	khm8wd8	ខ្មៅដៃ	pencil
khmowdei	khm8wd8	ខ្មៅដៃ	pencil
khmavdai	khm8vd8	ខ្មៅដៃ	pencil
khmavdey	khm8vd8	ខ្មៅដៃ	pencil
khmavdei	khm8vd8	ខ្មៅដៃ	pencil
kmawdai	km8wd8	ខ្មៅដៃ	pencil
tu	t8	តុ	table
to	t8	តុ	table
du	d8	តុ	table
do	d8	តុ	table
tok	t8k	តុ	table
kovaey	k8v8	កៅអី	chair
kovai	k8v8	កៅអី	chair
kovaii	k8v8	កៅអី	chair
kovoey	k8v8	កៅអី	chair
kovoi	k8v8	កៅអី	chair
kovoii	k8v8	កៅអី	chair
kovqey	k8vq8	កៅអី	chair
kovqi	k8vq8	កៅអី	chair
kovqii	k8vq8	កៅអី	chair
kovey	k8v8	កៅអី	chair
kovi	k8v8	កៅអី	chair
kovii	k8v8	កៅអី	chair
kauaey	k8	កៅអី	chair
kauai	k8	កៅអី	chair
kauaii	k8	កៅអី	chair
kauoey	k8	កៅអី	chair
kauoi	k8	កៅអី	chair
kauoii	k8	កៅអី	chair
kauqey	k8q8	កៅអី	chair
kauqi	k8q8	កៅអី	chair
kauqii	k8q8	កៅអី	chair
kauey	k8	កៅអី	chair
kaui	k8	កៅអី	chair
kauii	k8	កៅអី	chair
kowaey	k8w8	កៅអី	chair
kowai	k8w8	កៅអី	chair
kowaii	k8w8	កៅអី	chair
kowoey	k8w8	កៅអី	chair
kowoi	k8w8	កៅអី	chair
kowoii	k8w8	កៅអី	chair
kowqey	k8wq8	កៅអី	chair
kowqi	k8wq8	កៅអី	chair
kowqii	k8wq8	កៅអី	chair
kowey	k8w8	កៅអី	chair
kowi	k8w8	កៅអី	chair
kowii	k8w8	កៅអី	chair
kavaey	k8v8	កៅអី	chair
kavai	k8v8	កៅអី	chair
kavaii	k8v8	កៅអី	chair
kavoey	k8v8	កៅអី	chair
kavoi	k8v8	កៅអី	chair
kavoii	k8v8	កៅអី	chair
kavqey	k8vq8	កៅអី	chair
kavqi	k8vq8	កៅអី	chair
kavqii	k8vq8	កៅអី	chair
kavey	k8v8	កៅអី	chair
kavi	k8v8	កៅអី	chair
kavii	k8v8	កៅអី	chair
kaoey	k8	កៅអី	chair
kawey	k8w8	កៅអី	chair
kavei	k8v8	កៅអី	chair
krae	kr8	គ្រែ	bed
kre	kr8	គ្រែ	bed
krea	kr8	គ្រែ	bed
grae	gr8	គ្រែ	bed
gre	gr8	គ្រែ	bed
grea	gr8	គ្រែ	bed
tvar	tv8r	ទ្វារ	door
tvear	tv8r	ទ្វារ	door
tvaar	tv8r	ទ្វារ	door
twar	tw8r	ទ្វារ	door
twear	tw8r	ទ្វារ	door
twaar	tw8r	ទ្វារ	door
dvar	dv8r	ទ្វារ	door
dvear	dv8r	ទ្វារ	door
dvaar	dv8r	ទ្វារ	door
dwar	dw8r	ទ្វារ	door
dwear	dw8r	ទ្វារ	door
dwaar	dw8r	ទ្វារ	door
ddvar	ddv8r	ទ្វារ	door
ddvear	ddv8r	ទ្វារ	door
ddvaar	ddv8r	ទ្វារ	door
ddwar	ddw8r	ទ្វារ	door
ddwear	ddw8r	ទ្វារ	door
ddwaar	ddw8r	ទ្វារ	door
tvea	tv8	ទ្វារ	door
bngauoch	bng8ch	បង្អួច	window
bngauoj	bng8j	បង្អួច	window
bngauach	bng8ch	បង្អួច	window
bngauaj	bng8j	បង្អួច	window
bngauch	bng8ch	បង្អួច	window
bngauj	bng8j	បង្អួច	window
bngouoch	bng8ch	បង្អួច	window
bngouoj	bng8j	បង្អួច	window
bngouach	bng8ch	បង្អួច	window
bngouaj	bng8j	បង្អួច	window
bngouch	bng8ch	បង្អួច	window
bngouj	bng8j	បង្អួច	window
bngquoch	bngq8ch	បង្អួច	window
bngquoj	bngq8j	បង្អួច	window
bngquach	bngq8ch	បង្អួច	window
bngquaj	bngq8j	បង្អួច	window
bngquch	bngq8ch	បង្អួច	window
bngquj	bngq8j	បង្អួច	window
bnguoch	bng8ch	បង្អួច	window
bnguoj	bng8j	បង្អួច	window
bnguach	bng8ch	បង្អួច	window
bnguaj	bng8j	បង្អួច	window
bnguch	bng8ch	បង្អួច	window
bnguj	bng8j	បង្អួច	window
bongauoch	b8ng8ch	បង្អួច	window
bongauoj	b8ng8j	បង្អួច	window
bongauach	b8ng8ch	បង្អួច	window
bongauaj	b8ng8j	បង្អួច	window
bongauch	b8ng8ch	បង្អួច	window
bongauj	b8ng8j	បង្អួច	window
bongouoch	b8ng8ch	បង្អួច	window
bongouoj	b8ng8j	បង្អួច	window
bongouach	b8ng8ch	បង្អួច	window
bongouaj	b8ng8j	បង្អួច	window
bongouch	b8ng8ch	បង្អួច	window
bongouj	b8ng8j	បង្អួច	window
bongquoch	b8ngq8ch	បង្អួច	window
bongquoj	b8ngq8j	បង្អួច	window
bongquach	b8ngq8ch	បង្អួច	window
bongquaj	b8ngq8j	បង្អួច	window
bongquch	b8ngq8ch	បង្អួច	window
bongquj	b8ngq8j	បង្អួច	window
bonguoch	b8ng8ch	បង្អួច	window
bonguoj	b8ng8j	បង្អួច	window
bonguach	b8ng8ch	បង្អួច	window
bonguaj	b8ng8j	បង្អួច	window
bonguch	b8ng8ch	បង្អួច	window
bonguj	b8ng8j	បង្អួច	window
bangauoch	b8ng8ch	បង្អួច	window
bangauoj	b8ng8j	បង្អួច	window
bangauach	b8ng8ch	បង្អួច	window
bangauaj	b8ng8j	បង្អួច	window
bangauch	b8ng8ch	បង្អួច	window
bangauj	b8ng8j	បង្អួច	window
bangouoch	b8ng8ch	បង្អួច	window
bangouoj	b8ng8j	បង្អួច	window
bangouach	b8ng8ch	បង្អួច	window
bangouaj	b8ng8j	បង្អួច	window
bangouch	b8ng8ch	បង្អួច	window
bangouj	b8ng8j	បង្អួច	window
bangquoch	b8ngq8ch	បង្អួច	window
bangquoj	b8ngq8j	បង្អួច	window
bangquach	b8ngq8ch	បង្អួច	window
bangquaj	b8ngq8j	បង្អួច	window
bangquch	b8ngq8ch	បង្អួច	window
bangquj	b8ngq8j	បង្អួច	window
banguoch	b8ng8ch	បង្អួច	window
banguoj	b8ng8j	បង្អួច	window
banguach	b8ng8ch	បង្អួច	window
banguaj	b8ng8j	បង្អួច	window
banguch	b8ng8ch	បង្អួច	window
banguj	b8ng8j	បង្អួច	window
pngauoch	png8ch	បង្អួច	window
pngauoj	png8j	បង្អួច	window
pngauach	png8ch	បង្អួច	window
pngauaj	png8j	បង្អួច	window
pngauch	png8ch	បង្អួច	window
pngauj	png8j	បង្អួច	window
pngouoch	png8ch	បង្អួច	window
pngouoj	png8j	បង្អួច	window
pngouach	png8ch	បង្អួច	window
pngouaj	png8j	បង្អួច	window
pngouch	png8ch	បង្អួច	window
pngouj	png8j	បង្អួច	window
pngquoch	pngq8ch	បង្អួច	window
pngquoj	pngq8j	បង្អួច	window
pngquach	pngq8ch	បង្អួច	window
pngquaj	pngq8j	បង្អួច	window
pngquch	pngq8ch	បង្អួច	window
pngquj	pngq8j	បង្អួច	window
pnguoch	png8ch	បង្អួច	window
pnguoj	png8j	បង្អួច	window
pnguach	png8ch	បង្អួច	window
pnguaj	png8j	បង្អួច	window
pnguch	png8ch	បង្អួច	window
pnguj	png8j	បង្អួច	window
pongauoch	p8ng8ch	បង្អួច	window
pongauoj	p8ng8j	បង្អួច	window
pongauach	p8ng8ch	បង្អួច	window
pongauaj	p8ng8j	បង្អួច	window
pongauch	p8ng8ch	បង្អួច	window
pongauj	p8ng8j	បង្អួច	window
pongouoch	p8ng8ch	បង្អួច	window
pongouoj	p8ng8j	បង្អួច	window
pongouach	p8ng8ch	បង្អួច	window
pongouaj	p8ng8j	បង្អួច	window
pongouch	p8ng8ch	បង្អួច	window
pongouj	p8ng8j	បង្អួច	window
pongquoch	p8ngq8ch	បង្អួច	window
pongquoj	p8ngq8j	បង្អួច	window
pongquach	p8ngq8ch	បង្អួច	window
pongquaj	p8ngq8j	បង្អួច	window
pongquch	p8ngq8ch	បង្អួច	window
pongquj	p8ngq8j	បង្អួច	window
ponguoch	p8ng8ch	បង្អួច	window
ponguoj	p8ng8j	បង្អួច	window
ponguach	p8ng8ch	បង្អួច	window
ponguaj	p8ng8j	បង្អួច	window
ponguch	p8ng8ch	បង្អួច	window
ponguj	p8ng8j	បង្អួច	window
bang'uoch	b8ng'8ch	បង្អួច	window
luy	l8	លុយ	money
loy	l8	លុយ	money
brak	br8k	ប្រាក់	money / silver
brak'	br8k'	ប្រាក់	money / silver
break	br8k	ប្រាក់	money / silver
break'	br8k'	ប្រាក់	money / silver
braak	br8k	ប្រាក់	money / silver
braak'	br8k'	ប្រាក់	money / silver
prak	pr8k	ប្រាក់	money / silver
prak'	pr8k'	ប្រាក់	money / silver
preak	pr8k	ប្រាក់	money / silver
preak'	pr8k'	ប្រាក់	money / silver
praak	pr8k	ប្រាក់	money / silver
praak'	pr8k'	ប្រាក់	money / silver
karngar	k8rng8r	ការងារ	work, job
karngear	k8rng8r	ការងារ	work, job
karngaar	k8rng8r	ការងារ	work, job
karongar	k8r8ng8r	ការងារ	work, job
karongear	k8r8ng8r	ការងារ	work, job
karongaar	k8r8ng8r	ការងារ	work, job
karangar	k8r8ng8r	ការងារ	work, job
karangear	k8r8ng8r	ការងារ	work, job
karangaar	k8r8ng8r	ការងារ	work, job
kearngar	k8rng8r	ការងារ	work, job
kearngear	k8rng8r	ការងារ	work, job
kearngaar	k8rng8r	ការងារ	work, job
kearongar	k8r8ng8r	ការងារ	work, job
kearongear	k8r8ng8r	ការងារ	work, job
kearongaar	k8r8ng8r	ការងារ	work, job
kearangar	k8r8ng8r	ការងារ	work, job
kearangear	k8r8ng8r	ការងារ	work, job
kearangaar	k8r8ng8r	ការងារ	work, job
kaarngar	k8rng8r	ការងារ	work, job
kaarngear	k8rng8r	ការងារ	work, job
kaarngaar	k8rng8r	ការងារ	work, job
kaarongar	k8r8ng8r	ការងារ	work, job
kaarongear	k8r8ng8r	ការងារ	work, job
kaarongaar	k8r8ng8r	ការងារ	work, job
kaarangar	k8r8ng8r	ការងារ	work, job
kaarangear	k8r8ng8r	ការងារ	work, job
kaarangaar	k8r8ng8r	ការងារ	work, job
kangear	k8ng8r	ការងារ	work, job
kangea	k8ng8	ការងារ	work, job
phlaeng	phl8ng	ភ្លើង	fire / light
phlerng	phl8rng	ភ្លើង	fire / light
phleung	phl8ng	ភ្លើង	fire / light
phlaeung	phl8ng	ភ្លើង	fire / light
bhlaeng	bhl8ng	ភ្លើង	fire / light
bhlerng	bhl8rng	ភ្លើង	fire / light
bhleung	bhl8ng	ភ្លើង	fire / light
bhlaeung	bhl8ng	ភ្លើង	fire / light
pleung	pl8ng	ភ្លើង	fire / light
akkisney	8kk8sn8	អគ្គិសនី	electricity
akkisni	8kk8sn8	អគ្គិសនី	electricity
akkisnii	8kk8sn8	អគ្គិសនី	electricity
akkisoney	8kk8s8n8	អគ្គិសនី	electricity
akkisoni	8kk8s8n8	អគ្គិសនី	electricity
akkisonii	8kk8s8n8	អគ្គិសនី	electricity
akkisaney	8kk8s8n8	អគ្គិសនី	electricity
akkisani	8kk8s8n8	អគ្គិសនី	electricity
akkisanii	8kk8s8n8	អគ្គិសនី	electricity
akkesney	8kk8sn8	អគ្គិសនី	electricity
akkesni	8kk8sn8	អគ្គិសនី	electricity
akkesnii	8kk8sn8	អគ្គិសនី	electricity
akkesoney	8kk8s8n8	អគ្គិសនី	electricity
akkesoni	8kk8s8n8	អគ្គិសនី	electricity
akkesonii	8kk8s8n8	អគ្គិសនី	electricity
akkesaney	8kk8s8n8	អគ្គិសនី	electricity
akkesani	8kk8s8n8	អគ្គិសនី	electricity
akkesanii	8kk8s8n8	អគ្គិសនី	electricity
akgisney	8kg8sn8	អគ្គិសនី	electricity
akgisni	8kg8sn8	អគ្គិសនី	electricity
akgisnii	8kg8sn8	អគ្គិសនី	electricity
akgisoney	8kg8s8n8	អគ្គិសនី	electricity
akgisoni	8kg8s8n8	អគ្គិសនី	electricity
akgisonii	8kg8s8n8	អគ្គិសនី	electricity
akgisaney	8kg8s8n8	អគ្គិសនី	electricity
akgisani	8kg8s8n8	អគ្គិសនី	electricity
akgisanii	8kg8s8n8	អគ្គិសនី	electricity
akgesney	8kg8sn8	អគ្គិសនី	electricity
akgesni	8kg8sn8	អគ្គិសនី	electricity
akgesnii	8kg8sn8	អគ្គិសនី	electricity
akgesoney	8kg8s8n8	អគ្គិសនី	electricity
akgesoni	8kg8s8n8	អគ្គិសនី	electricity
akgesonii	8kg8s8n8	អគ្គិសនី	electricity
akgesaney	8kg8s8n8	អគ្គិសនី	electricity
akgesani	8kg8s8n8	អគ្គិសនី	electricity
akgesanii	8kg8s8n8	អគ្គិសនី	electricity
agkisney	8gk8sn8	អគ្គិសនី	electricity
agkisni	8gk8sn8	អគ្គិសនី	electricity
agkisnii	8gk8sn8	អគ្គិសនី	electricity
agkisoney	8gk8s8n8	អគ្គិសនី	electricity
agkisoni	8gk8s8n8	អគ្គិសនី	electricity
agkisonii	8gk8s8n8	អគ្គិសនី	electricity
agkisaney	8gk8s8n8	អគ្គិសនី	electricity
agkisani	8gk8s8n8	អគ្គិសនី	electricity
agkisanii	8gk8s8n8	អគ្គិសនី	electricity
agkesney	8gk8sn8	អគ្គិសនី	electricity
agkesni	8gk8sn8	អគ្គិសនី	electricity
agkesnii	8gk8sn8	អគ្គិសនី	electricity
agkesoney	8gk8s8n8	អគ្គិសនី	electricity
agkesoni	8gk8s8n8	អគ្គិសនី	electricity
agkesonii	8gk8s8n8	អគ្គិសនី	electricity
agkesaney	8gk8s8n8	អគ្គិសនី	electricity
agkesani	8gk8s8n8	អគ្គិសនី	electricity
agkesanii	8gk8s8n8	អគ្គិសនី	electricity
aggisney	8gg8sn8	អគ្គិសនី	electricity
aggisni	8gg8sn8	អគ្គិសនី	electricity
aggisnii	8gg8sn8	អគ្គិសនី	electricity
aggisoney	8gg8s8n8	អគ្គិសនី	electricity
aggisoni	8gg8s8n8	អគ្គិសនី	electricity
aggisonii	8gg8s8n8	អគ្គិសនី	electricity
aggisaney	8gg8s8n8	អគ្គិសនី	electricity
aggisani	8gg8s8n8	អគ្គិសនី	electricity
aggisanii	8gg8s8n8	អគ្គិសនី	electricity
aggesney	8gg8sn8	អគ្គិសនី	electricity
aggesni	8gg8sn8	អគ្គិសនី	electricity
aggesnii	8gg8sn8	អគ្គិសនី	electricity
aggesoney	8gg8s8n8	អគ្គិសនី	electricity
aggesoni	8gg8s8n8	អគ្គិសនី	electricity
aggesonii	8gg8s8n8	អគ្គិសនី	electricity
aggesaney	8gg8s8n8	អគ្គិសនី	electricity
aggesani	8gg8s8n8	អគ្គិសនី	electricity
aggesanii	8gg8s8n8	អគ្គិសនី	electricity
aokkisney	8kk8sn8	អគ្គិសនី	electricity
aokkisni	8kk8sn8	អគ្គិសនី	electricity
aokkisnii	8kk8sn8	អគ្គិសនី	electricity
aokkisoney	8kk8s8n8	អគ្គិសនី	electricity
aokkisoni	8kk8s8n8	អគ្គិសនី	electricity
aokkisonii	8kk8s8n8	អគ្គិសនី	electricity
aokkisaney	8kk8s8n8	អគ្គិសនី	electricity
aokkisani	8kk8s8n8	អគ្គិសនី	electricity
aokkisanii	8kk8s8n8	អគ្គិសនី	electricity
aokkesney	8kk8sn8	អគ្គិសនី	electricity
aokkesni	8kk8sn8	អគ្គិសនី	electricity
aokkesnii	8kk8sn8	អគ្គិសនី	electricity
aokkesoney	8kk8s8n8	អគ្គិសនី	electricity
aokkesoni	8kk8s8n8	អគ្គិសនី	electricity
aokkesonii	8kk8s8n8	អគ្គិសនី	electricity
aokkesaney	8kk8s8n8	អគ្គិសនី	electricity
aokkesani	8kk8s8n8	អគ្គិសនី	electricity
aokkesanii	8kk8s8n8	អគ្គិសនី	electricity
aokgisney	8kg8sn8	អគ្គិសនី	electricity
aokgisni	8kg8sn8	អគ្គិសនី	electricity
aokgisnii	8kg8sn8	អគ្គិសនី	electricity
aokgisoney	8kg8s8n8	អគ្គិសនី	electricity
aokgisoni	8kg8s8n8	អគ្គិសនី	electricity
aokgisonii	8kg8s8n8	អគ្គិសនី	electricity
aokgisaney	8kg8s8n8	អគ្គិសនី	electricity
aokgisani	8kg8s8n8	អគ្គិសនី	electricity
aokgisanii	8kg8s8n8	អគ្គិសនី	electricity
aokgesney	8kg8sn8	អគ្គិសនី	electricity
aokgesni	8kg8sn8	អគ្គិសនី	electricity
aokgesnii	8kg8sn8	អគ្គិសនី	electricity
aokgesoney	8kg8s8n8	អគ្គិសនី	electricity
aokgesoni	8kg8s8n8	អគ្គិសនី	electricity
aokgesonii	8kg8s8n8	អគ្គិសនី	electricity
aokgesaney	8kg8s8n8	អគ្គិសនី	electricity
aokgesani	8kg8s8n8	អគ្គិសនី	electricity
aokgesanii	8kg8s8n8	អគ្គិសនី	electricity
aogkisney	8gk8sn8	អគ្គិសនី	electricity
aogkisni	8gk8sn8	អគ្គិសនី	electricity
aogkisnii	8gk8sn8	អគ្គិសនី	electricity
aogkisoney	8gk8s8n8	អគ្គិសនី	electricity
aogkisoni	8gk8s8n8	អគ្គិសនី	electricity
aogkisonii	8gk8s8n8	អគ្គិសនី	electricity
aogkisaney	8gk8s8n8	អគ្គិសនី	electricity
aogkisani	8gk8s8n8	អគ្គិសនី	electricity
aogkisanii	8gk8s8n8	អគ្គិសនី	electricity
aogkesney	8gk8sn8	អគ្គិសនី	electricity
aogkesni	8gk8sn8	អគ្គិសនី	electricity
aogkesnii	8gk8sn8	អគ្គិសនី	electricity
aksesani	8ks8s8n8	អគ្គិសនី	electricity
pelvela	p8lv8l8	ពេលវេលា	time
pelvelea	p8lv8l8	ពេលវេលា	time
pelvelaa	p8lv8l8	ពេលវេលា	time
pelveila	p8lv8l8	ពេលវេលា	time
pelveilea	p8lv8l8	ពេលវេលា	time
pelveilaa	p8lv8l8	ពេលវេលា	time
pelwela	p8lw8l8	ពេលវេលា	time
pelwelea	p8lw8l8	ពេលវេលា	time
pelwelaa	p8lw8l8	ពេលវេលា	time
pelweila	p8lw8l8	ពេលវេលា	time
pelweilea	p8lw8l8	ពេលវេលា	time
pelweilaa	p8lw8l8	ពេលវេលា	time
pelovela	p8l8v8l8	ពេលវេលា	time
pelovelea	p8l8v8l8	ពេលវេលា	time
pelovelaa	p8l8v8l8	ពេលវេលា	time
peloveila	p8l8v8l8	ពេលវេលា	time
peloveilea	p8l8v8l8	ពេលវេលា	time
peloveilaa	p8l8v8l8	ពេលវេលា	time
pelowela	p8l8w8l8	ពេលវេលា	time
pelowelea	p8l8w8l8	ពេលវេលា	time
pelowelaa	p8l8w8l8	ពេលវេលា	time
peloweila	p8l8w8l8	ពេលវេលា	time
peloweilea	p8l8w8l8	ពេលវេលា	time
peloweilaa	p8l8w8l8	ពេលវេលា	time
pelavela	p8l8v8l8	ពេលវេលា	time
pelavelea	p8l8v8l8	ពេលវេលា	time
pelavelaa	p8l8v8l8	ពេលវេលា	time
pelaveila	p8l8v8l8	ពេលវេលា	time
pelaveilea	p8l8v8l8	ពេលវេលា	time
pelaveilaa	p8l8v8l8	ពេលវេលា	time
pelawela	p8l8w8l8	ពេលវេលា	time
pelawelea	p8l8w8l8	ពេលវេលា	time
pelawelaa	p8l8w8l8	ពេលវេលា	time
pelaweila	p8l8w8l8	ពេលវេលា	time
pelaweilea	p8l8w8l8	ពេលវេលា	time
pelaweilaa	p8l8w8l8	ពេលវេលា	time
peilvela	p8lv8l8	ពេលវេលា	time
peilvelea	p8lv8l8	ពេលវេលា	time
peilvelaa	p8lv8l8	ពេលវេលា	time
peilveila	p8lv8l8	ពេលវេលា	time
peilveilea	p8lv8l8	ពេលវេលា	time
peilveilaa	p8lv8l8	ពេលវេលា	time
peilwela	p8lw8l8	ពេលវេលា	time
peilwelea	p8lw8l8	ពេលវេលា	time
peilwelaa	p8lw8l8	ពេលវេលា	time
peilweila	p8lw8l8	ពេលវេលា	time
peilweilea	p8lw8l8	ពេលវេលា	time
peilweilaa	p8lw8l8	ពេលវេលា	time
peilovela	p8l8v8l8	ពេលវេលា	time
peilovelea	p8l8v8l8	ពេលវេលា	time
peilovelaa	p8l8v8l8	ពេលវេលា	time
peiloveila	p8l8v8l8	ពេលវេលា	time
peiloveilea	p8l8v8l8	ពេលវេលា	time
peiloveilaa	p8l8v8l8	ពេលវេលា	time
peilowela	p8l8w8l8	ពេលវេលា	time
peilowelea	p8l8w8l8	ពេលវេលា	time
peilowelaa	p8l8w8l8	ពេលវេលា	time
peiloweila	p8l8w8l8	ពេលវេលា	time
peiloweilea	p8l8w8l8	ពេលវេលា	time
peiloweilaa	p8l8w8l8	ពេលវេលា	time
peilavela	p8l8v8l8	ពេលវេលា	time
peilavelea	p8l8v8l8	ពេលវេលា	time
peilavelaa	p8l8v8l8	ពេលវេលា	time
peilaveila	p8l8v8l8	ពេលវេលា	time
peilaveilea	p8l8v8l8	ពេលវេលា	time
peilaveilaa	p8l8v8l8	ពេលវេលា	time
peilawela	p8l8w8l8	ពេលវេលា	time
peilawelea	p8l8w8l8	ពេលវេលា	time
peilawelaa	p8l8w8l8	ពេលវេលា	time
peilaweila	p8l8w8l8	ពេលវេលា	time
peilaweilea	p8l8w8l8	ពេលវេលា	time
peilaweilaa	p8l8w8l8	ពេលវេលា	time
belvela	b8lv8l8	ពេលវេលា	time
belvelea	b8lv8l8	ពេលវេលា	time
belvelaa	b8lv8l8	ពេលវេលា	time
belveila	b8lv8l8	ពេលវេលា	time
belveilea	b8lv8l8	ពេលវេលា	time
belveilaa	b8lv8l8	ពេលវេលា	time
belwela	b8lw8l8	ពេលវេលា	time
belwelea	b8lw8l8	ពេលវេលា	time
belwelaa	b8lw8l8	ពេលវេលា	time
belweila	b8lw8l8	ពេលវេលា	time
belweilea	b8lw8l8	ពេលវេលា	time
belweilaa	b8lw8l8	ពេលវេលា	time
belovela	b8l8v8l8	ពេលវេលា	time
belovelea	b8l8v8l8	ពេលវេលា	time
belovelaa	b8l8v8l8	ពេលវេលា	time
beloveila	b8l8v8l8	ពេលវេលា	time
beloveilea	b8l8v8l8	ពេលវេលា	time
beloveilaa	b8l8v8l8	ពេលវេលា	time
belowela	b8l8w8l8	ពេលវេលា	time
belowelea	b8l8w8l8	ពេលវេលា	time
belowelaa	b8l8w8l8	ពេលវេលា	time
beloweila	b8l8w8l8	ពេលវេលា	time
beloweilea	b8l8w8l8	ពេលវេលា	time
beloweilaa	b8l8w8l8	ពេលវេលា	time
belavela	b8l8v8l8	ពេលវេលា	time
belavelea	b8l8v8l8	ពេលវេលា	time
belavelaa	b8l8v8l8	ពេលវេលា	time
belaveila	b8l8v8l8	ពេលវេលា	time
belaveilea	b8l8v8l8	ពេលវេលា	time
belaveilaa	b8l8v8l8	ពេលវេលា	time
belawela	b8l8w8l8	ពេលវេលា	time
belawelea	b8l8w8l8	ពេលវេលា	time
belawelaa	b8l8w8l8	ពេលវេលា	time
belaweila	b8l8w8l8	ពេលវេលា	time
belaweilea	b8l8w8l8	ពេលវេលា	time
belaweilaa	b8l8w8l8	ពេលវេលា	time
beilvela	b8lv8l8	ពេលវេលា	time
beilvelea	b8lv8l8	ពេលវេលា	time
beilvelaa	b8lv8l8	ពេលវេលា	time
beilveila	b8lv8l8	ពេលវេលា	time
beilveilea	b8lv8l8	ពេលវេលា	time
beilveilaa	b8lv8l8	ពេលវេលា	time
beilwela	b8lw8l8	ពេលវេលា	time
beilwelea	b8lw8l8	ពេលវេលា	time
beilwelaa	b8lw8l8	ពេលវេលា	time
beilweila	b8lw8l8	ពេលវេលា	time
beilweilea	b8lw8l8	ពេលវេលា	time
beilweilaa	b8lw8l8	ពេលវេលា	time
thngai	thng8	ថ្ងៃ	day / sun
thngey	thng8	ថ្ងៃ	day / sun
thngei	thng8	ថ្ងៃ	day / sun
tngai	tng8	ថ្ងៃ	day / sun
yb	8b	យប់	night
yb'	8b'	យប់	night
yp	8p	យប់	night
yp'	8p'	យប់	night
yob	8b	យប់	night
yob'	8b'	យប់	night
yop	8p	យប់	night
yop'	8p'	យប់	night
yab	8b	យប់	night
yab'	8b'	យប់	night
yap	8p	យប់	night
yap'	8p'	យប់	night
yub	8b	យប់	night
yup	8p	យប់	night
proek	pr8k	ព្រឹក	morning
preuk	pr8k	ព្រឹក	morning
prek	pr8k	ព្រឹក	morning
broek	br8k	ព្រឹក	morning
breuk	br8k	ព្រឹក	morning
brek	br8k	ព្រឹក	morning
pruk	pr8k	ព្រឹក	morning
lngach	lng8ch	ល្ងាច	evening
lngaj	lng8j	ល្ងាច	evening
lngeach	lng8ch	ល្ងាច	evening
lngeaj	lng8j	ល្ងាច	evening
lngaach	lng8ch	ល្ងាច	evening
lngaaj	lng8j	ល្ងាច	evening
lngiech	lng8ch	ល្ងាច	evening
rsiel	rs8l	រសៀល	afternoon
rseal	rs8l	រសៀល	afternoon
rosiel	r8s8l	រសៀល	afternoon
roseal	r8s8l	រសៀល	afternoon
rasiel	r8s8l	រសៀល	afternoon
raseal	r8s8l	រសៀល	afternoon
thngaineah	thng8n8h	ថ្ងៃនេះ	today
thngainea	thng8n8	ថ្ងៃនេះ	today
thngaineh	thng8n8h	ថ្ងៃនេះ	today
thngaineiah	thng8n8h	ថ្ងៃនេះ	today
thngaineia	thng8n8	ថ្ងៃនេះ	today
thngaineih	thng8n8h	ថ្ងៃនេះ	today
thngeyneah	thng8n8h	ថ្ងៃនេះ	today
thngeynea	thng8n8	ថ្ងៃនេះ	today
thngeyneh	thng8n8h	ថ្ងៃនេះ	today
thngeyneiah	thng8n8h	ថ្ងៃនេះ	today
thngeyneia	thng8n8	ថ្ងៃនេះ	today
thngeyneih	thng8n8h	ថ្ងៃនេះ	today
thngeineah	thng8n8h	ថ្ងៃនេះ	today
thngeinea	thng8n8	ថ្ងៃនេះ	today
thngeineh	thng8n8h	ថ្ងៃនេះ	today
thngeineiah	thng8n8h	ថ្ងៃនេះ	today
thngeineia	thng8n8	ថ្ងៃនេះ	today
thngeineih	thng8n8h	ថ្ងៃនេះ	today
thngainih	thng8n8h	ថ្ងៃនេះ	today
tngaineh	tng8n8h	ថ្ងៃនេះ	today
msilminh	ms8lm8nh	ម្សិលមិញ	yesterday
msilminy	ms8lm8n8	ម្សិលមិញ	yesterday
msilmenh	ms8lm8nh	ម្សិលមិញ	yesterday
msilmeny	ms8lm8n8	ម្សិលមិញ	yesterday
msilominh	ms8l8m8nh	ម្សិលមិញ	yesterday
msilominy	ms8l8m8n8	ម្សិលមិញ	yesterday
msilomenh	ms8l8m8nh	ម្សិលមិញ	yesterday
msilomeny	ms8l8m8n8	ម្សិលមិញ	yesterday
msilaminh	ms8l8m8nh	ម្សិលមិញ	yesterday
msilaminy	ms8l8m8n8	ម្សិលមិញ	yesterday
msilamenh	ms8l8m8nh	ម្សិលមិញ	yesterday
msilameny	ms8l8m8n8	ម្សិលមិញ	yesterday
mselminh	ms8lm8nh	ម្សិលមិញ	yesterday
mselminy	ms8lm8n8	ម្សិលមិញ	yesterday
mselmenh	ms8lm8nh	ម្សិលមិញ	yesterday
mselmeny	ms8lm8n8	ម្សិលមិញ	yesterday
mselominh	ms8l8m8nh	ម្សិលមិញ	yesterday
mselominy	ms8l8m8n8	ម្សិលមិញ	yesterday
mselomenh	ms8l8m8nh	ម្សិលមិញ	yesterday
mselomeny	ms8l8m8n8	ម្សិលមិញ	yesterday
mselaminh	ms8l8m8nh	ម្សិលមិញ	yesterday
mselaminy	ms8l8m8n8	ម្សិលមិញ	yesterday
mselamenh	ms8l8m8nh	ម្សិលមិញ	yesterday
mselameny	ms8l8m8n8	ម្សិលមិញ	yesterday
maselminh	m8s8lm8nh	ម្សិលមិញ	yesterday
saaek	s8k	ស្អែក	tomorrow
saek	s8k	ស្អែក	tomorrow
saeak	s8k	ស្អែក	tomorrow
soaek	s8k	ស្អែក	tomorrow
soek	s8k	ស្អែក	tomorrow
soeak	s8k	ស្អែក	tomorrow
sqaek	sq8k	ស្អែក	tomorrow
sqek	sq8k	ស្អែក	tomorrow
sqeak	sq8k	ស្អែក	tomorrow
sek	s8k	ស្អែក	tomorrow
seak	s8k	ស្អែក	tomorrow
s'aek	s'8k	ស្អែក	tomorrow
thngaisaaek	thng8s8k	ថ្ងៃស្អែក	tomorrow
thngaisaek	thng8s8k	ថ្ងៃស្អែក	tomorrow
thngaisaeak	thng8s8k	ថ្ងៃស្អែក	tomorrow
thngaisoaek	thng8s8k	ថ្ងៃស្អែក	tomorrow
thngaisoek	thng8s8k	ថ្ងៃស្អែក	tomorrow
thngaisoeak	thng8s8k	ថ្ងៃស្អែក	tomorrow
thngaisqaek	thng8sq8k	ថ្ងៃស្អែក	tomorrow
thngaisqek	thng8sq8k	ថ្ងៃស្អែក	tomorrow
thngaisqeak	thng8sq8k	ថ្ងៃស្អែក	tomorrow
thngaisek	thng8s8k	ថ្ងៃស្អែក	tomorrow
thngaiseak	thng8s8k	ថ្ងៃស្អែក	tomorrow
thngeysaaek	thng8s8k	ថ្ងៃស្អែក	tomorrow
thngeysaek	thng8s8k	ថ្ងៃស្អែក	tomorrow
thngeysaeak	thng8s8k	ថ្ងៃស្អែក	tomorrow
thngeysoaek	thng8s8k	ថ្ងៃស្អែក	tomorrow
thngeysoek	thng8s8k	ថ្ងៃស្អែក	tomorrow
thngeysoeak	thng8s8k	ថ្ងៃស្អែក	tomorrow
thngeysqaek	thng8sq8k	ថ្ងៃស្អែក	tomorrow
thngeysqek	thng8sq8k	ថ្ងៃស្អែក	tomorrow
thngeysqeak	thng8sq8k	ថ្ងៃស្អែក	tomorrow
thngeysek	thng8s8k	ថ្ងៃស្អែក	tomorrow
thngeyseak	thng8s8k	ថ្ងៃស្អែក	tomorrow
thngeisaaek	thng8s8k	ថ្ងៃស្អែក	tomorrow
thngeisaek	thng8s8k	ថ្ងៃស្អែក	tomorrow
thngeisaeak	thng8s8k	ថ្ងៃស្អែក	tomorrow
thngeisoaek	thng8s8k	ថ្ងៃស្អែក	tomorrow
thngeisoek	thng8s8k	ថ្ងៃស្អែក	tomorrow
thngeisoeak	thng8s8k	ថ្ងៃស្អែក	tomorrow
thngeisqaek	thng8sq8k	ថ្ងៃស្អែក	tomorrow
thngeisqek	thng8sq8k	ថ្ងៃស្អែក	tomorrow
thngeisqeak	thng8sq8k	ថ្ងៃស្អែក	tomorrow
thngeisek	thng8s8k	ថ្ងៃស្អែក	tomorrow
thngeiseak	thng8s8k	ថ្ងៃស្អែក	tomorrow
tngaisaek	tng8s8k	ថ្ងៃស្អែក	tomorrow
sbtah	sbt8h	សប្តាហ៍	week
sbteah	sbt8h	សប្តាហ៍	week
sbtaah	sbt8h	សប្តាហ៍	week
sbdah	sbd8h	សប្តាហ៍	week
sbdeah	sbd8h	សប្តាហ៍	week
sbdaah	sbd8h	សប្តាហ៍	week
sptah	spt8h	សប្តាហ៍	week
spteah	spt8h	សប្តាហ៍	week
sptaah	spt8h	សប្តាហ៍	week
spdah	spd8h	សប្តាហ៍	week
spdeah	spd8h	សប្តាហ៍	week
spdaah	spd8h	សប្តាហ៍	week
sobtah	s8bt8h	សប្តាហ៍	week
sobteah	s8bt8h	សប្តាហ៍	week
sobtaah	s8bt8h	សប្តាហ៍	week
sobdah	s8bd8h	សប្តាហ៍	week
sobdeah	s8bd8h	សប្តាហ៍	week
sobdaah	s8bd8h	សប្តាហ៍	week
soptah	s8pt8h	សប្តាហ៍	week
sopteah	s8pt8h	សប្តាហ៍	week
soptaah	s8pt8h	សប្តាហ៍	week
sopdah	s8pd8h	សប្តាហ៍	week
sopdeah	s8pd8h	សប្តាហ៍	week
sopdaah	s8pd8h	សប្តាហ៍	week
sabtah	s8bt8h	សប្តាហ៍	week
sabteah	s8bt8h	សប្តាហ៍	week
sabtaah	s8bt8h	សប្តាហ៍	week
sabdah	s8bd8h	សប្តាហ៍	week
sabdeah	s8bd8h	សប្តាហ៍	week
sabdaah	s8bd8h	សប្តាហ៍	week
saptah	s8pt8h	សប្តាហ៍	week
sapteah	s8pt8h	សប្តាហ៍	week
saptaah	s8pt8h	សប្តាហ៍	week
sapdah	s8pd8h	សប្តាហ៍	week
sapdeah	s8pd8h	សប្តាហ៍	week
sapdaah	s8pd8h	សប្តាហ៍	week
sapda	s8pd8	សប្តាហ៍	week
sabda	s8bd8	សប្តាហ៍	week
chungsbtah	ch8ngsbt8h	ចុងសប្តាហ៍	weekend
chungsbteah	ch8ngsbt8h	ចុងសប្តាហ៍	weekend
chungsbtaah	ch8ngsbt8h	ចុងសប្តាហ៍	weekend
chungsbdah	ch8ngsbd8h	ចុងសប្តាហ៍	weekend
chungsbdeah	ch8ngsbd8h	ចុងសប្តាហ៍	weekend
chungsbdaah	ch8ngsbd8h	ចុងសប្តាហ៍	weekend
chungsptah	ch8ngspt8h	ចុងសប្តាហ៍	weekend
chungspteah	ch8ngspt8h	ចុងសប្តាហ៍	weekend
chungsptaah	ch8ngspt8h	ចុងសប្តាហ៍	weekend
chungspdah	ch8ngspd8h	ចុងសប្តាហ៍	weekend
chungspdeah	ch8ngspd8h	ចុងសប្តាហ៍	weekend
chungspdaah	ch8ngspd8h	ចុងសប្តាហ៍	weekend
chungsobtah	ch8ngs8bt8h	ចុងសប្តាហ៍	weekend
chungsobteah	ch8ngs8bt8h	ចុងសប្តាហ៍	weekend
chungsobtaah	ch8ngs8bt8h	ចុងសប្តាហ៍	weekend
chungsobdah	ch8ngs8bd8h	ចុងសប្តាហ៍	weekend
chungsobdeah	ch8ngs8bd8h	ចុងសប្តាហ៍	weekend
chungsobdaah	ch8ngs8bd8h	ចុងសប្តាហ៍	weekend
chungsoptah	ch8ngs8pt8h	ចុងសប្តាហ៍	weekend
chungsopteah	ch8ngs8pt8h	ចុងសប្តាហ៍	weekend
chungsoptaah	ch8ngs8pt8h	ចុងសប្តាហ៍	weekend
chungsopdah	ch8ngs8pd8h	ចុងសប្តាហ៍	weekend
chungsopdeah	ch8ngs8pd8h	ចុងសប្តាហ៍	weekend
chungsopdaah	ch8ngs8pd8h	ចុងសប្តាហ៍	weekend
chungsabtah	ch8ngs8bt8h	ចុងសប្តាហ៍	weekend
chungsabteah	ch8ngs8bt8h	ចុងសប្តាហ៍	weekend
chungsabtaah	ch8ngs8bt8h	ចុងសប្តាហ៍	weekend
chungsabdah	ch8ngs8bd8h	ចុងសប្តាហ៍	weekend
chungsabdeah	ch8ngs8bd8h	ចុងសប្តាហ៍	weekend
chungsabdaah	ch8ngs8bd8h	ចុងសប្តាហ៍	weekend
chungsaptah	ch8ngs8pt8h	ចុងសប្តាហ៍	weekend
chungsapteah	ch8ngs8pt8h	ចុងសប្តាហ៍	weekend
chungsaptaah	ch8ngs8pt8h	ចុងសប្តាហ៍	weekend
chungsapdah	ch8ngs8pd8h	ចុងសប្តាហ៍	weekend
chungsapdeah	ch8ngs8pd8h	ចុងសប្តាហ៍	weekend
chungsapdaah	ch8ngs8pd8h	ចុងសប្តាហ៍	weekend
chungosbtah	ch8ng8sbt8h	ចុងសប្តាហ៍	weekend
chungosbteah	ch8ng8sbt8h	ចុងសប្តាហ៍	weekend
chungosbtaah	ch8ng8sbt8h	ចុងសប្តាហ៍	weekend
chungosbdah	ch8ng8sbd8h	ចុងសប្តាហ៍	weekend
chungosbdeah	ch8ng8sbd8h	ចុងសប្តាហ៍	weekend
chungosbdaah	ch8ng8sbd8h	ចុងសប្តាហ៍	weekend
chungosptah	ch8ng8spt8h	ចុងសប្តាហ៍	weekend
chungospteah	ch8ng8spt8h	ចុងសប្តាហ៍	weekend
chungosptaah	ch8ng8spt8h	ចុងសប្តាហ៍	weekend
chungospdah	ch8ng8spd8h	ចុងសប្តាហ៍	weekend
chungospdeah	ch8ng8spd8h	ចុងសប្តាហ៍	weekend
chungospdaah	ch8ng8spd8h	ចុងសប្តាហ៍	weekend
chungosobtah	ch8ng8s8bt8h	ចុងសប្តាហ៍	weekend
chungosobteah	ch8ng8s8bt8h	ចុងសប្តាហ៍	weekend
chungosobtaah	ch8ng8s8bt8h	ចុងសប្តាហ៍	weekend
chungosobdah	ch8ng8s8bd8h	ចុងសប្តាហ៍	weekend
chungosobdeah	ch8ng8s8bd8h	ចុងសប្តាហ៍	weekend
chungosobdaah	ch8ng8s8bd8h	ចុងសប្តាហ៍	weekend
chungosoptah	ch8ng8s8pt8h	ចុងសប្តាហ៍	weekend
chungosopteah	ch8ng8s8pt8h	ចុងសប្តាហ៍	weekend
chungosoptaah	ch8ng8s8pt8h	ចុងសប្តាហ៍	weekend
chungosopdah	ch8ng8s8pd8h	ចុងសប្តាហ៍	weekend
chungosopdeah	ch8ng8s8pd8h	ចុងសប្តាហ៍	weekend
chungosopdaah	ch8ng8s8pd8h	ចុងសប្តាហ៍	weekend
chungosabtah	ch8ng8s8bt8h	ចុងសប្តាហ៍	weekend
chungosabteah	ch8ng8s8bt8h	ចុងសប្តាហ៍	weekend
chungosabtaah	ch8ng8s8bt8h	ចុងសប្តាហ៍	weekend
chungosabdah	ch8ng8s8bd8h	ចុងសប្តាហ៍	weekend
chungosabdeah	ch8ng8s8bd8h	ចុងសប្តាហ៍	weekend
chungosabdaah	ch8ng8s8bd8h	ចុងសប្តាហ៍	weekend
chungosaptah	ch8ng8s8pt8h	ចុងសប្តាហ៍	weekend
chungosapteah	ch8ng8s8pt8h	ចុងសប្តាហ៍	weekend
chungosaptaah	ch8ng8s8pt8h	ចុងសប្តាហ៍	weekend
chungosapdah	ch8ng8s8pd8h	ចុងសប្តាហ៍	weekend
chungosapdeah	ch8ng8s8pd8h	ចុងសប្តាហ៍	weekend
chungosapdaah	ch8ng8s8pd8h	ចុងសប្តាហ៍	weekend
chungasbtah	ch8ng8sbt8h	ចុងសប្តាហ៍	weekend
chungasbteah	ch8ng8sbt8h	ចុងសប្តាហ៍	weekend
chungasbtaah	ch8ng8sbt8h	ចុងសប្តាហ៍	weekend
chungasbdah	ch8ng8sbd8h	ចុងសប្តាហ៍	weekend
chungasbdeah	ch8ng8sbd8h	ចុងសប្តាហ៍	weekend
chungasbdaah	ch8ng8sbd8h	ចុងសប្តាហ៍	weekend
chungasptah	ch8ng8spt8h	ចុងសប្តាហ៍	weekend
chungaspteah	ch8ng8spt8h	ចុងសប្តាហ៍	weekend
chungasptaah	ch8ng8spt8h	ចុងសប្តាហ៍	weekend
chungaspdah	ch8ng8spd8h	ចុងសប្តាហ៍	weekend
chungaspdeah	ch8ng8spd8h	ចុងសប្តាហ៍	weekend
chungaspdaah	ch8ng8spd8h	ចុងសប្តាហ៍	weekend
chungasobtah	ch8ng8s8bt8h	ចុងសប្តាហ៍	weekend
chungasobteah	ch8ng8s8bt8h	ចុងសប្តាហ៍	weekend
chungasobtaah	ch8ng8s8bt8h	ចុងសប្តាហ៍	weekend
chungasobdah	ch8ng8s8bd8h	ចុងសប្តាហ៍	weekend
chungasobdeah	ch8ng8s8bd8h	ចុងសប្តាហ៍	weekend
chungasobdaah	ch8ng8s8bd8h	ចុងសប្តាហ៍	weekend
chungasoptah	ch8ng8s8pt8h	ចុងសប្តាហ៍	weekend
chungasopteah	ch8ng8s8pt8h	ចុងសប្តាហ៍	weekend
chungasoptaah	ch8ng8s8pt8h	ចុងសប្តាហ៍	weekend
chungasopdah	ch8ng8s8pd8h	ចុងសប្តាហ៍	weekend
chungasopdeah	ch8ng8s8pd8h	ចុងសប្តាហ៍	weekend
chungasopdaah	ch8ng8s8pd8h	ចុងសប្តាហ៍	weekend
chungasabtah	ch8ng8s8bt8h	ចុងសប្តាហ៍	weekend
chungasabteah	ch8ng8s8bt8h	ចុងសប្តាហ៍	weekend
chungasabtaah	ch8ng8s8bt8h	ចុងសប្តាហ៍	weekend
chungasabdah	ch8ng8s8bd8h	ចុងសប្តាហ៍	weekend
chungasabdeah	ch8ng8s8bd8h	ចុងសប្តាហ៍	weekend
chungasabdaah	ch8ng8s8bd8h	ចុងសប្តាហ៍	weekend
chungasaptah	ch8ng8s8pt8h	ចុងសប្តាហ៍	weekend
chungasapteah	ch8ng8s8pt8h	ចុងសប្តាហ៍	weekend
chungasaptaah	ch8ng8s8pt8h	ចុងសប្តាហ៍	weekend
chungasapdah	ch8ng8s8pd8h	ចុងសប្តាហ៍	weekend
chungasapdeah	ch8ng8s8pd8h	ចុងសប្តាហ៍	weekend
chungasapdaah	ch8ng8s8pd8h	ចុងសប្តាហ៍	weekend
chongsbtah	ch8ngsbt8h	ចុងសប្តាហ៍	weekend
chongsbteah	ch8ngsbt8h	ចុងសប្តាហ៍	weekend
chongsbtaah	ch8ngsbt8h	ចុងសប្តាហ៍	weekend
chongsbdah	ch8ngsbd8h	ចុងសប្តាហ៍	weekend
chongsbdeah	ch8ngsbd8h	ចុងសប្តាហ៍	weekend
chongsbdaah	ch8ngsbd8h	ចុងសប្តាហ៍	weekend
chongsptah	ch8ngspt8h	ចុងសប្តាហ៍	weekend
chongspteah	ch8ngspt8h	ចុងសប្តាហ៍	weekend
chongsptaah	ch8ngspt8h	ចុងសប្តាហ៍	weekend
chongspdah	ch8ngspd8h	ចុងសប្តាហ៍	weekend
chongspdeah	ch8ngspd8h	ចុងសប្តាហ៍	weekend
chongspdaah	ch8ngspd8h	ចុងសប្តាហ៍	weekend
chongsapda	ch8ngs8pd8	ចុងសប្តាហ៍	weekend
khae	kh8	ខែ	month / moon
khe	kh8	ខែ	month / moon
khea	kh8	ខែ	month / moon
chhnaam	chhn8m	ឆ្នាំ	year
chhnaom	chhn8m	ឆ្នាំ	year
chhnaum	chhn8m	ឆ្នាំ	year
chhneaam	chhn8m	ឆ្នាំ	year
chhneaom	chhn8m	ឆ្នាំ	year
chhneaum	chhn8m	ឆ្នាំ	year
chhnaaam	chhn8m	ឆ្នាំ	year
chhnaaom	chhn8m	ឆ្នាំ	year
chhnaaum	chhn8m	ឆ្នាំ	year
chnaam	chn8m	ឆ្នាំ	year
chnaom	chn8m	ឆ្នាំ	year
chnaum	chn8m	ឆ្នាំ	year
chneaam	chn8m	ឆ្នាំ	year
chneaom	chn8m	ឆ្នាំ	year
chneaum	chn8m	ឆ្នាំ	year
chnaaam	chn8m	ឆ្នាំ	year
chnaaom	chn8m	ឆ្នាំ	year
chnaaum	chn8m	ឆ្នាំ	year
chhnam	chhn8m	ឆ្នាំ	year
chnam	chn8m	ឆ្នាំ	year
mong	m8ng	ម៉ោង	hour, o'clock
maong	m8ng	ម៉ោង	hour, o'clock
moung	m8ng	ម៉ោង	hour, o'clock
moang	m8ng	ម៉ោង	hour, o'clock
natey	n8t8	នាទី	minute
nati	n8t8	នាទី	minute
natii	n8t8	នាទី	minute
nadey	n8d8	នាទី	minute
nadi	n8d8	នាទី	minute
nadii	n8d8	នាទី	minute
naddey	n8dd8	នាទី	minute
naddi	n8dd8	នាទី	minute
naddii	n8dd8	នាទី	minute
neatey	n8t8	នាទី	minute
neati	n8t8	នាទី	minute
neatii	n8t8	នាទី	minute
neadey	n8d8	នាទី	minute
neadi	n8d8	នាទី	minute
neadii	n8d8	នាទី	minute
neaddey	n8dd8	នាទី	minute
neaddi	n8dd8	នាទី	minute
neaddii	n8dd8	នាទី	minute
naatey	n8t8	នាទី	minute
naati	n8t8	នាទី	minute
naatii	n8t8	នាទី	minute
naadey	n8d8	នាទី	minute
naadi	n8d8	នាទី	minute
naadii	n8d8	នាទី	minute
naaddey	n8dd8	នាទី	minute
naaddi	n8dd8	នាទី	minute
naaddii	n8dd8	នាទី	minute
niati	n8t8	នាទី	minute
thngaichnt	thng8chnt	ថ្ងៃច័ន្ទ	Monday
thngaichnd	thng8chnd	ថ្ងៃច័ន្ទ	Monday
thngaichndd	thng8chndd	ថ្ងៃច័ន្ទ	Monday
thngaichant	thng8ch8nt	ថ្ងៃច័ន្ទ	Monday
thngaichand	thng8ch8nd	ថ្ងៃច័ន្ទ	Monday
thngaichandd	thng8ch8ndd	ថ្ងៃច័ន្ទ	Monday
thngaichoant	thng8ch8nt	ថ្ងៃច័ន្ទ	Monday
thngaichoand	thng8ch8nd	ថ្ងៃច័ន្ទ	Monday
thngaichoandd	thng8ch8ndd	ថ្ងៃច័ន្ទ	Monday
thngaijnt	thng8jnt	ថ្ងៃច័ន្ទ	Monday
thngaijnd	thng8jnd	ថ្ងៃច័ន្ទ	Monday
thngaijndd	thng8jndd	ថ្ងៃច័ន្ទ	Monday
thngaijant	thng8j8nt	ថ្ងៃច័ន្ទ	Monday
thngaijand	thng8j8nd	ថ្ងៃច័ន្ទ	Monday
thngaijandd	thng8j8ndd	ថ្ងៃច័ន្ទ	Monday
thngaijoant	thng8j8nt	ថ្ងៃច័ន្ទ	Monday
thngaijoand	thng8j8nd	ថ្ងៃច័ន្ទ	Monday
thngaijoandd	thng8j8ndd	ថ្ងៃច័ន្ទ	Monday
thngeychnt	thng8chnt	ថ្ងៃច័ន្ទ	Monday
thngeychnd	thng8chnd	ថ្ងៃច័ន្ទ	Monday
thngeychndd	thng8chndd	ថ្ងៃច័ន្ទ	Monday
thngeychant	thng8ch8nt	ថ្ងៃច័ន្ទ	Monday
thngeychand	thng8ch8nd	ថ្ងៃច័ន្ទ	Monday
thngeychandd	thng8ch8ndd	ថ្ងៃច័ន្ទ	Monday
thngeychoant	thng8ch8nt	ថ្ងៃច័ន្ទ	Monday
thngeychoand	thng8ch8nd	ថ្ងៃច័ន្ទ	Monday
thngeychoandd	thng8ch8ndd	ថ្ងៃច័ន្ទ	Monday
thngeyjnt	thng8jnt	ថ្ងៃច័ន្ទ	Monday
thngeyjnd	thng8jnd	ថ្ងៃច័ន្ទ	Monday
thngeyjndd	thng8jndd	ថ្ងៃច័ន្ទ	Monday
thngeyjant	thng8j8nt	ថ្ងៃច័ន្ទ	Monday
thngeyjand	thng8j8nd	ថ្ងៃច័ន្ទ	Monday
thngeyjandd	thng8j8ndd	ថ្ងៃច័ន្ទ	Monday
thngeyjoant	thng8j8nt	ថ្ងៃច័ន្ទ	Monday
thngeyjoand	thng8j8nd	ថ្ងៃច័ន្ទ	Monday
thngeyjoandd	thng8j8ndd	ថ្ងៃច័ន្ទ	Monday
thngeichnt	thng8chnt	ថ្ងៃច័ន្ទ	Monday
thngeichnd	thng8chnd	ថ្ងៃច័ន្ទ	Monday
thngeichndd	thng8chndd	ថ្ងៃច័ន្ទ	Monday
thngeichant	thng8ch8nt	ថ្ងៃច័ន្ទ	Monday
thngeichand	thng8ch8nd	ថ្ងៃច័ន្ទ	Monday
thngeichandd	thng8ch8ndd	ថ្ងៃច័ន្ទ	Monday
thngeichoant	thng8ch8nt	ថ្ងៃច័ន្ទ	Monday
thngeichoand	thng8ch8nd	ថ្ងៃច័ន្ទ	Monday
thngeichoandd	thng8ch8ndd	ថ្ងៃច័ន្ទ	Monday
thngeijnt	thng8jnt	ថ្ងៃច័ន្ទ	Monday
thngeijnd	thng8jnd	ថ្ងៃច័ន្ទ	Monday
thngeijndd	thng8jndd	ថ្ងៃច័ន្ទ	Monday
thngeijant	thng8j8nt	ថ្ងៃច័ន្ទ	Monday
thngeijand	thng8j8nd	ថ្ងៃច័ន្ទ	Monday
thngeijandd	thng8j8ndd	ថ្ងៃច័ន្ទ	Monday
thngeijoant	thng8j8nt	ថ្ងៃច័ន្ទ	Monday
thngeijoand	thng8j8nd	ថ្ងៃច័ន្ទ	Monday
thngeijoandd	thng8j8ndd	ថ្ងៃច័ន្ទ	Monday
thngaichan	thng8ch8n	ថ្ងៃច័ន្ទ	Monday
chnt	chnt	ច័ន្ទ	Monday / moon
chnd	chnd	ច័ន្ទ	Monday / moon
chndd	chndd	ច័ន្ទ	Monday / moon
chant	ch8nt	ច័ន្ទ	Monday / moon
chand	ch8nd	ច័ន្ទ	Monday / moon
chandd	ch8ndd	ច័ន្ទ	Monday / moon
choant	ch8nt	ច័ន្ទ	Monday / moon
choand	ch8nd	ច័ន្ទ	Monday / moon
choandd	ch8ndd	ច័ន្ទ	Monday / moon
jnt	jnt	ច័ន្ទ	Monday / moon
jnd	jnd	ច័ន្ទ	Monday / moon
jndd	jndd	ច័ន្ទ	Monday / moon
jant	j8nt	ច័ន្ទ	Monday / moon
jand	j8nd	ច័ន្ទ	Monday / moon
jandd	j8ndd	ច័ន្ទ	Monday / moon
joant	j8nt	ច័ន្ទ	Monday / moon
joand	j8nd	ច័ន្ទ	Monday / moon
joandd	j8ndd	ច័ន្ទ	Monday / moon
chan	ch8n	ច័ន្ទ	Monday / moon
angkar	8ngk8r	អង្គារ	Tuesday
angkear	8ngk8r	អង្គារ	Tuesday
angkaar	8ngk8r	អង្គារ	Tuesday
anggar	8ngg8r	អង្គារ	Tuesday
anggear	8ngg8r	អង្គារ	Tuesday
anggaar	8ngg8r	អង្គារ	Tuesday
aongkar	8ngk8r	អង្គារ	Tuesday
aongkear	8ngk8r	អង្គារ	Tuesday
aongkaar	8ngk8r	អង្គារ	Tuesday
aonggar	8ngg8r	អង្គារ	Tuesday
aonggear	8ngg8r	អង្គារ	Tuesday
aonggaar	8ngg8r	អង្គារ	Tuesday
aangkar	8ngk8r	អង្គារ	Tuesday
aangkear	8ngk8r	អង្គារ	Tuesday
aangkaar	8ngk8r	អង្គារ	Tuesday
aanggar	8ngg8r	អង្គារ	Tuesday
aanggear	8ngg8r	អង្គារ	Tuesday
aanggaar	8ngg8r	អង្គារ	Tuesday
ongkar	8ngk8r	អង្គារ	Tuesday
ongkear	8ngk8r	អង្គារ	Tuesday
ongkaar	8ngk8r	អង្គារ	Tuesday
onggar	8ngg8r	អង្គារ	Tuesday
onggear	8ngg8r	អង្គារ	Tuesday
onggaar	8ngg8r	អង្គារ	Tuesday
oongkar	8ngk8r	អង្គារ	Tuesday
oongkear	8ngk8r	អង្គារ	Tuesday
oongkaar	8ngk8r	អង្គារ	Tuesday
oonggar	8ngg8r	អង្គារ	Tuesday
oonggear	8ngg8r	អង្គារ	Tuesday
oonggaar	8ngg8r	អង្គារ	Tuesday
oangkar	8ngk8r	អង្គារ	Tuesday
oangkear	8ngk8r	អង្គារ	Tuesday
oangkaar	8ngk8r	អង្គារ	Tuesday
oanggar	8ngg8r	អង្គារ	Tuesday
oanggear	8ngg8r	អង្គារ	Tuesday
oanggaar	8ngg8r	អង្គារ	Tuesday
qngkar	qngk8r	អង្គារ	Tuesday
qngkear	qngk8r	អង្គារ	Tuesday
qngkaar	qngk8r	អង្គារ	Tuesday
qnggar	qngg8r	អង្គារ	Tuesday
qnggear	qngg8r	អង្គារ	Tuesday
qnggaar	qngg8r	អង្គារ	Tuesday
qongkar	q8ngk8r	អង្គារ	Tuesday
qongkear	q8ngk8r	អង្គារ	Tuesday
qongkaar	q8ngk8r	អង្គារ	Tuesday
qonggar	q8ngg8r	អង្គារ	Tuesday
qonggear	q8ngg8r	អង្គារ	Tuesday
qonggaar	q8ngg8r	អង្គារ	Tuesday
qangkar	q8ngk8r	អង្គារ	Tuesday
qangkear	q8ngk8r	អង្គារ	Tuesday
qangkaar	q8ngk8r	អង្គារ	Tuesday
qanggar	q8ngg8r	អង្គារ	Tuesday
qanggear	q8ngg8r	អង្គារ	Tuesday
qanggaar	q8ngg8r	អង្គារ	Tuesday
ngkar	ngk8r	អង្គារ	Tuesday
ngkear	ngk8r	អង្គារ	Tuesday
ngkaar	ngk8r	អង្គារ	Tuesday
nggar	ngg8r	អង្គារ	Tuesday
nggear	ngg8r	អង្គារ	Tuesday
nggaar	ngg8r	អង្គារ	Tuesday
angkea	8ngk8	អង្គារ	Tuesday
puth	p8th	ពុធ	Wednesday
pudh	p8dh	ពុធ	Wednesday
poth	p8th	ពុធ	Wednesday
podh	p8dh	ពុធ	Wednesday
buth	b8th	ពុធ	Wednesday
budh	b8dh	ពុធ	Wednesday
both	b8th	ពុធ	Wednesday
bodh	b8dh	ពុធ	Wednesday
put	p8t	ពុធ	Wednesday
prhsbti	prhsbt8	ព្រហស្បតិ៍	Thursday
prhsbte	prhsbt8	ព្រហស្បតិ៍	Thursday
prhsbdi	prhsbd8	ព្រហស្បតិ៍	Thursday
prhsbde	prhsbd8	ព្រហស្បតិ៍	Thursday
prhsboti	prhsb8t8	ព្រហស្បតិ៍	Thursday
prhsbote	prhsb8t8	ព្រហស្បតិ៍	Thursday
prhsbodi	prhsb8d8	ព្រហស្បតិ៍	Thursday
prhsbode	prhsb8d8	ព្រហស្បតិ៍	Thursday
prhsbati	prhsb8t8	ព្រហស្បតិ៍	Thursday
prhsbate	prhsb8t8	ព្រហស្បតិ៍	Thursday
prhsbadi	prhsb8d8	ព្រហស្បតិ៍	Thursday
prhsbade	prhsb8d8	ព្រហស្បតិ៍	Thursday
prhspti	prhspt8	ព្រហស្បតិ៍	Thursday
prhspte	prhspt8	ព្រហស្បតិ៍	Thursday
prhspdi	prhspd8	ព្រហស្បតិ៍	Thursday
prhspde	prhspd8	ព្រហស្បតិ៍	Thursday
prhspoti	prhsp8t8	ព្រហស្បតិ៍	Thursday
prhspote	prhsp8t8	ព្រហស្បតិ៍	Thursday
prhspodi	prhsp8d8	ព្រហស្បតិ៍	Thursday
prhspode	prhsp8d8	ព្រហស្បតិ៍	Thursday
prhspati	prhsp8t8	ព្រហស្បតិ៍	Thursday
prhspate	prhsp8t8	ព្រហស្បតិ៍	Thursday
prhspadi	prhsp8d8	ព្រហស្បតិ៍	Thursday
prhspade	prhsp8d8	ព្រហស្បតិ៍	Thursday
prhosbti	prh8sbt8	ព្រហស្បតិ៍	Thursday
prhosbte	prh8sbt8	ព្រហស្បតិ៍	Thursday
prhosbdi	prh8sbd8	ព្រហស្បតិ៍	Thursday
prhosbde	prh8sbd8	ព្រហស្បតិ៍	Thursday
prhosboti	prh8sb8t8	ព្រហស្បតិ៍	Thursday
prhosbote	prh8sb8t8	ព្រហស្បតិ៍	Thursday
prhosbodi	prh8sb8d8	ព្រហស្បតិ៍	Thursday
prhosbode	prh8sb8d8	ព្រហស្បតិ៍	Thursday
prhosbati	prh8sb8t8	ព្រហស្បតិ៍	Thursday
prhosbate	prh8sb8t8	ព្រហស្បតិ៍	Thursday
prhosbadi	prh8sb8d8	ព្រហស្បតិ៍	Thursday
prhosbade	prh8sb8d8	ព្រហស្បតិ៍	Thursday
prhospti	prh8spt8	ព្រហស្បតិ៍	Thursday
prhospte	prh8spt8	ព្រហស្បតិ៍	Thursday
prhospdi	prh8spd8	ព្រហស្បតិ៍	Thursday
prhospde	prh8spd8	ព្រហស្បតិ៍	Thursday
prhospoti	prh8sp8t8	ព្រហស្បតិ៍	Thursday
prhospote	prh8sp8t8	ព្រហស្បតិ៍	Thursday
prhospodi	prh8sp8d8	ព្រហស្បតិ៍	Thursday
prhospode	prh8sp8d8	ព្រហស្បតិ៍	Thursday
prhospati	prh8sp8t8	ព្រហស្បតិ៍	Thursday
prhospate	prh8sp8t8	ព្រហស្បតិ៍	Thursday
prhospadi	prh8sp8d8	ព្រហស្បតិ៍	Thursday
prhospade	prh8sp8d8	ព្រហស្បតិ៍	Thursday
prhasbti	prh8sbt8	ព្រហស្បតិ៍	Thursday
prhasbte	prh8sbt8	ព្រហស្បតិ៍	Thursday
prhasbdi	prh8sbd8	ព្រហស្បតិ៍	Thursday
prhasbde	prh8sbd8	ព្រហស្បតិ៍	Thursday
prhasboti	prh8sb8t8	ព្រហស្បតិ៍	Thursday
prhasbote	prh8sb8t8	ព្រហស្បតិ៍	Thursday
prhasbodi	prh8sb8d8	ព្រហស្បតិ៍	Thursday
prhasbode	prh8sb8d8	ព្រហស្បតិ៍	Thursday
prhasbati	prh8sb8t8	ព្រហស្បតិ៍	Thursday
prhasbate	prh8sb8t8	ព្រហស្បតិ៍	Thursday
prhasbadi	prh8sb8d8	ព្រហស្បតិ៍	Thursday
prhasbade	prh8sb8d8	ព្រហស្បតិ៍	Thursday
prhaspti	prh8spt8	ព្រហស្បតិ៍	Thursday
prhaspte	prh8spt8	ព្រហស្បតិ៍	Thursday
prhaspdi	prh8spd8	ព្រហស្បតិ៍	Thursday
prhaspde	prh8spd8	ព្រហស្បតិ៍	Thursday
prhaspoti	prh8sp8t8	ព្រហស្បតិ៍	Thursday
prhaspote	prh8sp8t8	ព្រហស្បតិ៍	Thursday
prhaspodi	prh8sp8d8	ព្រហស្បតិ៍	Thursday
prhaspode	prh8sp8d8	ព្រហស្បតិ៍	Thursday
prhaspati	prh8sp8t8	ព្រហស្បតិ៍	Thursday
prhaspate	prh8sp8t8	ព្រហស្បតិ៍	Thursday
prhaspadi	prh8sp8d8	ព្រហស្បតិ៍	Thursday
prhaspade	prh8sp8d8	ព្រហស្បតិ៍	Thursday
prohsbti	pr8hsbt8	ព្រហស្បតិ៍	Thursday
prohsbte	pr8hsbt8	ព្រហស្បតិ៍	Thursday
prohsbdi	pr8hsbd8	ព្រហស្បតិ៍	Thursday
prohsbde	pr8hsbd8	ព្រហស្បតិ៍	Thursday
prohsboti	pr8hsb8t8	ព្រហស្បតិ៍	Thursday
prohsbote	pr8hsb8t8	ព្រហស្បតិ៍	Thursday
prohsbodi	pr8hsb8d8	ព្រហស្បតិ៍	Thursday
prohsbode	pr8hsb8d8	ព្រហស្បតិ៍	Thursday
prohsbati	pr8hsb8t8	ព្រហស្បតិ៍	Thursday
prohsbate	pr8hsb8t8	ព្រហស្បតិ៍	Thursday
prohsbadi	pr8hsb8d8	ព្រហស្បតិ៍	Thursday
prohsbade	pr8hsb8d8	ព្រហស្បតិ៍	Thursday
prohspti	pr8hspt8	ព្រហស្បតិ៍	Thursday
prohspte	pr8hspt8	ព្រហស្បតិ៍	Thursday
prohspdi	pr8hspd8	ព្រហស្បតិ៍	Thursday
prohspde	pr8hspd8	ព្រហស្បតិ៍	Thursday
prohspoti	pr8hsp8t8	ព្រហស្បតិ៍	Thursday
prohspote	pr8hsp8t8	ព្រហស្បតិ៍	Thursday
prohspodi	pr8hsp8d8	ព្រហស្បតិ៍	Thursday
prohspode	pr8hsp8d8	ព្រហស្បតិ៍	Thursday
prohspati	pr8hsp8t8	ព្រហស្បតិ៍	Thursday
prohspate	pr8hsp8t8	ព្រហស្បតិ៍	Thursday
prohspadi	pr8hsp8d8	ព្រហស្បតិ៍	Thursday
prohspade	pr8hsp8d8	ព្រហស្បតិ៍	Thursday
prohosbti	pr8h8sbt8	ព្រហស្បតិ៍	Thursday
prohosbte	pr8h8sbt8	ព្រហស្បតិ៍	Thursday
prohosbdi	pr8h8sbd8	ព្រហស្បតិ៍	Thursday
prohosbde	pr8h8sbd8	ព្រហស្បតិ៍	Thursday
prohosboti	pr8h8sb8t8	ព្រហស្បតិ៍	Thursday
prohosbote	pr8h8sb8t8	ព្រហស្បតិ៍	Thursday
prohosbodi	pr8h8sb8d8	ព្រហស្បតិ៍	Thursday
prohosbode	pr8h8sb8d8	ព្រហស្បតិ៍	Thursday
prohosbati	pr8h8sb8t8	ព្រហស្បតិ៍	Thursday
prohosbate	pr8h8sb8t8	ព្រហស្បតិ៍	Thursday
prohosbadi	pr8h8sb8d8	ព្រហស្បតិ៍	Thursday
prohosbade	pr8h8sb8d8	ព្រហស្បតិ៍	Thursday
prohospti	pr8h8spt8	ព្រហស្បតិ៍	Thursday
prohospte	pr8h8spt8	ព្រហស្បតិ៍	Thursday
prohospdi	pr8h8spd8	ព្រហស្បតិ៍	Thursday
prohospde	pr8h8spd8	ព្រហស្បតិ៍	Thursday
prohospoti	pr8h8sp8t8	ព្រហស្បតិ៍	Thursday
prohospote	pr8h8sp8t8	ព្រហស្បតិ៍	Thursday
prohospodi	pr8h8sp8d8	ព្រហស្បតិ៍	Thursday
prohospode	pr8h8sp8d8	ព្រហស្បតិ៍	Thursday
prohospati	pr8h8sp8t8	ព្រហស្បតិ៍	Thursday
prohospate	pr8h8sp8t8	ព្រហស្បតិ៍	Thursday
prohospadi	pr8h8sp8d8	ព្រហស្បតិ៍	Thursday
prohospade	pr8h8sp8d8	ព្រហស្បតិ៍	Thursday
prohos	pr8h8s	ព្រហស្បតិ៍	Thursday
prohoah	pr8h8h	ព្រហស្បតិ៍	Thursday
sukr	s8kr	សុក្រ	Friday
sokr	s8kr	សុក្រ	Friday
sok	s8k	សុក្រ	Friday
sokra	s8kr8	សុក្រ	Friday
sovr	s8vr	សៅរ៍	Saturday
saur	s8r	សៅរ៍	Saturday
sowr	s8wr	សៅរ៍	Saturday
savr	s8vr	សៅរ៍	Saturday
sav	s8v	សៅរ៍	Saturday
saov	s8v	សៅរ៍	Saturday
sao	s8	សៅរ៍	Saturday
aatity	8t8t8	អាទិត្យ	Sunday / week
aatidy	8t8d8	អាទិត្យ	Sunday / week
aatety	8t8t8	អាទិត្យ	Sunday / week
aatedy	8t8d8	អាទិត្យ	Sunday / week
aadity	8d8t8	អាទិត្យ	Sunday / week
aadidy	8d8d8	អាទិត្យ	Sunday / week
aadety	8d8t8	អាទិត្យ	Sunday / week
aadedy	8d8d8	អាទិត្យ	Sunday / week
aaddity	8dd8t8	អាទិត្យ	Sunday / week
aaddidy	8dd8d8	អាទិត្យ	Sunday / week
aaddety	8dd8t8	អាទិត្យ	Sunday / week
aaddedy	8dd8d8	អាទិត្យ	Sunday / week
aeatity	8t8t8	អាទិត្យ	Sunday / week
aeatidy	8t8d8	អាទិត្យ	Sunday / week
aeatety	8t8t8	អាទិត្យ	Sunday / week
aeatedy	8t8d8	អាទិត្យ	Sunday / week
aeadity	8d8t8	អាទិត្យ	Sunday / week
aeadidy	8d8d8	អាទិត្យ	Sunday / week
aeadety	8d8t8	អាទិត្យ	Sunday / week
aeadedy	8d8d8	អាទិត្យ	Sunday / week
aeaddity	8dd8t8	អាទិត្យ	Sunday / week
aeaddidy	8dd8d8	អាទិត្យ	Sunday / week
aeaddety	8dd8t8	អាទិត្យ	Sunday / week
aeaddedy	8dd8d8	អាទិត្យ	Sunday / week
aaatity	8t8t8	អាទិត្យ	Sunday / week
aaatidy	8t8d8	អាទិត្យ	Sunday / week
aaatety	8t8t8	អាទិត្យ	Sunday / week
aaatedy	8t8d8	អាទិត្យ	Sunday / week
aaadity	8d8t8	អាទិត្យ	Sunday / week
aaadidy	8d8d8	អាទិត្យ	Sunday / week
aaadety	8d8t8	អាទិត្យ	Sunday / week
aaadedy	8d8d8	អាទិត្យ	Sunday / week
aaaddity	8dd8t8	អាទិត្យ	Sunday / week
aaaddidy	8dd8d8	អាទិត្យ	Sunday / week
aaaddety	8dd8t8	អាទិត្យ	Sunday / week
aaaddedy	8dd8d8	អាទិត្យ	Sunday / week
oatity	8t8t8	អាទិត្យ	Sunday / week
oatidy	8t8d8	អាទិត្យ	Sunday / week
oatety	8t8t8	អាទិត្យ	Sunday / week
oatedy	8t8d8	អាទិត្យ	Sunday / week
oadity	8d8t8	អាទិត្យ	Sunday / week
oadidy	8d8d8	អាទិត្យ	Sunday / week
oadety	8d8t8	អាទិត្យ	Sunday / week
oadedy	8d8d8	អាទិត្យ	Sunday / week
oaddity	8dd8t8	អាទិត្យ	Sunday / week
oaddidy	8dd8d8	អាទិត្យ	Sunday / week
oaddety	8dd8t8	អាទិត្យ	Sunday / week
oaddedy	8dd8d8	អាទិត្យ	Sunday / week
oeatity	8t8t8	អាទិត្យ	Sunday / week
oeatidy	8t8d8	អាទិត្យ	Sunday / week
oeatety	8t8t8	អាទិត្យ	Sunday / week
oeatedy	8t8d8	អាទិត្យ	Sunday / week
oeadity	8d8t8	អាទិត្យ	Sunday / week
oeadidy	8d8d8	អាទិត្យ	Sunday / week
oeadety	8d8t8	អាទិត្យ	Sunday / week
oeadedy	8d8d8	អាទិត្យ	Sunday / week
oeaddity	8dd8t8	អាទិត្យ	Sunday / week
oeaddidy	8dd8d8	អាទិត្យ	Sunday / week
oeaddety	8dd8t8	អាទិត្យ	Sunday / week
oeaddedy	8dd8d8	អាទិត្យ	Sunday / week
oaatity	8t8t8	អាទិត្យ	Sunday / week
oaatidy	8t8d8	អាទិត្យ	Sunday / week
oaatety	8t8t8	អាទិត្យ	Sunday / week
oaatedy	8t8d8	អាទិត្យ	Sunday / week
oaadity	8d8t8	អាទិត្យ	Sunday / week
oaadidy	8d8d8	អាទិត្យ	Sunday / week
oaadety	8d8t8	អាទិត្យ	Sunday / week
oaadedy	8d8d8	អាទិត្យ	Sunday / week
oaaddity	8dd8t8	អាទិត្យ	Sunday / week
oaaddidy	8dd8d8	អាទិត្យ	Sunday / week
oaaddety	8dd8t8	អាទិត្យ	Sunday / week
oaaddedy	8dd8d8	អាទិត្យ	Sunday / week
qatity	q8t8t8	អាទិត្យ	Sunday / week
qatidy	q8t8d8	អាទិត្យ	Sunday / week
qatety	q8t8t8	អាទិត្យ	Sunday / week
qatedy	q8t8d8	អាទិត្យ	Sunday / week
qadity	q8d8t8	អាទិត្យ	Sunday / week
qadidy	q8d8d8	អាទិត្យ	Sunday / week
qadety	q8d8t8	អាទិត្យ	Sunday / week
qadedy	q8d8d8	អាទិត្យ	Sunday / week
qaddity	q8dd8t8	អាទិត្យ	Sunday / week
qaddidy	q8dd8d8	អាទិត្យ	Sunday / week
qaddety	q8dd8t8	អាទិត្យ	Sunday / week
qaddedy	q8dd8d8	អាទិត្យ	Sunday / week
qeatity	q8t8t8	អាទិត្យ	Sunday / week
qeatidy	q8t8d8	អាទិត្យ	Sunday / week
qeatety	q8t8t8	អាទិត្យ	Sunday / week
qeatedy	q8t8d8	អាទិត្យ	Sunday / week
qeadity	q8d8t8	អាទិត្យ	Sunday / week
qeadidy	q8d8d8	អាទិត្យ	Sunday / week
qeadety	q8d8t8	អាទិត្យ	Sunday / week
qeadedy	q8d8d8	អាទិត្យ	Sunday / week
qeaddity	q8dd8t8	អាទិត្យ	Sunday / week
qeaddidy	q8dd8d8	អាទិត្យ	Sunday / week
qeaddety	q8dd8t8	អាទិត្យ	Sunday / week
qeaddedy	q8dd8d8	អាទិត្យ	Sunday / week
qaatity	q8t8t8	អាទិត្យ	Sunday / week
qaatidy	q8t8d8	អាទិត្យ	Sunday / week
qaatety	q8t8t8	អាទិត្យ	Sunday / week
qaatedy	q8t8d8	អាទិត្យ	Sunday / week
qaadity	q8d8t8	អាទិត្យ	Sunday / week
qaadidy	q8d8d8	អាទិត្យ	Sunday / week
qaadety	q8d8t8	អាទិត្យ	Sunday / week
qaadedy	q8d8d8	អាទិត្យ	Sunday / week
qaaddity	q8dd8t8	អាទិត្យ	Sunday / week
qaaddidy	q8dd8d8	អាទិត្យ	Sunday / week
qaaddety	q8dd8t8	អាទិត្យ	Sunday / week
qaaddedy	q8dd8d8	អាទិត្យ	Sunday / week
atity	8t8t8	អាទិត្យ	Sunday / week
atidy	8t8d8	អាទិត្យ	Sunday / week
atety	8t8t8	អាទិត្យ	Sunday / week
atedy	8t8d8	អាទិត្យ	Sunday / week
adity	8d8t8	អាទិត្យ	Sunday / week
adidy	8d8d8	អាទិត្យ	Sunday / week
adety	8d8t8	អាទិត្យ	Sunday / week
adedy	8d8d8	អាទិត្យ	Sunday / week
addity	8dd8t8	អាទិត្យ	Sunday / week
addidy	8dd8d8	អាទិត្យ	Sunday / week
addety	8dd8t8	អាទិត្យ	Sunday / week
addedy	8dd8d8	អាទិត្យ	Sunday / week
atit	8t8t	អាទិត្យ	Sunday / week
phasa	ph8s8	ភាសា	language
phasea	ph8s8	ភាសា	language
phasaa	ph8s8	ភាសា	language
pheasa	ph8s8	ភាសា	language
pheasea	ph8s8	ភាសា	language
pheasaa	ph8s8	ភាសា	language
phaasa	ph8s8	ភាសា	language
phaasea	ph8s8	ភាសា	language
phaasaa	ph8s8	ភាសា	language
bhasa	bh8s8	ភាសា	language
bhasea	bh8s8	ភាសា	language
bhasaa	bh8s8	ភាសា	language
bheasa	bh8s8	ភាសា	language
bheasea	bh8s8	ភាសា	language
bheasaa	bh8s8	ភាសា	language
bhaasa	bh8s8	ភាសា	language
bhaasea	bh8s8	ភាសា	language
bhaasaa	bh8s8	ភាសា	language
phiesa	ph8s8	ភាសា	language
phasakhmaer	ph8s8khm8r	ភាសាខ្មែរ	Khmer language
phasakhmer	ph8s8khm8r	ភាសាខ្មែរ	Khmer language
phasakhmear	ph8s8khm8r	ភាសាខ្មែរ	Khmer language
phaseakhmaer	ph8s8khm8r	ភាសាខ្មែរ	Khmer language
phaseakhmer	ph8s8khm8r	ភាសាខ្មែរ	Khmer language
phaseakhmear	ph8s8khm8r	ភាសាខ្មែរ	Khmer language
phasaakhmaer	ph8s8khm8r	ភាសាខ្មែរ	Khmer language
phasaakhmer	ph8s8khm8r	ភាសាខ្មែរ	Khmer language
phasaakhmear	ph8s8khm8r	ភាសាខ្មែរ	Khmer language
pheasakhmaer	ph8s8khm8r	ភាសាខ្មែរ	Khmer language
pheasakhmer	ph8s8khm8r	ភាសាខ្មែរ	Khmer language
pheasakhmear	ph8s8khm8r	ភាសាខ្មែរ	Khmer language
pheaseakhmaer	ph8s8khm8r	ភាសាខ្មែរ	Khmer language
pheaseakhmer	ph8s8khm8r	ភាសាខ្មែរ	Khmer language
pheaseakhmear	ph8s8khm8r	ភាសាខ្មែរ	Khmer language
pheasaakhmaer	ph8s8khm8r	ភាសាខ្មែរ	Khmer language
pheasaakhmer	ph8s8khm8r	ភាសាខ្មែរ	Khmer language
pheasaakhmear	ph8s8khm8r	ភាសាខ្មែរ	Khmer language
phaasakhmaer	ph8s8khm8r	ភាសាខ្មែរ	Khmer language
phaasakhmer	ph8s8khm8r	ភាសាខ្មែរ	Khmer language
phaasakhmear	ph8s8khm8r	ភាសាខ្មែរ	Khmer language
phaaseakhmaer	ph8s8khm8r	ភាសាខ្មែរ	Khmer language
phaaseakhmer	ph8s8khm8r	ភាសាខ្មែរ	Khmer language
phaaseakhmear	ph8s8khm8r	ភាសាខ្មែរ	Khmer language
phaasaakhmaer	ph8s8khm8r	ភាសាខ្មែរ	Khmer language
phaasaakhmer	ph8s8khm8r	ភាសាខ្មែរ	Khmer language
phaasaakhmear	ph8s8khm8r	ភាសាខ្មែរ	Khmer language
bhasakhmaer	bh8s8khm8r	ភាសាខ្មែរ	Khmer language
bhasakhmer	bh8s8khm8r	ភាសាខ្មែរ	Khmer language
bhasakhmear	bh8s8khm8r	ភាសាខ្មែរ	Khmer language
bhaseakhmaer	bh8s8khm8r	ភាសាខ្មែរ	Khmer language
bhaseakhmer	bh8s8khm8r	ភាសាខ្មែរ	Khmer language
bhaseakhmear	bh8s8khm8r	ភាសាខ្មែរ	Khmer language
bhasaakhmaer	bh8s8khm8r	ភាសាខ្មែរ	Khmer language
bhasaakhmer	bh8s8khm8r	ភាសាខ្មែរ	Khmer language
bhasaakhmear	bh8s8khm8r	ភាសាខ្មែរ	Khmer language
bheasakhmaer	bh8s8khm8r	ភាសាខ្មែរ	Khmer language
bheasakhmer	bh8s8khm8r	ភាសាខ្មែរ	Khmer language
bheasakhmear	bh8s8khm8r	ភាសាខ្មែរ	Khmer language
bheaseakhmaer	bh8s8khm8r	ភាសាខ្មែរ	Khmer language
bheaseakhmer	bh8s8khm8r	ភាសាខ្មែរ	Khmer language
bheaseakhmear	bh8s8khm8r	ភាសាខ្មែរ	Khmer language
bheasaakhmaer	bh8s8khm8r	ភាសាខ្មែរ	Khmer language
bheasaakhmer	bh8s8khm8r	ភាសាខ្មែរ	Khmer language
bheasaakhmear	bh8s8khm8r	ភាសាខ្មែរ	Khmer language
bhaasakhmaer	bh8s8khm8r	ភាសាខ្មែរ	Khmer language
bhaasakhmer	bh8s8khm8r	ភាសាខ្មែរ	Khmer language
bhaasakhmear	bh8s8khm8r	ភាសាខ្មែរ	Khmer language
bhaaseakhmaer	bh8s8khm8r	ភាសាខ្មែរ	Khmer language
bhaaseakhmer	bh8s8khm8r	ភាសាខ្មែរ	Khmer language
bhaaseakhmear	bh8s8khm8r	ភាសាខ្មែរ	Khmer language
bhaasaakhmaer	bh8s8khm8r	ភាសាខ្មែរ	Khmer language
bhaasaakhmer	bh8s8khm8r	ភាសាខ្មែរ	Khmer language
bhaasaakhmear	bh8s8khm8r	ភាសាខ្មែរ	Khmer language
pheasakhmae	ph8s8khm8	ភាសាខ្មែរ	Khmer language
phiesakhmer	ph8s8khm8r	ភាសាខ្មែរ	Khmer language
khmaer	khm8r	ខ្មែរ	Khmer
khmer	khm8r	ខ្មែរ	Khmer
khmear	khm8r	ខ្មែរ	Khmer
khmae	khm8	ខ្មែរ	Khmer
kmae	km8	ខ្មែរ	Khmer
kmpucha	kmp8ch8	កម្ពុជា	Cambodia
kmpuchea	kmp8ch8	កម្ពុជា	Cambodia
kmpuchaa	kmp8ch8	កម្ពុជា	Cambodia
kmpuja	kmp8j8	កម្ពុជា	Cambodia
kmpujea	kmp8j8	កម្ពុជា	Cambodia
kmpujaa	kmp8j8	កម្ពុជា	Cambodia
kmpocha	kmp8ch8	កម្ពុជា	Cambodia
kmpochea	kmp8ch8	កម្ពុជា	Cambodia
kmpochaa	kmp8ch8	កម្ពុជា	Cambodia
kmpoja	kmp8j8	កម្ពុជា	Cambodia
kmpojea	kmp8j8	កម្ពុជា	Cambodia
kmpojaa	kmp8j8	កម្ពុជា	Cambodia
kmbucha	kmb8ch8	កម្ពុជា	Cambodia
kmbuchea	kmb8ch8	កម្ពុជា	Cambodia
kmbuchaa	kmb8ch8	កម្ពុជា	Cambodia
kmbuja	kmb8j8	កម្ពុជា	Cambodia
kmbujea	kmb8j8	កម្ពុជា	Cambodia
kmbujaa	kmb8j8	កម្ពុជា	Cambodia
kmbocha	kmb8ch8	កម្ពុជា	Cambodia
kmbochea	kmb8ch8	កម្ពុជា	Cambodia
kmbochaa	kmb8ch8	កម្ពុជា	Cambodia
kmboja	kmb8j8	កម្ពុជា	Cambodia
kmbojea	kmb8j8	កម្ពុជា	Cambodia
kmbojaa	kmb8j8	កម្ពុជា	Cambodia
kompucha	k8mp8ch8	កម្ពុជា	Cambodia
kompuchea	k8mp8ch8	កម្ពុជា	Cambodia
kompuchaa	k8mp8ch8	កម្ពុជា	Cambodia
kompuja	k8mp8j8	កម្ពុជា	Cambodia
kompujea	k8mp8j8	កម្ពុជា	Cambodia
kompujaa	k8mp8j8	កម្ពុជា	Cambodia
kompocha	k8mp8ch8	កម្ពុជា	Cambodia
kompochea	k8mp8ch8	កម្ពុជា	Cambodia
kompochaa	k8mp8ch8	កម្ពុជា	Cambodia
kompoja	k8mp8j8	កម្ពុជា	Cambodia
kompojea	k8mp8j8	កម្ពុជា	Cambodia
kompojaa	k8mp8j8	កម្ពុជា	Cambodia
kombucha	k8mb8ch8	កម្ពុជា	Cambodia
kombuchea	k8mb8ch8	កម្ពុជា	Cambodia
kombuchaa	k8mb8ch8	កម្ពុជា	Cambodia
kombuja	k8mb8j8	កម្ពុជា	Cambodia
kombujea	k8mb8j8	កម្ពុជា	Cambodia
kombujaa	k8mb8j8	កម្ពុជា	Cambodia
kombocha	k8mb8ch8	កម្ពុជា	Cambodia
kombochea	k8mb8ch8	កម្ពុជា	Cambodia
kombochaa	k8mb8ch8	កម្ពុជា	Cambodia
komboja	k8mb8j8	កម្ពុជា	Cambodia
kombojea	k8mb8j8	កម្ពុជា	Cambodia
kombojaa	k8mb8j8	កម្ពុជា	Cambodia
kampucha	k8mp8ch8	កម្ពុជា	Cambodia
kampuchea	k8mp8ch8	កម្ពុជា	Cambodia
kampuchaa	k8mp8ch8	កម្ពុជា	Cambodia
kampuja	k8mp8j8	កម្ពុជា	Cambodia
kampujea	k8mp8j8	កម្ពុជា	Cambodia
kampujaa	k8mp8j8	កម្ពុជា	Cambodia
kampocha	k8mp8ch8	កម្ពុជា	Cambodia
kampochea	k8mp8ch8	កម្ពុជា	Cambodia
kampochaa	k8mp8ch8	កម្ពុជា	Cambodia
kampoja	k8mp8j8	កម្ពុជា	Cambodia
kampojea	k8mp8j8	កម្ពុជា	Cambodia
kampojaa	k8mp8j8	កម្ពុជា	Cambodia
kambucha	k8mb8ch8	កម្ពុជា	Cambodia
kambuchea	k8mb8ch8	កម្ពុជា	Cambodia
kambuchaa	k8mb8ch8	កម្ពុជា	Cambodia
kambuja	k8mb8j8	កម្ពុជា	Cambodia
kambujea	k8mb8j8	កម្ពុជា	Cambodia
kambujaa	k8mb8j8	កម្ពុជា	Cambodia
kambocha	k8mb8ch8	កម្ពុជា	Cambodia
kambochea	k8mb8ch8	កម្ពុជា	Cambodia
kambochaa	k8mb8ch8	កម្ពុជា	Cambodia
kamboja	k8mb8j8	កម្ពុជា	Cambodia
kambojea	k8mb8j8	កម្ពុជា	Cambodia
kambojaa	k8mb8j8	កម្ពុជា	Cambodia
phnampenh	phn8mp8nh	ភ្នំពេញ	Phnom Penh
phnampeny	phn8mp8n8	ភ្នំពេញ	Phnom Penh
phnampeinh	phn8mp8nh	ភ្នំពេញ	Phnom Penh
phnampeiny	phn8mp8n8	ភ្នំពេញ	Phnom Penh
phnambenh	phn8mb8nh	ភ្នំពេញ	Phnom Penh
phnambeny	phn8mb8n8	ភ្នំពេញ	Phnom Penh
phnambeinh	phn8mb8nh	ភ្នំពេញ	Phnom Penh
phnambeiny	phn8mb8n8	ភ្នំពេញ	Phnom Penh
phnompenh	phn8mp8nh	ភ្នំពេញ	Phnom Penh
phnompeny	phn8mp8n8	ភ្នំពេញ	Phnom Penh
phnompeinh	phn8mp8nh	ភ្នំពេញ	Phnom Penh
phnompeiny	phn8mp8n8	ភ្នំពេញ	Phnom Penh
phnombenh	phn8mb8nh	ភ្នំពេញ	Phnom Penh
phnombeny	phn8mb8n8	ភ្នំពេញ	Phnom Penh
phnombeinh	phn8mb8nh	ភ្នំពេញ	Phnom Penh
phnombeiny	phn8mb8n8	ភ្នំពេញ	Phnom Penh
phnumpenh	phn8mp8nh	ភ្នំពេញ	Phnom Penh
phnumpeny	phn8mp8n8	ភ្នំពេញ	Phnom Penh
phnumpeinh	phn8mp8nh	ភ្នំពេញ	Phnom Penh
phnumpeiny	phn8mp8n8	ភ្នំពេញ	Phnom Penh
phnumbenh	phn8mb8nh	ភ្នំពេញ	Phnom Penh
phnumbeny	phn8mb8n8	ភ្នំពេញ	Phnom Penh
phnumbeinh	phn8mb8nh	ភ្នំពេញ	Phnom Penh
phnumbeiny	phn8mb8n8	ភ្នំពេញ	Phnom Penh
bhnampenh	bhn8mp8nh	ភ្នំពេញ	Phnom Penh
bhnampeny	bhn8mp8n8	ភ្នំពេញ	Phnom Penh
bhnampeinh	bhn8mp8nh	ភ្នំពេញ	Phnom Penh
bhnampeiny	bhn8mp8n8	ភ្នំពេញ	Phnom Penh
bhnambenh	bhn8mb8nh	ភ្នំពេញ	Phnom Penh
bhnambeny	bhn8mb8n8	ភ្នំពេញ	Phnom Penh
bhnambeinh	bhn8mb8nh	ភ្នំពេញ	Phnom Penh
bhnambeiny	bhn8mb8n8	ភ្នំពេញ	Phnom Penh
bhnompenh	bhn8mp8nh	ភ្នំពេញ	Phnom Penh
bhnompeny	bhn8mp8n8	ភ្នំពេញ	Phnom Penh
bhnompeinh	bhn8mp8nh	ភ្នំពេញ	Phnom Penh
bhnompeiny	bhn8mp8n8	ភ្នំពេញ	Phnom Penh
bhnombenh	bhn8mb8nh	ភ្នំពេញ	Phnom Penh
bhnombeny	bhn8mb8n8	ភ្នំពេញ	Phnom Penh
bhnombeinh	bhn8mb8nh	ភ្នំពេញ	Phnom Penh
bhnombeiny	bhn8mb8n8	ភ្នំពេញ	Phnom Penh
bhnumpenh	bhn8mp8nh	ភ្នំពេញ	Phnom Penh
bhnumpeny	bhn8mp8n8	ភ្នំពេញ	Phnom Penh
bhnumpeinh	bhn8mp8nh	ភ្នំពេញ	Phnom Penh
bhnumpeiny	bhn8mp8n8	ភ្នំពេញ	Phnom Penh
bhnumbenh	bhn8mb8nh	ភ្នំពេញ	Phnom Penh
bhnumbeny	bhn8mb8n8	ភ្នំពេញ	Phnom Penh
bhnumbeinh	bhn8mb8nh	ភ្នំពេញ	Phnom Penh
bhnumbeiny	bhn8mb8n8	ភ្នំពេញ	Phnom Penh
pnompenh	pn8mp8nh	ភ្នំពេញ	Phnom Penh
siemrab	s8mr8b	សៀមរាប	Siem Reap
siemrap	s8mr8p	សៀមរាប	Siem Reap
siemreab	s8mr8b	សៀមរាប	Siem Reap
siemreap	s8mr8p	សៀមរាប	Siem Reap
siemraab	s8mr8b	សៀមរាប	Siem Reap
siemraap	s8mr8p	សៀមរាប	Siem Reap
siemorab	s8m8r8b	សៀមរាប	Siem Reap
siemorap	s8m8r8p	សៀមរាប	Siem Reap
siemoreab	s8m8r8b	សៀមរាប	Siem Reap
siemoreap	s8m8r8p	សៀមរាប	Siem Reap
siemoraab	s8m8r8b	សៀមរាប	Siem Reap
siemoraap	s8m8r8p	សៀមរាប	Siem Reap
siemarab	s8m8r8b	សៀមរាប	Siem Reap
siemarap	s8m8r8p	សៀមរាប	Siem Reap
siemareab	s8m8r8b	សៀមរាប	Siem Reap
siemareap	s8m8r8p	សៀមរាប	Siem Reap
siemaraab	s8m8r8b	សៀមរាប	Siem Reap
siemaraap	s8m8r8p	សៀមរាប	Siem Reap
seamrab	s8mr8b	សៀមរាប	Siem Reap
seamrap	s8mr8p	សៀមរាប	Siem Reap
seamreab	s8mr8b	សៀមរាប	Siem Reap
seamreap	s8mr8p	សៀមរាប	Siem Reap
seamraab	s8mr8b	សៀមរាប	Siem Reap
seamraap	s8mr8p	សៀមរាប	Siem Reap
seamorab	s8m8r8b	សៀមរាប	Siem Reap
seamorap	s8m8r8p	សៀមរាប	Siem Reap
seamoreab	s8m8r8b	សៀមរាប	Siem Reap
seamoreap	s8m8r8p	សៀមរាប	Siem Reap
seamoraab	s8m8r8b	សៀមរាប	Siem Reap
seamoraap	s8m8r8p	សៀមរាប	Siem Reap
seamarab	s8m8r8b	សៀមរាប	Siem Reap
seamarap	s8m8r8p	សៀមរាប	Siem Reap
seamareab	s8m8r8b	សៀមរាប	Siem Reap
seamareap	s8m8r8p	សៀមរាប	Siem Reap
seamaraab	s8m8r8b	សៀមរាប	Siem Reap
seamaraap	s8m8r8p	សៀមរាប	Siem Reap
semreap	s8mr8p	សៀមរាប	Siem Reap
angkrvtt	8ngkrvtt	អង្គរវត្ត	Angkor Wat
angkrvtd	8ngkrvtd	អង្គរវត្ត	Angkor Wat
angkrvdt	8ngkrvdt	អង្គរវត្ត	Angkor Wat
angkrvdd	8ngkrvdd	អង្គរវត្ត	Angkor Wat
angkrvott	8ngkrv8tt	អង្គរវត្ត	Angkor Wat
angkrvotd	8ngkrv8td	អង្គរវត្ត	Angkor Wat
angkrvodt	8ngkrv8dt	អង្គរវត្ត	Angkor Wat
angkrvodd	8ngkrv8dd	អង្គរវត្ត	Angkor Wat
angkrvatt	8ngkrv8tt	អង្គរវត្ត	Angkor Wat
angkrvatd	8ngkrv8td	អង្គរវត្ត	Angkor Wat
angkrvadt	8ngkrv8dt	អង្គរវត្ត	Angkor Wat
angkrvadd	8ngkrv8dd	អង្គរវត្ត	Angkor Wat
angkrwtt	8ngkrwtt	អង្គរវត្ត	Angkor Wat
angkrwtd	8ngkrwtd	អង្គរវត្ត	Angkor Wat
angkrwdt	8ngkrwdt	អង្គរវត្ត	Angkor Wat
angkrwdd	8ngkrwdd	អង្គរវត្ត	Angkor Wat
angkrwott	8ngkrw8tt	អង្គរវត្ត	Angkor Wat
angkrwotd	8ngkrw8td	អង្គរវត្ត	Angkor Wat
angkrwodt	8ngkrw8dt	អង្គរវត្ត	Angkor Wat
angkrwodd	8ngkrw8dd	អង្គរវត្ត	Angkor Wat
angkrwatt	8ngkrw8tt	អង្គរវត្ត	Angkor Wat
angkrwatd	8ngkrw8td	អង្គរវត្ត	Angkor Wat
angkrwadt	8ngkrw8dt	អង្គរវត្ត	Angkor Wat
angkrwadd	8ngkrw8dd	អង្គរវត្ត	Angkor Wat
angkrovtt	8ngkr8vtt	អង្គរវត្ត	Angkor Wat
angkrovtd	8ngkr8vtd	អង្គរវត្ត	Angkor Wat
angkrovdt	8ngkr8vdt	អង្គរវត្ត	Angkor Wat
angkrovdd	8ngkr8vdd	អង្គរវត្ត	Angkor Wat
angkrovott	8ngkr8v8tt	អង្គរវត្ត	Angkor Wat
angkrovotd	8ngkr8v8td	អង្គរវត្ត	Angkor Wat
angkrovodt	8ngkr8v8dt	អង្គរវត្ត	Angkor Wat
angkrovodd	8ngkr8v8dd	អង្គរវត្ត	Angkor Wat
angkrovatt	8ngkr8v8tt	អង្គរវត្ត	Angkor Wat
angkrovatd	8ngkr8v8td	អង្គរវត្ត	Angkor Wat
angkrovadt	8ngkr8v8dt	អង្គរវត្ត	Angkor Wat
angkrovadd	8ngkr8v8dd	អង្គរវត្ត	Angkor Wat
angkrowtt	8ngkr8wtt	អង្គរវត្ត	Angkor Wat
angkrowtd	8ngkr8wtd	អង្គរវត្ត	Angkor Wat
angkrowdt	8ngkr8wdt	អង្គរវត្ត	Angkor Wat
angkrowdd	8ngkr8wdd	អង្គរវត្ត	Angkor Wat
angkrowott	8ngkr8w8tt	អង្គរវត្ត	Angkor Wat
angkrowotd	8ngkr8w8td	អង្គរវត្ត	Angkor Wat
angkrowodt	8ngkr8w8dt	អង្គរវត្ត	Angkor Wat
angkrowodd	8ngkr8w8dd	អង្គរវត្ត	Angkor Wat
angkrowatt	8ngkr8w8tt	អង្គរវត្ត	Angkor Wat
angkrowatd	8ngkr8w8td	អង្គរវត្ត	Angkor Wat
angkrowadt	8ngkr8w8dt	អង្គរវត្ត	Angkor Wat
angkrowadd	8ngkr8w8dd	អង្គរវត្ត	Angkor Wat
angkravtt	8ngkr8vtt	អង្គរវត្ត	Angkor Wat
angkravtd	8ngkr8vtd	អង្គរវត្ត	Angkor Wat
angkravdt	8ngkr8vdt	អង្គរវត្ត	Angkor Wat
angkravdd	8ngkr8vdd	អង្គរវត្ត	Angkor Wat
angkravott	8ngkr8v8tt	អង្គរវត្ត	Angkor Wat
angkravotd	8ngkr8v8td	អង្គរវត្ត	Angkor Wat
angkravodt	8ngkr8v8dt	អង្គរវត្ត	Angkor Wat
angkravodd	8ngkr8v8dd	អង្គរវត្ត	Angkor Wat
angkravatt	8ngkr8v8tt	អង្គរវត្ត	Angkor Wat
angkravatd	8ngkr8v8td	អង្គរវត្ត	Angkor Wat
angkravadt	8ngkr8v8dt	អង្គរវត្ត	Angkor Wat
angkravadd	8ngkr8v8dd	អង្គរវត្ត	Angkor Wat
angkrawtt	8ngkr8wtt	អង្គរវត្ត	Angkor Wat
angkrawtd	8ngkr8wtd	អង្គរវត្ត	Angkor Wat
angkrawdt	8ngkr8wdt	អង្គរវត្ត	Angkor Wat
angkrawdd	8ngkr8wdd	អង្គរវត្ត	Angkor Wat
angkrawott	8ngkr8w8tt	អង្គរវត្ត	Angkor Wat
angkrawotd	8ngkr8w8td	អង្គរវត្ត	Angkor Wat
angkrawodt	8ngkr8w8dt	អង្គរវត្ត	Angkor Wat
angkrawodd	8ngkr8w8dd	អង្គរវត្ត	Angkor Wat
angkrawatt	8ngkr8w8tt	អង្គរវត្ត	Angkor Wat
angkrawatd	8ngkr8w8td	អង្គរវត្ត	Angkor Wat
angkrawadt	8ngkr8w8dt	អង្គរវត្ត	Angkor Wat
angkrawadd	8ngkr8w8dd	អង្គរវត្ត	Angkor Wat
angkorvtt	8ngk8rvtt	អង្គរវត្ត	Angkor Wat
angkorvtd	8ngk8rvtd	អង្គរវត្ត	Angkor Wat
angkorvdt	8ngk8rvdt	អង្គរវត្ត	Angkor Wat
angkorvdd	8ngk8rvdd	អង្គរវត្ត	Angkor Wat
angkorvott	8ngk8rv8tt	អង្គរវត្ត	Angkor Wat
angkorvotd	8ngk8rv8td	អង្គរវត្ត	Angkor Wat
angkorvodt	8ngk8rv8dt	អង្គរវត្ត	Angkor Wat
angkorvodd	8ngk8rv8dd	អង្គរវត្ត	Angkor Wat
angkorvatt	8ngk8rv8tt	អង្គរវត្ត	Angkor Wat
angkorvatd	8ngk8rv8td	អង្គរវត្ត	Angkor Wat
angkorvadt	8ngk8rv8dt	អង្គរវត្ត	Angkor Wat
angkorvadd	8ngk8rv8dd	អង្គរវត្ត	Angkor Wat
angkorwtt	8ngk8rwtt	អង្គរវត្ត	Angkor Wat
angkorwtd	8ngk8rwtd	អង្គរវត្ត	Angkor Wat
angkorwdt	8ngk8rwdt	អង្គរវត្ត	Angkor Wat
angkorwdd	8ngk8rwdd	អង្គរវត្ត	Angkor Wat
angkorwott	8ngk8rw8tt	អង្គរវត្ត	Angkor Wat
angkorwotd	8ngk8rw8td	អង្គរវត្ត	Angkor Wat
angkorwodt	8ngk8rw8dt	អង្គរវត្ត	Angkor Wat
angkorwodd	8ngk8rw8dd	អង្គរវត្ត	Angkor Wat
angkorwatt	8ngk8rw8tt	អង្គរវត្ត	Angkor Wat
angkorwatd	8ngk8rw8td	អង្គរវត្ត	Angkor Wat
angkorwadt	8ngk8rw8dt	អង្គរវត្ត	Angkor Wat
angkorwadd	8ngk8rw8dd	អង្គរវត្ត	Angkor Wat
angkorovtt	8ngk8r8vtt	អង្គរវត្ត	Angkor Wat
angkorovtd	8ngk8r8vtd	អង្គរវត្ត	Angkor Wat
angkorovdt	8ngk8r8vdt	អង្គរវត្ត	Angkor Wat
angkorovdd	8ngk8r8vdd	អង្គរវត្ត	Angkor Wat
angkorovott	8ngk8r8v8tt	អង្គរវត្ត	Angkor Wat
angkorovotd	8ngk8r8v8td	អង្គរវត្ត	Angkor Wat
angkorovodt	8ngk8r8v8dt	អង្គរវត្ត	Angkor Wat
angkorovodd	8ngk8r8v8dd	អង្គរវត្ត	Angkor Wat
angkorovatt	8ngk8r8v8tt	អង្គរវត្ត	Angkor Wat
angkorovatd	8ngk8r8v8td	អង្គរវត្ត	Angkor Wat
angkorovadt	8ngk8r8v8dt	អង្គរវត្ត	Angkor Wat
angkorovadd	8ngk8r8v8dd	អង្គរវត្ត	Angkor Wat
angkorowtt	8ngk8r8wtt	អង្គរវត្ត	Angkor Wat
angkorowtd	8ngk8r8wtd	អង្គរវត្ត	Angkor Wat
angkorowdt	8ngk8r8wdt	អង្គរវត្ត	Angkor Wat
angkorowdd	8ngk8r8wdd	អង្គរវត្ត	Angkor Wat
angkorowott	8ngk8r8w8tt	អង្គរវត្ត	Angkor Wat
angkorowotd	8ngk8r8w8td	អង្គរវត្ត	Angkor Wat
angkorowodt	8ngk8r8w8dt	អង្គរវត្ត	Angkor Wat
angkorowodd	8ngk8r8w8dd	អង្គរវត្ត	Angkor Wat
angkorowatt	8ngk8r8w8tt	អង្គរវត្ត	Angkor Wat
angkorowatd	8ngk8r8w8td	អង្គរវត្ត	Angkor Wat
angkorowadt	8ngk8r8w8dt	អង្គរវត្ត	Angkor Wat
angkorowadd	8ngk8r8w8dd	អង្គរវត្ត	Angkor Wat
angkorwat	8ngk8rw8t	អង្គរវត្ត	Angkor Wat
angkorvoat	8ngk8rv8t	អង្គរវត្ត	Angkor Wat
angkr	8ngkr	អង្គរ	Angkor
angkor	8ngk8r	អង្គរ	Angkor
angkar	8ngk8r	អង្គរ	Angkor
anggr	8nggr	អង្គរ	Angkor
anggor	8ngg8r	អង្គរ	Angkor
anggar	8ngg8r	អង្គរ	Angkor
aongkr	8ngkr	អង្គរ	Angkor
aongkor	8ngk8r	អង្គរ	Angkor
aongkar	8ngk8r	អង្គរ	Angkor
aonggr	8nggr	អង្គរ	Angkor
aonggor	8ngg8r	អង្គរ	Angkor
aonggar	8ngg8r	អង្គរ	Angkor
aangkr	8ngkr	អង្គរ	Angkor
aangkor	8ngk8r	អង្គរ	Angkor
aangkar	8ngk8r	អង្គរ	Angkor
aanggr	8nggr	អង្គរ	Angkor
aanggor	8ngg8r	អង្គរ	Angkor
aanggar	8ngg8r	អង្គរ	Angkor
ongkr	8ngkr	អង្គរ	Angkor
ongkor	8ngk8r	អង្គរ	Angkor
ongkar	8ngk8r	អង្គរ	Angkor
onggr	8nggr	អង្គរ	Angkor
onggor	8ngg8r	អង្គរ	Angkor
onggar	8ngg8r	អង្គរ	Angkor
oongkr	8ngkr	អង្គរ	Angkor
oongkor	8ngk8r	អង្គរ	Angkor
oongkar	8ngk8r	អង្គរ	Angkor
oonggr	8nggr	អង្គរ	Angkor
oonggor	8ngg8r	អង្គរ	Angkor
oonggar	8ngg8r	អង្គរ	Angkor
oangkr	8ngkr	អង្គរ	Angkor
oangkor	8ngk8r	អង្គរ	Angkor
oangkar	8ngk8r	អង្គរ	Angkor
oanggr	8nggr	អង្គរ	Angkor
oanggor	8ngg8r	អង្គរ	Angkor
oanggar	8ngg8r	អង្គរ	Angkor
qngkr	qngkr	អង្គរ	Angkor
qngkor	qngk8r	អង្គរ	Angkor
qngkar	qngk8r	អង្គរ	Angkor
qnggr	qnggr	អង្គរ	Angkor
qnggor	qngg8r	អង្គរ	Angkor
qnggar	qngg8r	អង្គរ	Angkor
qongkr	q8ngkr	អង្គរ	Angkor
qongkor	q8ngk8r	អង្គរ	Angkor
qongkar	q8ngk8r	អង្គរ	Angkor
qonggr	q8nggr	អង្គរ	Angkor
qonggor	q8ngg8r	អង្គរ	Angkor
qonggar	q8ngg8r	អង្គរ	Angkor
qangkr	q8ngkr	អង្គរ	Angkor
qangkor	q8ngk8r	អង្គរ	Angkor
qangkar	q8ngk8r	អង្គរ	Angkor
qanggr	q8nggr	អង្គរ	Angkor
qanggor	q8ngg8r	អង្គរ	Angkor
qanggar	q8ngg8r	អង្គរ	Angkor
ngkr	ngkr	អង្គរ	Angkor
ngkor	ngk8r	អង្គរ	Angkor
ngkar	ngk8r	អង្គរ	Angkor
nggr	nggr	អង្គរ	Angkor
nggor	ngg8r	អង្គរ	Angkor
nggar	ngg8r	អង្គរ	Angkor
angko	8ngk8	អង្គរ	Angkor
ongko	8ngk8	អង្គរ	Angkor
sruk	sr8k	ស្រុក	district / homeland
srok	sr8k	ស្រុក	district / homeland
khett	kh8tt	ខេត្ត	province
khetd	kh8td	ខេត្ត	province
khedt	kh8dt	ខេត្ត	province
khedd	kh8dd	ខេត្ត	province
kheitt	kh8tt	ខេត្ត	province
kheitd	kh8td	ខេត្ត	province
kheidt	kh8dt	ខេត្ត	province
kheidd	kh8dd	ខេត្ត	province
khet	kh8t	ខេត្ត	province
khaet	kh8t	ខេត្ត	province
krung	kr8ng	ក្រុង	city
krong	kr8ng	ក្រុង	city
teykrung	t8kr8ng	ទីក្រុង	city
teykrong	t8kr8ng	ទីក្រុង	city
tikrung	t8kr8ng	ទីក្រុង	city
tikrong	t8kr8ng	ទីក្រុង	city
tiikrung	t8kr8ng	ទីក្រុង	city
tiikrong	t8kr8ng	ទីក្រុង	city
deykrung	d8kr8ng	ទីក្រុង	city
deykrong	d8kr8ng	ទីក្រុង	city
dikrung	d8kr8ng	ទីក្រុង	city
dikrong	d8kr8ng	ទីក្រុង	city
diikrung	d8kr8ng	ទីក្រុង	city
diikrong	d8kr8ng	ទីក្រុង	city
ddeykrung	dd8kr8ng	ទីក្រុង	city
ddeykrong	dd8kr8ng	ទីក្រុង	city
ddikrung	dd8kr8ng	ទីក្រុង	city
ddikrong	dd8kr8ng	ទីក្រុង	city
ddiikrung	dd8kr8ng	ទីក្រុង	city
ddiikrong	dd8kr8ng	ទីក្រុង	city
phoumi	ph8m8	ភូមិ	village
phoume	ph8m8	ភូមិ	village
phumi	ph8m8	ភូមិ	village
phume	ph8m8	ភូមិ	village
phomi	ph8m8	ភូមិ	village
phome	ph8m8	ភូមិ	village
phuumi	ph8m8	ភូមិ	village
phuume	ph8m8	ភូមិ	village
bhoumi	bh8m8	ភូមិ	village
bhoume	bh8m8	ភូមិ	village
bhumi	bh8m8	ភូមិ	village
bhume	bh8m8	ភូមិ	village
bhomi	bh8m8	ភូមិ	village
bhome	bh8m8	ភូមិ	village
bhuumi	bh8m8	ភូមិ	village
bhuume	bh8m8	ភូមិ	village
phum	ph8m	ភូមិ	village
poum	p8m	ភូមិ	village
brtes	brt8s	ប្រទេស	country
brteis	brt8s	ប្រទេស	country
brdes	brd8s	ប្រទេស	country
brdeis	brd8s	ប្រទេស	country
brddes	brdd8s	ប្រទេស	country
brddeis	brdd8s	ប្រទេស	country
brotes	br8t8s	ប្រទេស	country
broteis	br8t8s	ប្រទេស	country
brodes	br8d8s	ប្រទេស	country
brodeis	br8d8s	ប្រទេស	country
broddes	br8dd8s	ប្រទេស	country
broddeis	br8dd8s	ប្រទេស	country
brates	br8t8s	ប្រទេស	country
brateis	br8t8s	ប្រទេស	country
brades	br8d8s	ប្រទេស	country
bradeis	br8d8s	ប្រទេស	country
braddes	br8dd8s	ប្រទេស	country
braddeis	br8dd8s	ប្រទេស	country
prtes	prt8s	ប្រទេស	country
prteis	prt8s	ប្រទេស	country
prdes	prd8s	ប្រទេស	country
prdeis	prd8s	ប្រទេស	country
prddes	prdd8s	ប្រទេស	country
prddeis	prdd8s	ប្រទេស	country
protes	pr8t8s	ប្រទេស	country
proteis	pr8t8s	ប្រទេស	country
prodes	pr8d8s	ប្រទេស	country
prodeis	pr8d8s	ប្រទេស	country
proddes	pr8dd8s	ប្រទេស	country
proddeis	pr8dd8s	ប្រទេស	country
prates	pr8t8s	ប្រទេស	country
prateis	pr8t8s	ប្រទេស	country
prades	pr8d8s	ប្រទេស	country
pradeis	pr8d8s	ប្រទេស	country
praddes	pr8dd8s	ប្រទេស	country
praddeis	pr8dd8s	ប្រទេស	country
piphplok	p8phpl8k	ពិភពលោក	world
piphplaok	p8phpl8k	ពិភពលោក	world
piphplouk	p8phpl8k	ពិភពលោក	world
piphploak	p8phpl8k	ពិភពលោក	world
piphpolok	p8php8l8k	ពិភពលោក	world
piphpolaok	p8php8l8k	ពិភពលោក	world
piphpolouk	p8php8l8k	ពិភពលោក	world
piphpoloak	p8php8l8k	ពិភពលោក	world
piphpalok	p8php8l8k	ពិភពលោក	world
piphpalaok	p8php8l8k	ពិភពលោក	world
piphpalouk	p8php8l8k	ពិភពលោក	world
piphpaloak	p8php8l8k	ពិភពលោក	world
piphblok	p8phbl8k	ពិភពលោក	world
piphblaok	p8phbl8k	ពិភពលោក	world
piphblouk	p8phbl8k	ពិភពលោក	world
piphbloak	p8phbl8k	ពិភពលោក	world
piphbolok	p8phb8l8k	ពិភពលោក	world
piphbolaok	p8phb8l8k	ពិភពលោក	world
piphbolouk	p8phb8l8k	ពិភពលោក	world
piphboloak	p8phb8l8k	ពិភពលោក	world
piphbalok	p8phb8l8k	ពិភពលោក	world
piphbalaok	p8phb8l8k	ពិភពលោក	world
piphbalouk	p8phb8l8k	ពិភពលោក	world
piphbaloak	p8phb8l8k	ពិភពលោក	world
piphoplok	p8ph8pl8k	ពិភពលោក	world
piphoplaok	p8ph8pl8k	ពិភពលោក	world
piphoplouk	p8ph8pl8k	ពិភពលោក	world
piphoploak	p8ph8pl8k	ពិភពលោក	world
piphopolok	p8ph8p8l8k	ពិភពលោក	world
piphopolaok	p8ph8p8l8k	ពិភពលោក	world
piphopolouk	p8ph8p8l8k	ពិភពលោក	world
piphopoloak	p8ph8p8l8k	ពិភពលោក	world
piphopalok	p8ph8p8l8k	ពិភពលោក	world
piphopalaok	p8ph8p8l8k	ពិភពលោក	world
piphopalouk	p8ph8p8l8k	ពិភពលោក	world
piphopaloak	p8ph8p8l8k	ពិភពលោក	world
piphoblok	p8ph8bl8k	ពិភពលោក	world
piphoblaok	p8ph8bl8k	ពិភពលោក	world
piphoblouk	p8ph8bl8k	ពិភពលោក	world
piphobloak	p8ph8bl8k	ពិភពលោក	world
piphobolok	p8ph8b8l8k	ពិភពលោក	world
piphobolaok	p8ph8b8l8k	ពិភពលោក	world
piphobolouk	p8ph8b8l8k	ពិភពលោក	world
piphoboloak	p8ph8b8l8k	ពិភពលោក	world
piphobalok	p8ph8b8l8k	ពិភពលោក	world
piphobalaok	p8ph8b8l8k	ពិភពលោក	world
piphobalouk	p8ph8b8l8k	ពិភពលោក	world
piphobaloak	p8ph8b8l8k	ពិភពលោក	world
piphaplok	p8ph8pl8k	ពិភពលោក	world
piphaplaok	p8ph8pl8k	ពិភពលោក	world
piphaplouk	p8ph8pl8k	ពិភពលោក	world
piphaploak	p8ph8pl8k	ពិភពលោក	world
piphapolok	p8ph8p8l8k	ពិភពលោក	world
piphapolaok	p8ph8p8l8k	ពិភពលោក	world
piphapolouk	p8ph8p8l8k	ពិភពលោក	world
piphapoloak	p8ph8p8l8k	ពិភពលោក	world
piphapalok	p8ph8p8l8k	ពិភពលោក	world
piphapalaok	p8ph8p8l8k	ពិភពលោក	world
piphapalouk	p8ph8p8l8k	ពិភពលោក	world
piphapaloak	p8ph8p8l8k	ពិភពលោក	world
piphablok	p8ph8bl8k	ពិភពលោក	world
piphablaok	p8ph8bl8k	ពិភពលោក	world
piphablouk	p8ph8bl8k	ពិភពលោក	world
piphabloak	p8ph8bl8k	ពិភពលោក	world
piphabolok	p8ph8b8l8k	ពិភពលោក	world
piphabolaok	p8ph8b8l8k	ពិភពលោក	world
piphabolouk	p8ph8b8l8k	ពិភពលោក	world
piphaboloak	p8ph8b8l8k	ពិភពលោក	world
piphabalok	p8ph8b8l8k	ពិភពលោក	world
piphabalaok	p8ph8b8l8k	ពិភពលោក	world
piphabalouk	p8ph8b8l8k	ពិភពលោក	world
piphabaloak	p8ph8b8l8k	ពិភពលោក	world
pibhplok	p8bhpl8k	ពិភពលោក	world
pibhplaok	p8bhpl8k	ពិភពលោក	world
pibhplouk	p8bhpl8k	ពិភពលោក	world
pibhploak	p8bhpl8k	ពិភពលោក	world
pibhpolok	p8bhp8l8k	ពិភពលោក	world
pibhpolaok	p8bhp8l8k	ពិភពលោក	world
pibhpolouk	p8bhp8l8k	ពិភពលោក	world
pibhpoloak	p8bhp8l8k	ពិភពលោក	world
pibhpalok	p8bhp8l8k	ពិភពលោក	world
pibhpalaok	p8bhp8l8k	ពិភពលោក	world
pibhpalouk	p8bhp8l8k	ពិភពលោក	world
pibhpaloak	p8bhp8l8k	ពិភពលោក	world
pibhblok	p8bhbl8k	ពិភពលោក	world
pibhblaok	p8bhbl8k	ពិភពលោក	world
pibhblouk	p8bhbl8k	ពិភពលោក	world
pibhbloak	p8bhbl8k	ពិភពលោក	world
pibhbolok	p8bhb8l8k	ពិភពលោក	world
pibhbolaok	p8bhb8l8k	ពិភពលោក	world
pibhbolouk	p8bhb8l8k	ពិភពលោក	world
pibhboloak	p8bhb8l8k	ពិភពលោក	world
pibhbalok	p8bhb8l8k	ពិភពលោក	world
pibhbalaok	p8bhb8l8k	ពិភពលោក	world
pibhbalouk	p8bhb8l8k	ពិភពលោក	world
pibhbaloak	p8bhb8l8k	ពិភពលោក	world
pibhoplok	p8bh8pl8k	ពិភពលោក	world
pibhoplaok	p8bh8pl8k	ពិភពលោក	world
pibhoplouk	p8bh8pl8k	ពិភពលោក	world
pibhoploak	p8bh8pl8k	ពិភពលោក	world
pibhopolok	p8bh8p8l8k	ពិភពលោក	world
pibhopolaok	p8bh8p8l8k	ពិភពលោក	world
pibhopolouk	p8bh8p8l8k	ពិភពលោក	world
pibhopoloak	p8bh8p8l8k	ពិភពលោក	world
pibhopalok	p8bh8p8l8k	ពិភពលោក	world
pibhopalaok	p8bh8p8l8k	ពិភពលោក	world
pibhopalouk	p8bh8p8l8k	ពិភពលោក	world
pibhopaloak	p8bh8p8l8k	ពិភពលោក	world
pibhoblok	p8bh8bl8k	ពិភពលោក	world
pibhoblaok	p8bh8bl8k	ពិភពលោក	world
pibhoblouk	p8bh8bl8k	ពិភពលោក	world
pibhobloak	p8bh8bl8k	ពិភពលោក	world
pibhobolok	p8bh8b8l8k	ពិភពលោក	world
pibhobolaok	p8bh8b8l8k	ពិភពលោក	world
pibhobolouk	p8bh8b8l8k	ពិភពលោក	world
pibhoboloak	p8bh8b8l8k	ពិភពលោក	world
pibhobalok	p8bh8b8l8k	ពិភពលោក	world
pibhobalaok	p8bh8b8l8k	ពិភពលោក	world
pibhobalouk	p8bh8b8l8k	ពិភពលោក	world
pibhobaloak	p8bh8b8l8k	ពិភពលោក	world
pipoplok	p8p8pl8k	ពិភពលោក	world
chati	ch8t8	ជាតិ	nation
chate	ch8t8	ជាតិ	nation
chadi	ch8d8	ជាតិ	nation
chade	ch8d8	ជាតិ	nation
cheati	ch8t8	ជាតិ	nation
cheate	ch8t8	ជាតិ	nation
cheadi	ch8d8	ជាតិ	nation
cheade	ch8d8	ជាតិ	nation
chaati	ch8t8	ជាតិ	nation
chaate	ch8t8	ជាតិ	nation
chaadi	ch8d8	ជាតិ	nation
chaade	ch8d8	ជាតិ	nation
jati	j8t8	ជាតិ	nation
jate	j8t8	ជាតិ	nation
jadi	j8d8	ជាតិ	nation
jade	j8d8	ជាតិ	nation
jeati	j8t8	ជាតិ	nation
jeate	j8t8	ជាតិ	nation
jeadi	j8d8	ជាតិ	nation
jeade	j8d8	ជាតិ	nation
jaati	j8t8	ជាតិ	nation
jaate	j8t8	ជាតិ	nation
jaadi	j8d8	ជាតិ	nation
jaade	j8d8	ជាតិ	nation
cheat	ch8t	ជាតិ	nation
jeat	j8t	ជាតិ	nation
chiet	ch8t	ជាតិ	nation
rachthaney	r8chth8n8	រាជធានី	capital
rachthani	r8chth8n8	រាជធានី	capital
rachthanii	r8chth8n8	រាជធានី	capital
rachtheaney	r8chth8n8	រាជធានី	capital
rachtheani	r8chth8n8	រាជធានី	capital
rachtheanii	r8chth8n8	រាជធានី	capital
rachthaaney	r8chth8n8	រាជធានី	capital
rachthaani	r8chth8n8	រាជធានី	capital
rachthaanii	r8chth8n8	រាជធានី	capital
rachdhaney	r8chdh8n8	រាជធានី	capital
rachdhani	r8chdh8n8	រាជធានី	capital
rachdhanii	r8chdh8n8	រាជធានី	capital
rachdheaney	r8chdh8n8	រាជធានី	capital
rachdheani	r8chdh8n8	រាជធានី	capital
rachdheanii	r8chdh8n8	រាជធានី	capital
rachdhaaney	r8chdh8n8	រាជធានី	capital
rachdhaani	r8chdh8n8	រាជធានី	capital
rachdhaanii	r8chdh8n8	រាជធានី	capital
rachothaney	r8ch8th8n8	រាជធានី	capital
rachothani	r8ch8th8n8	រាជធានី	capital
rachothanii	r8ch8th8n8	រាជធានី	capital
rachotheaney	r8ch8th8n8	រាជធានី	capital
rachotheani	r8ch8th8n8	រាជធានី	capital
rachotheanii	r8ch8th8n8	រាជធានី	capital
rachothaaney	r8ch8th8n8	រាជធានី	capital
rachothaani	r8ch8th8n8	រាជធានី	capital
rachothaanii	r8ch8th8n8	រាជធានី	capital
rachodhaney	r8ch8dh8n8	រាជធានី	capital
rachodhani	r8ch8dh8n8	រាជធានី	capital
rachodhanii	r8ch8dh8n8	រាជធានី	capital
rachodheaney	r8ch8dh8n8	រាជធានី	capital
rachodheani	r8ch8dh8n8	រាជធានី	capital
rachodheanii	r8ch8dh8n8	រាជធានី	capital
rachodhaaney	r8ch8dh8n8	រាជធានី	capital
rachodhaani	r8ch8dh8n8	រាជធានី	capital
rachodhaanii	r8ch8dh8n8	រាជធានី	capital
rachathaney	r8ch8th8n8	រាជធានី	capital
rachathani	r8ch8th8n8	រាជធានី	capital
rachathanii	r8ch8th8n8	រាជធានី	capital
rachatheaney	r8ch8th8n8	រាជធានី	capital
rachatheani	r8ch8th8n8	រាជធានី	capital
rachatheanii	r8ch8th8n8	រាជធានី	capital
rachathaaney	r8ch8th8n8	រាជធានី	capital
rachathaani	r8ch8th8n8	រាជធានី	capital
rachathaanii	r8ch8th8n8	រាជធានី	capital
rachadhaney	r8ch8dh8n8	រាជធានី	capital
rachadhani	r8ch8dh8n8	រាជធានី	capital
rachadhanii	r8ch8dh8n8	រាជធានី	capital
rachadheaney	r8ch8dh8n8	រាជធានី	capital
rachadheani	r8ch8dh8n8	រាជធានី	capital
rachadheanii	r8ch8dh8n8	រាជធានី	capital
rachadhaaney	r8ch8dh8n8	រាជធានី	capital
rachadhaani	r8ch8dh8n8	រាជធានី	capital
rachadhaanii	r8ch8dh8n8	រាជធានី	capital
rajthaney	r8jth8n8	រាជធានី	capital
rajthani	r8jth8n8	រាជធានី	capital
rajthanii	r8jth8n8	រាជធានី	capital
rajtheaney	r8jth8n8	រាជធានី	capital
rajtheani	r8jth8n8	រាជធានី	capital
rajtheanii	r8jth8n8	រាជធានី	capital
rajthaaney	r8jth8n8	រាជធានី	capital
rajthaani	r8jth8n8	រាជធានី	capital
rajthaanii	r8jth8n8	រាជធានី	capital
rajdhaney	r8jdh8n8	រាជធានី	capital
rajdhani	r8jdh8n8	រាជធានី	capital
rajdhanii	r8jdh8n8	រាជធានី	capital
rajdheaney	r8jdh8n8	រាជធានី	capital
rajdheani	r8jdh8n8	រាជធានី	capital
rajdheanii	r8jdh8n8	រាជធានី	capital
rajdhaaney	r8jdh8n8	រាជធានី	capital
rajdhaani	r8jdh8n8	រាជធានី	capital
rajdhaanii	r8jdh8n8	រាជធានី	capital
rajothaney	r8j8th8n8	រាជធានី	capital
rajothani	r8j8th8n8	រាជធានី	capital
rajothanii	r8j8th8n8	រាជធានី	capital
rajotheaney	r8j8th8n8	រាជធានី	capital
rajotheani	r8j8th8n8	រាជធានី	capital
rajotheanii	r8j8th8n8	រាជធានី	capital
rajothaaney	r8j8th8n8	រាជធានី	capital
rajothaani	r8j8th8n8	រាជធានី	capital
rajothaanii	r8j8th8n8	រាជធានី	capital
rajodhaney	r8j8dh8n8	រាជធានី	capital
rajodhani	r8j8dh8n8	រាជធានី	capital
rajodhanii	r8j8dh8n8	រាជធានី	capital
rajodheaney	r8j8dh8n8	រាជធានី	capital
rajodheani	r8j8dh8n8	រាជធានី	capital
rajodheanii	r8j8dh8n8	រាជធានី	capital
rajodhaaney	r8j8dh8n8	រាជធានី	capital
rajodhaani	r8j8dh8n8	រាជធានី	capital
rajodhaanii	r8j8dh8n8	រាជធានី	capital
rajathaney	r8j8th8n8	រាជធានី	capital
rajathani	r8j8th8n8	រាជធានី	capital
rajathanii	r8j8th8n8	រាជធានី	capital
rajatheaney	r8j8th8n8	រាជធានី	capital
rajatheani	r8j8th8n8	រាជធានី	capital
rajatheanii	r8j8th8n8	រាជធានី	capital
rajathaaney	r8j8th8n8	រាជធានី	capital
rajathaani	r8j8th8n8	រាជធានី	capital
rajathaanii	r8j8th8n8	រាជធានី	capital
rajadhaney	r8j8dh8n8	រាជធានី	capital
rajadhani	r8j8dh8n8	រាជធានី	capital
rajadhanii	r8j8dh8n8	រាជធានី	capital
rajadheaney	r8j8dh8n8	រាជធានី	capital
rajadheani	r8j8dh8n8	រាជធានី	capital
rajadheanii	r8j8dh8n8	រាជធានី	capital
rajadhaaney	r8j8dh8n8	រាជធានី	capital
rajadhaani	r8j8dh8n8	រាជធានី	capital
rajadhaanii	r8j8dh8n8	រាជធានី	capital
reachthaney	r8chth8n8	រាជធានី	capital
reachthani	r8chth8n8	រាជធានី	capital
reachthanii	r8chth8n8	រាជធានី	capital
reachtheaney	r8chth8n8	រាជធានី	capital
reachtheani	r8chth8n8	រាជធានី	capital
reachtheanii	r8chth8n8	រាជធានី	capital
reachthaaney	r8chth8n8	រាជធានី	capital
reachthaani	r8chth8n8	រាជធានី	capital
reachthaanii	r8chth8n8	រាជធានី	capital
reachdhaney	r8chdh8n8	រាជធានី	capital
reachdhani	r8chdh8n8	រាជធានី	capital
reachdhanii	r8chdh8n8	រាជធានី	capital
riechthieni	r8chth8n8	រាជធានី	capital
brchachn	brch8chn	ប្រជាជន	people, citizens
brchachon	brch8ch8n	ប្រជាជន	people, citizens
brchachan	brch8ch8n	ប្រជាជន	people, citizens
brchajn	brch8jn	ប្រជាជន	people, citizens
brchajon	brch8j8n	ប្រជាជន	people, citizens
brchajan	brch8j8n	ប្រជាជន	people, citizens
brcheachn	brch8chn	ប្រជាជន	people, citizens
brcheachon	brch8ch8n	ប្រជាជន	people, citizens
brcheachan	brch8ch8n	ប្រជាជន	people, citizens
brcheajn	brch8jn	ប្រជាជន	people, citizens
brcheajon	brch8j8n	ប្រជាជន	people, citizens
brcheajan	brch8j8n	ប្រជាជន	people, citizens
brchaachn	brch8chn	ប្រជាជន	people, citizens
brchaachon	brch8ch8n	ប្រជាជន	people, citizens
brchaachan	brch8ch8n	ប្រជាជន	people, citizens
brchaajn	brch8jn	ប្រជាជន	people, citizens
brchaajon	brch8j8n	ប្រជាជន	people, citizens
brchaajan	brch8j8n	ប្រជាជន	people, citizens
brjachn	brj8chn	ប្រជាជន	people, citizens
brjachon	brj8ch8n	ប្រជាជន	people, citizens
brjachan	brj8ch8n	ប្រជាជន	people, citizens
brjajn	brj8jn	ប្រជាជន	people, citizens
brjajon	brj8j8n	ប្រជាជន	people, citizens
brjajan	brj8j8n	ប្រជាជន	people, citizens
brjeachn	brj8chn	ប្រជាជន	people, citizens
brjeachon	brj8ch8n	ប្រជាជន	people, citizens
brjeachan	brj8ch8n	ប្រជាជន	people, citizens
brjeajn	brj8jn	ប្រជាជន	people, citizens
brjeajon	brj8j8n	ប្រជាជន	people, citizens
brjeajan	brj8j8n	ប្រជាជន	people, citizens
brjaachn	brj8chn	ប្រជាជន	people, citizens
brjaachon	brj8ch8n	ប្រជាជន	people, citizens
brjaachan	brj8ch8n	ប្រជាជន	people, citizens
brjaajn	brj8jn	ប្រជាជន	people, citizens
brjaajon	brj8j8n	ប្រជាជន	people, citizens
brjaajan	brj8j8n	ប្រជាជន	people, citizens
brochachn	br8ch8chn	ប្រជាជន	people, citizens
brochachon	br8ch8ch8n	ប្រជាជន	people, citizens
brochachan	br8ch8ch8n	ប្រជាជន	people, citizens
brochajn	br8ch8jn	ប្រជាជន	people, citizens
brochajon	br8ch8j8n	ប្រជាជន	people, citizens
brochajan	br8ch8j8n	ប្រជាជន	people, citizens
brocheachn	br8ch8chn	ប្រជាជន	people, citizens
brocheachon	br8ch8ch8n	ប្រជាជន	people, citizens
brocheachan	br8ch8ch8n	ប្រជាជន	people, citizens
brocheajn	br8ch8jn	ប្រជាជន	people, citizens
brocheajon	br8ch8j8n	ប្រជាជន	people, citizens
brocheajan	br8ch8j8n	ប្រជាជន	people, citizens
brochaachn	br8ch8chn	ប្រជាជន	people, citizens
brochaachon	br8ch8ch8n	ប្រជាជន	people, citizens
brochaachan	br8ch8ch8n	ប្រជាជន	people, citizens
brochaajn	br8ch8jn	ប្រជាជន	people, citizens
brochaajon	br8ch8j8n	ប្រជាជន	people, citizens
brochaajan	br8ch8j8n	ប្រជាជន	people, citizens
brojachn	br8j8chn	ប្រជាជន	people, citizens
brojachon	br8j8ch8n	ប្រជាជន	people, citizens
brojachan	br8j8ch8n	ប្រជាជន	people, citizens
brojajn	br8j8jn	ប្រជាជន	people, citizens
brojajon	br8j8j8n	ប្រជាជន	people, citizens
brojajan	br8j8j8n	ប្រជាជន	people, citizens
brojeachn	br8j8chn	ប្រជាជន	people, citizens
brojeachon	br8j8ch8n	ប្រជាជន	people, citizens
brojeachan	br8j8ch8n	ប្រជាជន	people, citizens
brojeajn	br8j8jn	ប្រជាជន	people, citizens
brojeajon	br8j8j8n	ប្រជាជន	people, citizens
brojeajan	br8j8j8n	ប្រជាជន	people, citizens
brojaachn	br8j8chn	ប្រជាជន	people, citizens
brojaachon	br8j8ch8n	ប្រជាជន	people, citizens
brojaachan	br8j8ch8n	ប្រជាជន	people, citizens
brojaajn	br8j8jn	ប្រជាជន	people, citizens
brojaajon	br8j8j8n	ប្រជាជន	people, citizens
brojaajan	br8j8j8n	ប្រជាជន	people, citizens
brachachn	br8ch8chn	ប្រជាជន	people, citizens
brachachon	br8ch8ch8n	ប្រជាជន	people, citizens
brachachan	br8ch8ch8n	ប្រជាជន	people, citizens
brachajn	br8ch8jn	ប្រជាជន	people, citizens
brachajon	br8ch8j8n	ប្រជាជន	people, citizens
brachajan	br8ch8j8n	ប្រជាជន	people, citizens
bracheachn	br8ch8chn	ប្រជាជន	people, citizens
bracheachon	br8ch8ch8n	ប្រជាជន	people, citizens
bracheachan	br8ch8ch8n	ប្រជាជន	people, citizens
bracheajn	br8ch8jn	ប្រជាជន	people, citizens
bracheajon	br8ch8j8n	ប្រជាជន	people, citizens
bracheajan	br8ch8j8n	ប្រជាជន	people, citizens
brachaachn	br8ch8chn	ប្រជាជន	people, citizens
brachaachon	br8ch8ch8n	ប្រជាជន	people, citizens
brachaachan	br8ch8ch8n	ប្រជាជន	people, citizens
brachaajn	br8ch8jn	ប្រជាជន	people, citizens
brachaajon	br8ch8j8n	ប្រជាជន	people, citizens
brachaajan	br8ch8j8n	ប្រជាជន	people, citizens
brajachn	br8j8chn	ប្រជាជន	people, citizens
brajachon	br8j8ch8n	ប្រជាជន	people, citizens
brajachan	br8j8ch8n	ប្រជាជន	people, citizens
brajajn	br8j8jn	ប្រជាជន	people, citizens
brajajon	br8j8j8n	ប្រជាជន	people, citizens
brajajan	br8j8j8n	ប្រជាជន	people, citizens
brajeachn	br8j8chn	ប្រជាជន	people, citizens
brajeachon	br8j8ch8n	ប្រជាជន	people, citizens
brajeachan	br8j8ch8n	ប្រជាជន	people, citizens
brajeajn	br8j8jn	ប្រជាជន	people, citizens
brajeajon	br8j8j8n	ប្រជាជន	people, citizens
brajeajan	br8j8j8n	ប្រជាជន	people, citizens
brajaachn	br8j8chn	ប្រជាជន	people, citizens
brajaachon	br8j8ch8n	ប្រជាជន	people, citizens
brajaachan	br8j8ch8n	ប្រជាជន	people, citizens
brajaajn	br8j8jn	ប្រជាជន	people, citizens
brajaajon	br8j8j8n	ប្រជាជន	people, citizens
brajaajan	br8j8j8n	ប្រជាជន	people, citizens
prchachn	prch8chn	ប្រជាជន	people, citizens
prchachon	prch8ch8n	ប្រជាជន	people, citizens
prchachan	prch8ch8n	ប្រជាជន	people, citizens
prchajn	prch8jn	ប្រជាជន	people, citizens
prchajon	prch8j8n	ប្រជាជន	people, citizens
prchajan	prch8j8n	ប្រជាជន	people, citizens
prcheachn	prch8chn	ប្រជាជន	people, citizens
prcheachon	prch8ch8n	ប្រជាជន	people, citizens
prcheachan	prch8ch8n	ប្រជាជន	people, citizens
prcheajn	prch8jn	ប្រជាជន	people, citizens
prcheajon	prch8j8n	ប្រជាជន	people, citizens
prcheajan	prch8j8n	ប្រជាជន	people, citizens
procheachun	pr8ch8ch8n	ប្រជាជន	people, citizens
prajajon	pr8j8j8n	ប្រជាជន	people, citizens
mekh	m8kh	មេឃ	sky
megh	m8gh	មេឃ	sky
meikh	m8kh	មេឃ	sky
meigh	m8gh	មេឃ	sky
mek	m8k	មេឃ	sky
phlieng	phl8ng	ភ្លៀង	rain
phleang	phl8ng	ភ្លៀង	rain
bhlieng	bhl8ng	ភ្លៀង	rain
bhleang	bhl8ng	ភ្លៀង	rain
plieng	pl8ng	ភ្លៀង	rain
khyl	kh8l	ខ្យល់	wind
khyl'	kh8l'	ខ្យល់	wind
khyol	kh8l	ខ្យល់	wind
khyol'	kh8l'	ខ្យល់	wind
khyal	kh8l	ខ្យល់	wind
khyal'	kh8l'	ខ្យល់	wind
kyal	k8l	ខ្យល់	wind
phnam	phn8m	ភ្នំ	mountain
phnom	phn8m	ភ្នំ	mountain
phnum	phn8m	ភ្នំ	mountain
bhnam	bhn8m	ភ្នំ	mountain
bhnom	bhn8m	ភ្នំ	mountain
bhnum	bhn8m	ភ្នំ	mountain
pnum	pn8m	ភ្នំ	mountain
pnom	pn8m	ភ្នំ	mountain
tnle	tnl8	ទន្លេ	river
tnlei	tnl8	ទន្លេ	river
tonle	t8nl8	ទន្លេ	river
tonlei	t8nl8	ទន្លេ	river
tanle	t8nl8	ទន្លេ	river
tanlei	t8nl8	ទន្លេ	river
dnle	dnl8	ទន្លេ	river
dnlei	dnl8	ទន្លេ	river
donle	d8nl8	ទន្លេ	river
donlei	d8nl8	ទន្លេ	river
danle	d8nl8	ទន្លេ	river
danlei	d8nl8	ទន្លេ	river
ddnle	ddnl8	ទន្លេ	river
ddnlei	ddnl8	ទន្លេ	river
ddonle	dd8nl8	ទន្លេ	river
ddonlei	dd8nl8	ទន្លេ	river
ddanle	dd8nl8	ទន្លេ	river
ddanlei	dd8nl8	ទន្លេ	river
tunle	t8nl8	ទន្លេ	river
smutr	sm8tr	សមុទ្រ	sea
smudr	sm8dr	សមុទ្រ	sea
smuddr	sm8ddr	សមុទ្រ	sea
smotr	sm8tr	សមុទ្រ	sea
smodr	sm8dr	សមុទ្រ	sea
smoddr	sm8ddr	សមុទ្រ	sea
somutr	s8m8tr	សមុទ្រ	sea
somudr	s8m8dr	សមុទ្រ	sea
somuddr	s8m8ddr	សមុទ្រ	sea
somotr	s8m8tr	សមុទ្រ	sea
somodr	s8m8dr	សមុទ្រ	sea
somoddr	s8m8ddr	សមុទ្រ	sea
samutr	s8m8tr	សមុទ្រ	sea
samudr	s8m8dr	សមុទ្រ	sea
samuddr	s8m8ddr	សមុទ្រ	sea
samotr	s8m8tr	សមុទ្រ	sea
samodr	s8m8dr	សមុទ្រ	sea
samoddr	s8m8ddr	សមុទ្រ	sea
samut	s8m8t	សមុទ្រ	sea
samot	s8m8t	សមុទ្រ	sea
koah	k8h	កោះ	island
koa	k8	កោះ	island
koh	k8h	កោះ	island
kaoah	k8h	កោះ	island
kaoa	k8	កោះ	island
kaoh	k8h	កោះ	island
kouah	k8h	កោះ	island
koua	k8	កោះ	island
kouh	k8h	កោះ	island
koaah	k8h	កោះ	island
koaa	k8	កោះ	island
prai	pr8	ព្រៃ	forest
prey	pr8	ព្រៃ	forest
prei	pr8	ព្រៃ	forest
brai	br8	ព្រៃ	forest
brey	br8	ព្រៃ	forest
brei	br8	ព្រៃ	forest
daemchhae	d8mchh8	ដើមឈើ	tree
daemchher	d8mchh8r	ដើមឈើ	tree
daemchheu	d8mchh8	ដើមឈើ	tree
daemchhaeu	d8mchh8	ដើមឈើ	tree
daemjhae	d8mjh8	ដើមឈើ	tree
daemjher	d8mjh8r	ដើមឈើ	tree
daemjheu	d8mjh8	ដើមឈើ	tree
daemjhaeu	d8mjh8	ដើមឈើ	tree
daemochhae	d8m8chh8	ដើមឈើ	tree
daemochher	d8m8chh8r	ដើមឈើ	tree
daemochheu	d8m8chh8	ដើមឈើ	tree
daemochhaeu	d8m8chh8	ដើមឈើ	tree
daemojhae	d8m8jh8	ដើមឈើ	tree
daemojher	d8m8jh8r	ដើមឈើ	tree
daemojheu	d8m8jh8	ដើមឈើ	tree
daemojhaeu	d8m8jh8	ដើមឈើ	tree
daemachhae	d8m8chh8	ដើមឈើ	tree
daemachher	d8m8chh8r	ដើមឈើ	tree
daemachheu	d8m8chh8	ដើមឈើ	tree
daemachhaeu	d8m8chh8	ដើមឈើ	tree
daemajhae	d8m8jh8	ដើមឈើ	tree
daemajher	d8m8jh8r	ដើមឈើ	tree
daemajheu	d8m8jh8	ដើមឈើ	tree
daemajhaeu	d8m8jh8	ដើមឈើ	tree
dermchhae	d8rmchh8	ដើមឈើ	tree
dermchher	d8rmchh8r	ដើមឈើ	tree
dermchheu	d8rmchh8	ដើមឈើ	tree
dermchhaeu	d8rmchh8	ដើមឈើ	tree
dermjhae	d8rmjh8	ដើមឈើ	tree
dermjher	d8rmjh8r	ដើមឈើ	tree
dermjheu	d8rmjh8	ដើមឈើ	tree
dermjhaeu	d8rmjh8	ដើមឈើ	tree
dermochhae	d8rm8chh8	ដើមឈើ	tree
dermochher	d8rm8chh8r	ដើមឈើ	tree
dermochheu	d8rm8chh8	ដើមឈើ	tree
dermochhaeu	d8rm8chh8	ដើមឈើ	tree
dermojhae	d8rm8jh8	ដើមឈើ	tree
dermojher	d8rm8jh8r	ដើមឈើ	tree
dermojheu	d8rm8jh8	ដើមឈើ	tree
dermojhaeu	d8rm8jh8	ដើមឈើ	tree
dermachhae	d8rm8chh8	ដើមឈើ	tree
dermachher	d8rm8chh8r	ដើមឈើ	tree
dermachheu	d8rm8chh8	ដើមឈើ	tree
dermachhaeu	d8rm8chh8	ដើមឈើ	tree
dermajhae	d8rm8jh8	ដើមឈើ	tree
dermajher	d8rm8jh8r	ដើមឈើ	tree
dermajheu	d8rm8jh8	ដើមឈើ	tree
dermajhaeu	d8rm8jh8	ដើមឈើ	tree
deumchhae	d8mchh8	ដើមឈើ	tree
deumchher	d8mchh8r	ដើមឈើ	tree
deumchheu	d8mchh8	ដើមឈើ	tree
deumchhaeu	d8mchh8	ដើមឈើ	tree
deumjhae	d8mjh8	ដើមឈើ	tree
deumjher	d8mjh8r	ដើមឈើ	tree
deumjheu	d8mjh8	ដើមឈើ	tree
deumjhaeu	d8mjh8	ដើមឈើ	tree
deumochhae	d8m8chh8	ដើមឈើ	tree
deumochher	d8m8chh8r	ដើមឈើ	tree
deumochheu	d8m8chh8	ដើមឈើ	tree
deumochhaeu	d8m8chh8	ដើមឈើ	tree
deumojhae	d8m8jh8	ដើមឈើ	tree
deumojher	d8m8jh8r	ដើមឈើ	tree
deumojheu	d8m8jh8	ដើមឈើ	tree
deumojhaeu	d8m8jh8	ដើមឈើ	tree
deumachhae	d8m8chh8	ដើមឈើ	tree
deumachher	d8m8chh8r	ដើមឈើ	tree
deumachheu	d8m8chh8	ដើមឈើ	tree
deumachhaeu	d8m8chh8	ដើមឈើ	tree
deumajhae	d8m8jh8	ដើមឈើ	tree
deumajher	d8m8jh8r	ដើមឈើ	tree
deumajheu	d8m8jh8	ដើមឈើ	tree
deumajhaeu	d8m8jh8	ដើមឈើ	tree
daeumchhae	d8mchh8	ដើមឈើ	tree
daeumchher	d8mchh8r	ដើមឈើ	tree
daeumchheu	d8mchh8	ដើមឈើ	tree
daeumchhaeu	d8mchh8	ដើមឈើ	tree
daeumjhae	d8mjh8	ដើមឈើ	tree
daeumjher	d8mjh8r	ដើមឈើ	tree
daeumjheu	d8mjh8	ដើមឈើ	tree
daeumjhaeu	d8mjh8	ដើមឈើ	tree
daeumochhae	d8m8chh8	ដើមឈើ	tree
daeumochher	d8m8chh8r	ដើមឈើ	tree
daeumochheu	d8m8chh8	ដើមឈើ	tree
daeumochhaeu	d8m8chh8	ដើមឈើ	tree
daeumojhae	d8m8jh8	ដើមឈើ	tree
daeumojher	d8m8jh8r	ដើមឈើ	tree
daeumojheu	d8m8jh8	ដើមឈើ	tree
daeumojhaeu	d8m8jh8	ដើមឈើ	tree
daeumachhae	d8m8chh8	ដើមឈើ	tree
daeumachher	d8m8chh8r	ដើមឈើ	tree
daeumachheu	d8m8chh8	ដើមឈើ	tree
daeumachhaeu	d8m8chh8	ដើមឈើ	tree
daeumajhae	d8m8jh8	ដើមឈើ	tree
daeumajher	d8m8jh8r	ដើមឈើ	tree
daeumajheu	d8m8jh8	ដើមឈើ	tree
daeumajhaeu	d8m8jh8	ដើមឈើ	tree
dermcher	d8rmch8r	ដើមឈើ	tree
daemcher	d8mch8r	ដើមឈើ	tree
phka	phk8	ផ្កា	flower
phkea	phk8	ផ្កា	flower
phkaa	phk8	ផ្កា	flower
pka	pk8	ផ្កា	flower
chhkae	chhk8	ឆ្កែ	dog
chhke	chhk8	ឆ្កែ	dog
chhkea	chhk8	ឆ្កែ	dog
chkae	chk8	ឆ្កែ	dog
chke	chk8	ឆ្កែ	dog
chkea	chk8	ឆ្កែ	dog
chhma	chhm8	ឆ្មា	cat
chhmea	chhm8	ឆ្មា	cat
chhmaa	chhm8	ឆ្មា	cat
chma	chm8	ឆ្មា	cat
chmea	chm8	ឆ្មា	cat
chmaa	chm8	ឆ្មា	cat
chrouk	chr8k	ជ្រូក	pig
chruk	chr8k	ជ្រូក	pig
chrok	chr8k	ជ្រូក	pig
chruuk	chr8k	ជ្រូក	pig
jrouk	jr8k	ជ្រូក	pig
jruk	jr8k	ជ្រូក	pig
jrok	jr8k	ជ្រូក	pig
jruuk	jr8k	ជ្រូក	pig
ko	k8	គោ	cow
kao	k8	គោ	cow
kou	k8	គោ	cow
koa	k8	គោ	cow
go	g8	គោ	cow
gao	g8	គោ	cow
gou	g8	គោ	cow
goa	g8	គោ	cow
seah	s8h	សេះ	horse
sea	s8	សេះ	horse
seh	s8h	សេះ	horse
seiah	s8h	សេះ	horse
seia	s8	សេះ	horse
seih	s8h	សេះ	horse
damrey	d8mr8	ដំរី	elephant
damri	d8mr8	ដំរី	elephant
damrii	d8mr8	ដំរី	elephant
domrey	d8mr8	ដំរី	elephant
domri	d8mr8	ដំរី	elephant
domrii	d8mr8	ដំរី	elephant
dumrey	d8mr8	ដំរី	elephant
dumri	d8mr8	ដំរី	elephant
dumrii	d8mr8	ដំរី	elephant
domrei	d8mr8	ដំរី	elephant
khla	khl8	ខ្លា	tiger
khlea	khl8	ខ្លា	tiger
khlaa	khl8	ខ្លា	tiger
kla	kl8	ខ្លា	tiger
sva	sv8	ស្វា	monkey
svea	sv8	ស្វា	monkey
svaa	sv8	ស្វា	monkey
swa	sw8	ស្វា	monkey
swea	sw8	ស្វា	monkey
swaa	sw8	ស្វា	monkey
stv	stv	សត្វ	animal
stw	stw	សត្វ	animal
sdv	sdv	សត្វ	animal
sdw	sdw	សត្វ	animal
sotv	s8tv	សត្វ	animal
sotw	s8tw	សត្វ	animal
sodv	s8dv	សត្វ	animal
sodw	s8dw	សត្វ	animal
satv	s8tv	សត្វ	animal
satw	s8tw	សត្វ	animal
sadv	s8dv	សត្វ	animal
sadw	s8dw	សត្វ	animal
sat	s8t	សត្វ	animal
kbal	kb8l	ក្បាល	head
kbeal	kb8l	ក្បាល	head
kbaal	kb8l	ក្បាល	head
kpal	kp8l	ក្បាល	head
kpeal	kp8l	ក្បាល	head
kpaal	kp8l	ក្បាល	head
mukh	m8kh	មុខ	face / front
mokh	m8kh	មុខ	face / front
muk	m8k	មុខ	face / front
mok	m8k	មុខ	face / front
phnaek	phn8k	ភ្នែក	eye
phnek	phn8k	ភ្នែក	eye
phneak	phn8k	ភ្នែក	eye
bhnaek	bhn8k	ភ្នែក	eye
bhnek	bhn8k	ភ្នែក	eye
bhneak	bhn8k	ភ្នែក	eye
pnek	pn8k	ភ្នែក	eye
chrmuah	chrm8h	ច្រមុះ	nose
chrmua	chrm8	ច្រមុះ	nose
chrmuh	chrm8h	ច្រមុះ	nose
chrmoah	chrm8h	ច្រមុះ	nose
chrmoa	chrm8	ច្រមុះ	nose
chrmoh	chrm8h	ច្រមុះ	nose
chromuah	chr8m8h	ច្រមុះ	nose
chromua	chr8m8	ច្រមុះ	nose
chromuh	chr8m8h	ច្រមុះ	nose
chromoah	chr8m8h	ច្រមុះ	nose
chromoa	chr8m8	ច្រមុះ	nose
chromoh	chr8m8h	ច្រមុះ	nose
chramuah	chr8m8h	ច្រមុះ	nose
chramua	chr8m8	ច្រមុះ	nose
chramuh	chr8m8h	ច្រមុះ	nose
chramoah	chr8m8h	ច្រមុះ	nose
chramoa	chr8m8	ច្រមុះ	nose
chramoh	chr8m8h	ច្រមុះ	nose
jrmuah	jrm8h	ច្រមុះ	nose
jrmua	jrm8	ច្រមុះ	nose
jrmuh	jrm8h	ច្រមុះ	nose
jrmoah	jrm8h	ច្រមុះ	nose
jrmoa	jrm8	ច្រមុះ	nose
jrmoh	jrm8h	ច្រមុះ	nose
jromuah	jr8m8h	ច្រមុះ	nose
jromua	jr8m8	ច្រមុះ	nose
jromuh	jr8m8h	ច្រមុះ	nose
jromoah	jr8m8h	ច្រមុះ	nose
jromoa	jr8m8	ច្រមុះ	nose
jromoh	jr8m8h	ច្រមុះ	nose
jramuah	jr8m8h	ច្រមុះ	nose
jramua	jr8m8	ច្រមុះ	nose
jramuh	jr8m8h	ច្រមុះ	nose
jramoah	jr8m8h	ច្រមុះ	nose
jramoa	jr8m8	ច្រមុះ	nose
jramoh	jr8m8h	ច្រមុះ	nose
mat	m8t	មាត់	mouth
mat'	m8t'	មាត់	mouth
mad	m8d	មាត់	mouth
mad'	m8d'	មាត់	mouth
meat	m8t	មាត់	mouth
meat'	m8t'	មាត់	mouth
mead	m8d	មាត់	mouth
mead'	m8d'	មាត់	mouth
maat	m8t	មាត់	mouth
maat'	m8t'	មាត់	mouth
maad	m8d	មាត់	mouth
maad'	m8d'	មាត់	mouth
moat	m8t	មាត់	mouth
trchiek	trch8k	ត្រចៀក	ear
trcheak	trch8k	ត្រចៀក	ear
trjiek	trj8k	ត្រចៀក	ear
trjeak	trj8k	ត្រចៀក	ear
trochiek	tr8ch8k	ត្រចៀក	ear
trocheak	tr8ch8k	ត្រចៀក	ear
trojiek	tr8j8k	ត្រចៀក	ear
trojeak	tr8j8k	ត្រចៀក	ear
trachiek	tr8ch8k	ត្រចៀក	ear
tracheak	tr8ch8k	ត្រចៀក	ear
trajiek	tr8j8k	ត្រចៀក	ear
trajeak	tr8j8k	ត្រចៀក	ear
drchiek	drch8k	ត្រចៀក	ear
drcheak	drch8k	ត្រចៀក	ear
drjiek	drj8k	ត្រចៀក	ear
drjeak	drj8k	ត្រចៀក	ear
drochiek	dr8ch8k	ត្រចៀក	ear
drocheak	dr8ch8k	ត្រចៀក	ear
drojiek	dr8j8k	ត្រចៀក	ear
drojeak	dr8j8k	ត្រចៀក	ear
drachiek	dr8ch8k	ត្រចៀក	ear
dracheak	dr8ch8k	ត្រចៀក	ear
drajiek	dr8j8k	ត្រចៀក	ear
drajeak	dr8j8k	ត្រចៀក	ear
sk	sk	សក់	hair
sk'	sk'	សក់	hair
sok	s8k	សក់	hair
sok'	s8k'	សក់	hair
sak	s8k	សក់	hair
sak'	s8k'	សក់	hair
dai	d8	ដៃ	hand, arm
dey	d8	ដៃ	hand, arm
dei	d8	ដៃ	hand, arm
day	d8	ដៃ	hand, arm
chaeng	ch8ng	ជើង	leg, foot
cherng	ch8rng	ជើង	leg, foot
cheung	ch8ng	ជើង	leg, foot
chaeung	ch8ng	ជើង	leg, foot
jaeng	j8ng	ជើង	leg, foot
jerng	j8rng	ជើង	leg, foot
jeung	j8ng	ជើង	leg, foot
jaeung	j8ng	ជើង	leg, foot
beahdoung	b8hd8ng	បេះដូង	heart
beahdung	b8hd8ng	បេះដូង	heart
beahdong	b8hd8ng	បេះដូង	heart
beahduung	b8hd8ng	បេះដូង	heart
beadoung	b8d8ng	បេះដូង	heart
beadung	b8d8ng	បេះដូង	heart
beadong	b8d8ng	បេះដូង	heart
beaduung	b8d8ng	បេះដូង	heart
behdoung	b8hd8ng	បេះដូង	heart
behdung	b8hd8ng	បេះដូង	heart
behdong	b8hd8ng	បេះដូង	heart
behduung	b8hd8ng	បេះដូង	heart
beiahdoung	b8hd8ng	បេះដូង	heart
beiahdung	b8hd8ng	បេះដូង	heart
beiahdong	b8hd8ng	បេះដូង	heart
beiahduung	b8hd8ng	បេះដូង	heart
beiadoung	b8d8ng	បេះដូង	heart
beiadung	b8d8ng	បេះដូង	heart
beiadong	b8d8ng	បេះដូង	heart
beiaduung	b8d8ng	បេះដូង	heart
beihdoung	b8hd8ng	បេះដូង	heart
beihdung	b8hd8ng	បេះដូង	heart
beihdong	b8hd8ng	បេះដូង	heart
beihduung	b8hd8ng	បេះដូង	heart
peahdoung	p8hd8ng	បេះដូង	heart
peahdung	p8hd8ng	បេះដូង	heart
peahdong	p8hd8ng	បេះដូង	heart
peahduung	p8hd8ng	បេះដូង	heart
peadoung	p8d8ng	បេះដូង	heart
peadung	p8d8ng	បេះដូង	heart
peadong	p8d8ng	បេះដូង	heart
peaduung	p8d8ng	បេះដូង	heart
pehdoung	p8hd8ng	បេះដូង	heart
pehdung	p8hd8ng	បេះដូង	heart
pehdong	p8hd8ng	បេះដូង	heart
pehduung	p8hd8ng	បេះដូង	heart
peiahdoung	p8hd8ng	បេះដូង	heart
peiahdung	p8hd8ng	បេះដូង	heart
peiahdong	p8hd8ng	បេះដូង	heart
peiahduung	p8hd8ng	បេះដូង	heart
peiadoung	p8d8ng	បេះដូង	heart
peiadung	p8d8ng	បេះដូង	heart
peiadong	p8d8ng	បេះដូង	heart
peiaduung	p8d8ng	បេះដូង	heart
peihdoung	p8hd8ng	បេះដូង	heart
peihdung	p8hd8ng	បេះដូង	heart
peihdong	p8hd8ng	បេះដូង	heart
peihduung	p8hd8ng	បេះដូង	heart
chitt	ch8tt	ចិត្ត	heart, mind
chitd	ch8td	ចិត្ត	heart, mind
chidt	ch8dt	ចិត្ត	heart, mind
chidd	ch8dd	ចិត្ត	heart, mind
chett	ch8tt	ចិត្ត	heart, mind
chetd	ch8td	ចិត្ត	heart, mind
chedt	ch8dt	ចិត្ត	heart, mind
chedd	ch8dd	ចិត្ត	heart, mind
jitt	j8tt	ចិត្ត	heart, mind
jitd	j8td	ចិត្ត	heart, mind
jidt	j8dt	ចិត្ត	heart, mind
jidd	j8dd	ចិត្ត	heart, mind
jett	j8tt	ចិត្ត	heart, mind
jetd	j8td	ចិត្ត	heart, mind
jedt	j8dt	ចិត្ត	heart, mind
jedd	j8dd	ចិត្ត	heart, mind
chet	ch8t	ចិត្ត	heart, mind
chit	ch8t	ចិត្ត	heart, mind
chham	chh8m	ឈាម	blood
chheam	chh8m	ឈាម	blood
chhaam	chh8m	ឈាម	blood
jham	jh8m	ឈាម	blood
jheam	jh8m	ឈាម	blood
jhaam	jh8m	ឈាម	blood
cheam	ch8m	ឈាម	blood
rangkay	r8ngk8	រាងកាយ	body
rangkeay	r8ngk8	រាងកាយ	body
rangkaay	r8ngk8	រាងកាយ	body
rangokay	r8ng8k8	រាងកាយ	body
rangokeay	r8ng8k8	រាងកាយ	body
rangokaay	r8ng8k8	រាងកាយ	body
rangakay	r8ng8k8	រាងកាយ	body
rangakeay	r8ng8k8	រាងកាយ	body
rangakaay	r8ng8k8	រាងកាយ	body
reangkay	r8ngk8	រាងកាយ	body
reangkeay	r8ngk8	រាងកាយ	body
reangkaay	r8ngk8	រាងកាយ	body
reangokay	r8ng8k8	រាងកាយ	body
reangokeay	r8ng8k8	រាងកាយ	body
reangokaay	r8ng8k8	រាងកាយ	body
reangakay	r8ng8k8	រាងកាយ	body
reangakeay	r8ng8k8	រាងកាយ	body
reangakaay	r8ng8k8	រាងកាយ	body
raangkay	r8ngk8	រាងកាយ	body
raangkeay	r8ngk8	រាងកាយ	body
raangkaay	r8ngk8	រាងកាយ	body
raangokay	r8ng8k8	រាងកាយ	body
raangokeay	r8ng8k8	រាងកាយ	body
raangokaay	r8ng8k8	រាងកាយ	body
raangakay	r8ng8k8	រាងកាយ	body
raangakeay	r8ng8k8	រាងកាយ	body
raangakaay	r8ng8k8	រាងកាយ	body
pn	pn	ពណ៌	color
pon	p8n	ពណ៌	color
pan	p8n	ពណ៌	color
bn	bn	ពណ៌	color
bon	b8n	ពណ៌	color
ban	b8n	ពណ៌	color
po	p8	ពណ៌	color
poa	p8	ពណ៌	color
krhm	krhm	ក្រហម	red
krhom	krh8m	ក្រហម	red
krham	krh8m	ក្រហម	red
krohm	kr8hm	ក្រហម	red
krohom	kr8h8m	ក្រហម	red
kroham	kr8h8m	ក្រហម	red
krahm	kr8hm	ក្រហម	red
krahom	kr8h8m	ក្រហម	red
kraham	kr8h8m	ក្រហម	red
khiev	kh8v	ខៀវ	blue
khiew	kh8w	ខៀវ	blue
kheav	kh8v	ខៀវ	blue
kheaw	kh8w	ខៀវ	blue
baitng	b8tng	បៃតង	green
baitong	b8t8ng	បៃតង	green
baitang	b8t8ng	បៃតង	green
baidng	b8dng	បៃតង	green
baidong	b8d8ng	បៃតង	green
baidang	b8d8ng	បៃតង	green
beytng	b8tng	បៃតង	green
beytong	b8t8ng	បៃតង	green
beytang	b8t8ng	បៃតង	green
beydng	b8dng	បៃតង	green
beydong	b8d8ng	បៃតង	green
beydang	b8d8ng	បៃតង	green
beitng	b8tng	បៃតង	green
beitong	b8t8ng	បៃតង	green
beitang	b8t8ng	បៃតង	green
beidng	b8dng	បៃតង	green
beidong	b8d8ng	បៃតង	green
beidang	b8d8ng	បៃតង	green
paitng	p8tng	បៃតង	green
paitong	p8t8ng	បៃតង	green
paitang	p8t8ng	បៃតង	green
paidng	p8dng	បៃតង	green
paidong	p8d8ng	បៃតង	green
paidang	p8d8ng	បៃតង	green
peytng	p8tng	បៃតង	green
peytong	p8t8ng	បៃតង	green
peytang	p8t8ng	បៃតង	green
peydng	p8dng	បៃតង	green
peydong	p8d8ng	បៃតង	green
peydang	p8d8ng	បៃតង	green
peitng	p8tng	បៃតង	green
peitong	p8t8ng	បៃតង	green
peitang	p8t8ng	បៃតង	green
peidng	p8dng	បៃតង	green
peidong	p8d8ng	បៃតង	green
peidang	p8d8ng	បៃតង	green
lueng	l8ng	លឿង	yellow
lueang	l8ng	លឿង	yellow
loeang	l8ng	លឿង	yellow
luong	l8ng	លឿង	yellow
leung	l8ng	លឿង	yellow
s	s	ស	white
sa	s8	ស	white
sor	s8r	ស	white
khmov	khm8v	ខ្មៅ	black
khmau	khm8	ខ្មៅ	black
khmow	khm8w	ខ្មៅ	black
khmav	khm8v	ខ្មៅ	black
khmaw	khm8w	ខ្មៅ	black
kmao	km8	ខ្មៅ	black
chhmoah	chhm8h	ឈ្មោះ	name
chhmoa	chhm8	ឈ្មោះ	name
chhmoh	chhm8h	ឈ្មោះ	name
chhmaoah	chhm8h	ឈ្មោះ	name
chhmaoa	chhm8	ឈ្មោះ	name
chhmaoh	chhm8h	ឈ្មោះ	name
chhmouah	chhm8h	ឈ្មោះ	name
chhmoua	chhm8	ឈ្មោះ	name
chhmouh	chhm8h	ឈ្មោះ	name
chhmoaah	chhm8h	ឈ្មោះ	name
chhmoaa	chhm8	ឈ្មោះ	name
jhmoah	jhm8h	ឈ្មោះ	name
jhmoa	jhm8	ឈ្មោះ	name
jhmoh	jhm8h	ឈ្មោះ	name
jhmaoah	jhm8h	ឈ្មោះ	name
jhmaoa	jhm8	ឈ្មោះ	name
jhmaoh	jhm8h	ឈ្មោះ	name
jhmouah	jhm8h	ឈ្មោះ	name
jhmoua	jhm8	ឈ្មោះ	name
jhmouh	jhm8h	ឈ្មោះ	name
jhmoaah	jhm8h	ឈ្មោះ	name
jhmoaa	jhm8	ឈ្មោះ	name
chhmuoh	chhm8h	ឈ្មោះ	name
chmoh	chm8h	ឈ្មោះ	name
roubphap	r8bph8p	រូបភាព	picture
roubphab	r8bph8b	រូបភាព	picture
roubpheap	r8bph8p	រូបភាព	picture
roubpheab	r8bph8b	រូបភាព	picture
roubphaap	r8bph8p	រូបភាព	picture
roubphaab	r8bph8b	រូបភាព	picture
roubbhap	r8bbh8p	រូបភាព	picture
roubbhab	r8bbh8b	រូបភាព	picture
roubbheap	r8bbh8p	រូបភាព	picture
roubbheab	r8bbh8b	រូបភាព	picture
roubbhaap	r8bbh8p	រូបភាព	picture
roubbhaab	r8bbh8b	រូបភាព	picture
roubophap	r8b8ph8p	រូបភាព	picture
roubophab	r8b8ph8b	រូបភាព	picture
roubopheap	r8b8ph8p	រូបភាព	picture
roubopheab	r8b8ph8b	រូបភាព	picture
roubophaap	r8b8ph8p	រូបភាព	picture
roubophaab	r8b8ph8b	រូបភាព	picture
roubobhap	r8b8bh8p	រូបភាព	picture
roubobhab	r8b8bh8b	រូបភាព	picture
roubobheap	r8b8bh8p	រូបភាព	picture
roubobheab	r8b8bh8b	រូបភាព	picture
roubobhaap	r8b8bh8p	រូបភាព	picture
roubobhaab	r8b8bh8b	រូបភាព	picture
roubaphap	r8b8ph8p	រូបភាព	picture
roubaphab	r8b8ph8b	រូបភាព	picture
roubapheap	r8b8ph8p	រូបភាព	picture
roubapheab	r8b8ph8b	រូបភាព	picture
roubaphaap	r8b8ph8p	រូបភាព	picture
roubaphaab	r8b8ph8b	រូបភាព	picture
roubabhap	r8b8bh8p	រូបភាព	picture
roubabhab	r8b8bh8b	រូបភាព	picture
roubabheap	r8b8bh8p	រូបភាព	picture
roubabheab	r8b8bh8b	រូបភាព	picture
roubabhaap	r8b8bh8p	រូបភាព	picture
roubabhaab	r8b8bh8b	រូបភាព	picture
roupphap	r8pph8p	រូបភាព	picture
roupphab	r8pph8b	រូបភាព	picture
rouppheap	r8pph8p	រូបភាព	picture
rouppheab	r8pph8b	រូបភាព	picture
roupphaap	r8pph8p	រូបភាព	picture
roupphaab	r8pph8b	រូបភាព	picture
roupbhap	r8pbh8p	រូបភាព	picture
roupbhab	r8pbh8b	រូបភាព	picture
roupbheap	r8pbh8p	រូបភាព	picture
roupbheab	r8pbh8b	រូបភាព	picture
roupbhaap	r8pbh8p	រូបភាព	picture
roupbhaab	r8pbh8b	រូបភាព	picture
roupophap	r8p8ph8p	រូបភាព	picture
roupophab	r8p8ph8b	រូបភាព	picture
roupopheap	r8p8ph8p	រូបភាព	picture
roupopheab	r8p8ph8b	រូបភាព	picture
roupophaap	r8p8ph8p	រូបភាព	picture
roupophaab	r8p8ph8b	រូបភាព	picture
roupobhap	r8p8bh8p	រូបភាព	picture
roupobhab	r8p8bh8b	រូបភាព	picture
roupobheap	r8p8bh8p	រូបភាព	picture
roupobheab	r8p8bh8b	រូបភាព	picture
roupobhaap	r8p8bh8p	រូបភាព	picture
roupobhaab	r8p8bh8b	រូបភាព	picture
roupaphap	r8p8ph8p	រូបភាព	picture
roupaphab	r8p8ph8b	រូបភាព	picture
roupapheap	r8p8ph8p	រូបភាព	picture
roupapheab	r8p8ph8b	រូបភាព	picture
roupaphaap	r8p8ph8p	រូបភាព	picture
roupaphaab	r8p8ph8b	រូបភាព	picture
roupabhap	r8p8bh8p	រូបភាព	picture
roupabhab	r8p8bh8b	រូបភាព	picture
roupabheap	r8p8bh8p	រូបភាព	picture
roupabheab	r8p8bh8b	រូបភាព	picture
roupabhaap	r8p8bh8p	រូបភាព	picture
roupabhaab	r8p8bh8b	រូបភាព	picture
rubphap	r8bph8p	រូបភាព	picture
rubphab	r8bph8b	រូបភាព	picture
rubpheap	r8bph8p	រូបភាព	picture
rubpheab	r8bph8b	រូបភាព	picture
rubphaap	r8bph8p	រូបភាព	picture
rubphaab	r8bph8b	រូបភាព	picture
rubbhap	r8bbh8p	រូបភាព	picture
rubbhab	r8bbh8b	រូបភាព	picture
rubbheap	r8bbh8p	រូបភាព	picture
rubbheab	r8bbh8b	រូបភាព	picture
rubbhaap	r8bbh8p	រូបភាព	picture
rubbhaab	r8bbh8b	រូបភាព	picture
rubophap	r8b8ph8p	រូបភាព	picture
rubophab	r8b8ph8b	រូបភាព	picture
rubopheap	r8b8ph8p	រូបភាព	picture
rubopheab	r8b8ph8b	រូបភាព	picture
rubophaap	r8b8ph8p	រូបភាព	picture
rubophaab	r8b8ph8b	រូបភាព	picture
rubobhap	r8b8bh8p	រូបភាព	picture
rubobhab	r8b8bh8b	រូបភាព	picture
rubobheap	r8b8bh8p	រូបភាព	picture
rubobheab	r8b8bh8b	រូបភាព	picture
rubobhaap	r8b8bh8p	រូបភាព	picture
rubobhaab	r8b8bh8b	រូបភាព	picture
rubaphap	r8b8ph8p	រូបភាព	picture
rubaphab	r8b8ph8b	រូបភាព	picture
rubapheap	r8b8ph8p	រូបភាព	picture
rubapheab	r8b8ph8b	រូបភាព	picture
rubaphaap	r8b8ph8p	រូបភាព	picture
rubaphaab	r8b8ph8b	រូបភាព	picture
rubabhap	r8b8bh8p	រូបភាព	picture
rubabhab	r8b8bh8b	រូបភាព	picture
rubabheap	r8b8bh8p	រូបភាព	picture
rubabheab	r8b8bh8b	រូបភាព	picture
rubabhaap	r8b8bh8p	រូបភាព	picture
rubabhaab	r8b8bh8b	រូបភាព	picture
rupphap	r8pph8p	រូបភាព	picture
rupphab	r8pph8b	រូបភាព	picture
ruppheap	r8pph8p	រូបភាព	picture
ruppheab	r8pph8b	រូបភាព	picture
rupphaap	r8pph8p	រូបភាព	picture
rupphaab	r8pph8b	រូបភាព	picture
rupbhap	r8pbh8p	រូបភាព	picture
rupbhab	r8pbh8b	រូបភាព	picture
rupbheap	r8pbh8p	រូបភាព	picture
rupbheab	r8pbh8b	រូបភាព	picture
rupbhaap	r8pbh8p	រូបភាព	picture
rupbhaab	r8pbh8b	រូបភាព	picture
rupphea	r8pph8	រូបភាព	picture
roubphea	r8bph8	រូបភាព	picture
roubtht	r8btht	រូបថត	photo
roubthd	r8bthd	រូបថត	photo
roubthot	r8bth8t	រូបថត	photo
roubthod	r8bth8d	រូបថត	photo
roubthat	r8bth8t	រូបថត	photo
roubthad	r8bth8d	រូបថត	photo
roubotht	r8b8tht	រូបថត	photo
roubothd	r8b8thd	រូបថត	photo
roubothot	r8b8th8t	រូបថត	photo
roubothod	r8b8th8d	រូបថត	photo
roubothat	r8b8th8t	រូបថត	photo
roubothad	r8b8th8d	រូបថត	photo
roubatht	r8b8tht	រូបថត	photo
roubathd	r8b8thd	រូបថត	photo
roubathot	r8b8th8t	រូបថត	photo
roubathod	r8b8th8d	រូបថត	photo
roubathat	r8b8th8t	រូបថត	photo
roubathad	r8b8th8d	រូបថត	photo
rouptht	r8ptht	រូបថត	photo
roupthd	r8pthd	រូបថត	photo
roupthot	r8pth8t	រូបថត	photo
roupthod	r8pth8d	រូបថត	photo
roupthat	r8pth8t	រូបថត	photo
roupthad	r8pth8d	រូបថត	photo
roupotht	r8p8tht	រូបថត	photo
roupothd	r8p8thd	រូបថត	photo
roupothot	r8p8th8t	រូបថត	photo
roupothod	r8p8th8d	រូបថត	photo
roupothat	r8p8th8t	រូបថត	photo
roupothad	r8p8th8d	រូបថត	photo
roupatht	r8p8tht	រូបថត	photo
roupathd	r8p8thd	រូបថត	photo
roupathot	r8p8th8t	រូបថត	photo
roupathod	r8p8th8d	រូបថត	photo
roupathat	r8p8th8t	រូបថត	photo
roupathad	r8p8th8d	រូបថត	photo
rubtht	r8btht	រូបថត	photo
rubthd	r8bthd	រូបថត	photo
rubthot	r8bth8t	រូបថត	photo
rubthod	r8bth8d	រូបថត	photo
rubthat	r8bth8t	រូបថត	photo
rubthad	r8bth8d	រូបថត	photo
rubotht	r8b8tht	រូបថត	photo
rubothd	r8b8thd	រូបថត	photo
rubothot	r8b8th8t	រូបថត	photo
rubothod	r8b8th8d	រូបថត	photo
rubothat	r8b8th8t	រូបថត	photo
rubothad	r8b8th8d	រូបថត	photo
rubatht	r8b8tht	រូបថត	photo
rubathd	r8b8thd	រូបថត	photo
rubathot	r8b8th8t	រូបថត	photo
rubathod	r8b8th8d	រូបថត	photo
rubathat	r8b8th8t	រូបថត	photo
rubathad	r8b8th8d	រូបថត	photo
ruptht	r8ptht	រូបថត	photo
rupthd	r8pthd	រូបថត	photo
rupthot	r8pth8t	រូបថត	photo
rupthod	r8pth8d	រូបថត	photo
rupthat	r8pth8t	រូបថត	photo
rupthad	r8pth8d	រូបថត	photo
rupotht	r8p8tht	រូបថត	photo
rupothd	r8p8thd	រូបថត	photo
rupothot	r8p8th8t	រូបថត	photo
rupothod	r8p8th8d	រូបថត	photo
rupothat	r8p8th8t	រូបថត	photo
rupothad	r8p8th8d	រូបថត	photo
rupatht	r8p8tht	រូបថត	photo
rupathd	r8p8thd	រូបថត	photo
rupathot	r8p8th8t	រូបថត	photo
rupathod	r8p8th8d	រូបថត	photo
rupathat	r8p8th8t	រូបថត	photo
rupathad	r8p8th8d	រូបថត	photo
robtht	r8btht	រូបថត	photo
robthd	r8bthd	រូបថត	photo
robthot	r8bth8t	រូបថត	photo
robthod	r8bth8d	រូបថត	photo
robthat	r8bth8t	រូបថត	photo
robthad	r8bth8d	រូបថត	photo
robotht	r8b8tht	រូបថត	photo
robothd	r8b8thd	រូបថត	photo
robothot	r8b8th8t	រូបថត	photo
robothod	r8b8th8d	រូបថត	photo
robothat	r8b8th8t	រូបថត	photo
robothad	r8b8th8d	រូបថត	photo
robatht	r8b8tht	រូបថត	photo
robathd	r8b8thd	រូបថត	photo
robathot	r8b8th8t	រូបថត	photo
robathod	r8b8th8d	រូបថត	photo
robathat	r8b8th8t	រូបថត	photo
robathad	r8b8th8d	រូបថត	photo
roptht	r8ptht	រូបថត	photo
ropthd	r8pthd	រូបថត	photo
ropthot	r8pth8t	រូបថត	photo
ropthod	r8pth8d	រូបថត	photo
ropthat	r8pth8t	រូបថត	photo
ropthad	r8pth8d	រូបថត	photo
ropotht	r8p8tht	រូបថត	photo
ropothd	r8p8thd	រូបថត	photo
ropothot	r8p8th8t	រូបថត	photo
ropothod	r8p8th8d	រូបថត	photo
ropothat	r8p8th8t	រូបថត	photo
ropothad	r8p8th8d	រូបថត	photo
ropatht	r8p8tht	រូបថត	photo
ropathd	r8p8thd	រូបថត	photo
ropathot	r8p8th8t	រូបថត	photo
ropathod	r8p8th8d	រូបថត	photo
ropathat	r8p8th8t	រូបថត	photo
ropathad	r8p8th8d	រូបថត	photo
ruubtht	r8btht	រូបថត	photo
ruubthd	r8bthd	រូបថត	photo
ruubthot	r8bth8t	រូបថត	photo
ruubthod	r8bth8d	រូបថត	photo
ruubthat	r8bth8t	រូបថត	photo
ruubthad	r8bth8d	រូបថត	photo
ruubotht	r8b8tht	រូបថត	photo
ruubothd	r8b8thd	រូបថត	photo
ruubothot	r8b8th8t	រូបថត	photo
ruubothod	r8b8th8d	រូបថត	photo
ruubothat	r8b8th8t	រូបថត	photo
ruubothad	r8b8th8d	រូបថត	photo
chmrieng	chmr8ng	ចម្រៀង	song
chmreang	chmr8ng	ចម្រៀង	song
chomrieng	ch8mr8ng	ចម្រៀង	song
chomreang	ch8mr8ng	ចម្រៀង	song
chamrieng	ch8mr8ng	ចម្រៀង	song
chamreang	ch8mr8ng	ចម្រៀង	song
jmrieng	jmr8ng	ចម្រៀង	song
jmreang	jmr8ng	ចម្រៀង	song
jomrieng	j8mr8ng	ចម្រៀង	song
jomreang	j8mr8ng	ចម្រៀង	song
jamrieng	j8mr8ng	ចម្រៀង	song
jamreang	j8mr8ng	ចម្រៀង	song
phapynt	ph8p8nt	ភាពយន្ត	movie
phapynd	ph8p8nd	ភាពយន្ត	movie
phapyont	ph8p8nt	ភាពយន្ត	movie
phapyond	ph8p8nd	ភាពយន្ត	movie
phapyant	ph8p8nt	ភាពយន្ត	movie
phapyand	ph8p8nd	ភាពយន្ត	movie
phapoynt	ph8p8nt	ភាពយន្ត	movie
phapoynd	ph8p8nd	ភាពយន្ត	movie
phapoyont	ph8p8nt	ភាពយន្ត	movie
phapoyond	ph8p8nd	ភាពយន្ត	movie
phapoyant	ph8p8nt	ភាពយន្ត	movie
phapoyand	ph8p8nd	ភាពយន្ត	movie
phapaynt	ph8p8nt	ភាពយន្ត	movie
phapaynd	ph8p8nd	ភាពយន្ត	movie
phapayont	ph8p8nt	ភាពយន្ត	movie
phapayond	ph8p8nd	ភាពយន្ត	movie
phapayant	ph8p8nt	ភាពយន្ត	movie
phapayand	ph8p8nd	ភាពយន្ត	movie
phabynt	ph8b8nt	ភាពយន្ត	movie
phabynd	ph8b8nd	ភាពយន្ត	movie
phabyont	ph8b8nt	ភាពយន្ត	movie
phabyond	ph8b8nd	ភាពយន្ត	movie
phabyant	ph8b8nt	ភាពយន្ត	movie
phabyand	ph8b8nd	ភាពយន្ត	movie
phaboynt	ph8b8nt	ភាពយន្ត	movie
phaboynd	ph8b8nd	ភាពយន្ត	movie
phaboyont	ph8b8nt	ភាពយន្ត	movie
phaboyond	ph8b8nd	ភាពយន្ត	movie
phaboyant	ph8b8nt	ភាពយន្ត	movie
phaboyand	ph8b8nd	ភាពយន្ត	movie
phabaynt	ph8b8nt	ភាពយន្ត	movie
phabaynd	ph8b8nd	ភាពយន្ត	movie
phabayont	ph8b8nt	ភាពយន្ត	movie
phabayond	ph8b8nd	ភាពយន្ត	movie
phabayant	ph8b8nt	ភាពយន្ត	movie
phabayand	ph8b8nd	ភាពយន្ត	movie
pheapynt	ph8p8nt	ភាពយន្ត	movie
pheapynd	ph8p8nd	ភាពយន្ត	movie
pheapyont	ph8p8nt	ភាពយន្ត	movie
pheapyond	ph8p8nd	ភាពយន្ត	movie
pheapyant	ph8p8nt	ភាពយន្ត	movie
pheapyand	ph8p8nd	ភាពយន្ត	movie
pheapoynt	ph8p8nt	ភាពយន្ត	movie
pheapoynd	ph8p8nd	ភាពយន្ត	movie
pheapoyont	ph8p8nt	ភាពយន្ត	movie
pheapoyond	ph8p8nd	ភាពយន្ត	movie
pheapoyant	ph8p8nt	ភាពយន្ត	movie
pheapoyand	ph8p8nd	ភាពយន្ត	movie
pheapaynt	ph8p8nt	ភាពយន្ត	movie
pheapaynd	ph8p8nd	ភាពយន្ត	movie
pheapayont	ph8p8nt	ភាពយន្ត	movie
pheapayond	ph8p8nd	ភាពយន្ត	movie
pheapayant	ph8p8nt	ភាពយន្ត	movie
pheapayand	ph8p8nd	ភាពយន្ត	movie
pheabynt	ph8b8nt	ភាពយន្ត	movie
pheabynd	ph8b8nd	ភាពយន្ត	movie
pheabyont	ph8b8nt	ភាពយន្ត	movie
pheabyond	ph8b8nd	ភាពយន្ត	movie
pheabyant	ph8b8nt	ភាពយន្ត	movie
pheabyand	ph8b8nd	ភាពយន្ត	movie
pheaboynt	ph8b8nt	ភាពយន្ត	movie
pheaboynd	ph8b8nd	ភាពយន្ត	movie
pheaboyont	ph8b8nt	ភាពយន្ត	movie
pheaboyond	ph8b8nd	ភាពយន្ត	movie
pheaboyant	ph8b8nt	ភាពយន្ត	movie
pheaboyand	ph8b8nd	ភាពយន្ត	movie
pheabaynt	ph8b8nt	ភាពយន្ត	movie
pheabaynd	ph8b8nd	ភាពយន្ត	movie
pheabayont	ph8b8nt	ភាពយន្ត	movie
pheabayond	ph8b8nd	ភាពយន្ត	movie
pheabayant	ph8b8nt	ភាពយន្ត	movie
pheabayand	ph8b8nd	ភាពយន្ត	movie
phaapynt	ph8p8nt	ភាពយន្ត	movie
phaapynd	ph8p8nd	ភាពយន្ត	movie
phaapyont	ph8p8nt	ភាពយន្ត	movie
phaapyond	ph8p8nd	ភាពយន្ត	movie
phaapyant	ph8p8nt	ភាពយន្ត	movie
phaapyand	ph8p8nd	ភាពយន្ត	movie
phaapoynt	ph8p8nt	ភាពយន្ត	movie
phaapoynd	ph8p8nd	ភាពយន្ត	movie
phaapoyont	ph8p8nt	ភាពយន្ត	movie
phaapoyond	ph8p8nd	ភាពយន្ត	movie
phaapoyant	ph8p8nt	ភាពយន្ត	movie
phaapoyand	ph8p8nd	ភាពយន្ត	movie
phaapaynt	ph8p8nt	ភាពយន្ត	movie
phaapaynd	ph8p8nd	ភាពយន្ត	movie
phaapayont	ph8p8nt	ភាពយន្ត	movie
phaapayond	ph8p8nd	ភាពយន្ត	movie
phaapayant	ph8p8nt	ភាពយន្ត	movie
phaapayand	ph8p8nd	ភាពយន្ត	movie
phaabynt	ph8b8nt	ភាពយន្ត	movie
phaabynd	ph8b8nd	ភាពយន្ត	movie
phaabyont	ph8b8nt	ភាពយន្ត	movie
phaabyond	ph8b8nd	ភាពយន្ត	movie
phaabyant	ph8b8nt	ភាពយន្ត	movie
phaabyand	ph8b8nd	ភាពយន្ត	movie
phaaboynt	ph8b8nt	ភាពយន្ត	movie
phaaboynd	ph8b8nd	ភាពយន្ត	movie
phaaboyont	ph8b8nt	ភាពយន្ត	movie
phaaboyond	ph8b8nd	ភាពយន្ត	movie
phaaboyant	ph8b8nt	ភាពយន្ត	movie
phaaboyand	ph8b8nd	ភាពយន្ត	movie
phaabaynt	ph8b8nt	ភាពយន្ត	movie
phaabaynd	ph8b8nd	ភាពយន្ត	movie
phaabayont	ph8b8nt	ភាពយន្ត	movie
phaabayond	ph8b8nd	ភាពយន្ត	movie
phaabayant	ph8b8nt	ភាពយន្ត	movie
phaabayand	ph8b8nd	ភាពយន្ត	movie
bhapynt	bh8p8nt	ភាពយន្ត	movie
bhapynd	bh8p8nd	ភាពយន្ត	movie
bhapyont	bh8p8nt	ភាពយន្ត	movie
bhapyond	bh8p8nd	ភាពយន្ត	movie
bhapyant	bh8p8nt	ភាពយន្ត	movie
bhapyand	bh8p8nd	ភាពយន្ត	movie
bhapoynt	bh8p8nt	ភាពយន្ត	movie
bhapoynd	bh8p8nd	ភាពយន្ត	movie
bhapoyont	bh8p8nt	ភាពយន្ត	movie
bhapoyond	bh8p8nd	ភាពយន្ត	movie
bhapoyant	bh8p8nt	ភាពយន្ត	movie
bhapoyand	bh8p8nd	ភាពយន្ត	movie
pheapyun	ph8p8n	ភាពយន្ត	movie
phapyon	ph8p8n	ភាពយន្ត	movie
keyla	k8l8	កីឡា	sport
keylea	k8l8	កីឡា	sport
keylaa	k8l8	កីឡា	sport
kila	k8l8	កីឡា	sport
kilea	k8l8	កីឡា	sport
kilaa	k8l8	កីឡា	sport
kiila	k8l8	កីឡា	sport
kiilea	k8l8	កីឡា	sport
kiilaa	k8l8	កីឡា	sport
baltat	b8lt8t	បាល់ទាត់	football
baltat'	b8lt8t'	បាល់ទាត់	football
baltad	b8lt8d	បាល់ទាត់	football
baltad'	b8lt8d'	បាល់ទាត់	football
balteat	b8lt8t	បាល់ទាត់	football
balteat'	b8lt8t'	បាល់ទាត់	football
baltead	b8lt8d	បាល់ទាត់	football
baltead'	b8lt8d'	បាល់ទាត់	football
baltaat	b8lt8t	បាល់ទាត់	football
baltaat'	b8lt8t'	បាល់ទាត់	football
baltaad	b8lt8d	បាល់ទាត់	football
baltaad'	b8lt8d'	បាល់ទាត់	football
baldat	b8ld8t	បាល់ទាត់	football
baldat'	b8ld8t'	បាល់ទាត់	football
baldad	b8ld8d	បាល់ទាត់	football
baldad'	b8ld8d'	បាល់ទាត់	football
baldeat	b8ld8t	បាល់ទាត់	football
baldeat'	b8ld8t'	បាល់ទាត់	football
baldead	b8ld8d	បាល់ទាត់	football
baldead'	b8ld8d'	បាល់ទាត់	football
baldaat	b8ld8t	បាល់ទាត់	football
baldaat'	b8ld8t'	បាល់ទាត់	football
baldaad	b8ld8d	បាល់ទាត់	football
baldaad'	b8ld8d'	បាល់ទាត់	football
balddat	b8ldd8t	បាល់ទាត់	football
balddat'	b8ldd8t'	បាល់ទាត់	football
balddad	b8ldd8d	បាល់ទាត់	football
balddad'	b8ldd8d'	បាល់ទាត់	football
balddeat	b8ldd8t	បាល់ទាត់	football
balddeat'	b8ldd8t'	បាល់ទាត់	football
balddead	b8ldd8d	បាល់ទាត់	football
balddead'	b8ldd8d'	បាល់ទាត់	football
balddaat	b8ldd8t	បាល់ទាត់	football
balddaat'	b8ldd8t'	បាល់ទាត់	football
balddaad	b8ldd8d	បាល់ទាត់	football
balddaad'	b8ldd8d'	បាល់ទាត់	football
bal'tat	b8l't8t	បាល់ទាត់	football
bal'tat'	b8l't8t'	បាល់ទាត់	football
bal'tad	b8l't8d	បាល់ទាត់	football
bal'tad'	b8l't8d'	បាល់ទាត់	football
bal'teat	b8l't8t	បាល់ទាត់	football
bal'teat'	b8l't8t'	បាល់ទាត់	football
bal'tead	b8l't8d	បាល់ទាត់	football
bal'tead'	b8l't8d'	បាល់ទាត់	football
bal'taat	b8l't8t	បាល់ទាត់	football
bal'taat'	b8l't8t'	បាល់ទាត់	football
bal'taad	b8l't8d	បាល់ទាត់	football
bal'taad'	b8l't8d'	បាល់ទាត់	football
bal'dat	b8l'd8t	បាល់ទាត់	football
bal'dat'	b8l'd8t'	បាល់ទាត់	football
bal'dad	b8l'd8d	បាល់ទាត់	football
bal'dad'	b8l'd8d'	បាល់ទាត់	football
bal'deat	b8l'd8t	បាល់ទាត់	football
bal'deat'	b8l'd8t'	បាល់ទាត់	football
bal'dead	b8l'd8d	បាល់ទាត់	football
bal'dead'	b8l'd8d'	បាល់ទាត់	football
bal'daat	b8l'd8t	បាល់ទាត់	football
bal'daat'	b8l'd8t'	បាល់ទាត់	football
bal'daad	b8l'd8d	បាល់ទាត់	football
bal'daad'	b8l'd8d'	បាល់ទាត់	football
bal'ddat	b8l'dd8t	បាល់ទាត់	football
bal'ddat'	b8l'dd8t'	បាល់ទាត់	football
bal'ddad	b8l'dd8d	បាល់ទាត់	football
bal'ddad'	b8l'dd8d'	បាល់ទាត់	football
bal'ddeat	b8l'dd8t	បាល់ទាត់	football
bal'ddeat'	b8l'dd8t'	បាល់ទាត់	football
bal'ddead	b8l'dd8d	បាល់ទាត់	football
bal'ddead'	b8l'dd8d'	បាល់ទាត់	football
bal'ddaat	b8l'dd8t	បាល់ទាត់	football
bal'ddaat'	b8l'dd8t'	បាល់ទាត់	football
bal'ddaad	b8l'dd8d	បាល់ទាត់	football
bal'ddaad'	b8l'dd8d'	បាល់ទាត់	football
bealtat	b8lt8t	បាល់ទាត់	football
bealtat'	b8lt8t'	បាល់ទាត់	football
bealtad	b8lt8d	បាល់ទាត់	football
bealtad'	b8lt8d'	បាល់ទាត់	football
bealteat	b8lt8t	បាល់ទាត់	football
bealteat'	b8lt8t'	បាល់ទាត់	football
bealtead	b8lt8d	បាល់ទាត់	football
bealtead'	b8lt8d'	បាល់ទាត់	football
bealtaat	b8lt8t	បាល់ទាត់	football
bealtaat'	b8lt8t'	បាល់ទាត់	football
bealtaad	b8lt8d	បាល់ទាត់	football
bealtaad'	b8lt8d'	បាល់ទាត់	football
bealdat	b8ld8t	បាល់ទាត់	football
bealdat'	b8ld8t'	បាល់ទាត់	football
bealdad	b8ld8d	បាល់ទាត់	football
bealdad'	b8ld8d'	បាល់ទាត់	football
bealdeat	b8ld8t	បាល់ទាត់	football
bealdeat'	b8ld8t'	បាល់ទាត់	football
bealdead	b8ld8d	បាល់ទាត់	football
bealdead'	b8ld8d'	បាល់ទាត់	football
bealdaat	b8ld8t	បាល់ទាត់	football
bealdaat'	b8ld8t'	បាល់ទាត់	football
bealdaad	b8ld8d	បាល់ទាត់	football
bealdaad'	b8ld8d'	បាល់ទាត់	football
bealddat	b8ldd8t	បាល់ទាត់	football
bealddat'	b8ldd8t'	បាល់ទាត់	football
bealddad	b8ldd8d	បាល់ទាត់	football
bealddad'	b8ldd8d'	បាល់ទាត់	football
bealddeat	b8ldd8t	បាល់ទាត់	football
bealddeat'	b8ldd8t'	បាល់ទាត់	football
bealddead	b8ldd8d	បាល់ទាត់	football
bealddead'	b8ldd8d'	បាល់ទាត់	football
bealddaat	b8ldd8t	បាល់ទាត់	football
bealddaat'	b8ldd8t'	បាល់ទាត់	football
bealddaad	b8ldd8d	បាល់ទាត់	football
bealddaad'	b8ldd8d'	បាល់ទាត់	football
beal'tat	b8l't8t	បាល់ទាត់	football
beal'tat'	b8l't8t'	បាល់ទាត់	football
beal'tad	b8l't8d	បាល់ទាត់	football
beal'tad'	b8l't8d'	បាល់ទាត់	football
beal'teat	b8l't8t	បាល់ទាត់	football
beal'teat'	b8l't8t'	បាល់ទាត់	football
beal'tead	b8l't8d	បាល់ទាត់	football
beal'tead'	b8l't8d'	បាល់ទាត់	football
beal'taat	b8l't8t	បាល់ទាត់	football
beal'taat'	b8l't8t'	បាល់ទាត់	football
beal'taad	b8l't8d	បាល់ទាត់	football
beal'taad'	b8l't8d'	បាល់ទាត់	football
baltoat	b8lt8t	បាល់ទាត់	football
aakasthatu	8k8sth8t8	អាកាសធាតុ	weather
aakasthato	8k8sth8t8	អាកាសធាតុ	weather
aakasthadu	8k8sth8d8	អាកាសធាតុ	weather
aakasthado	8k8sth8d8	អាកាសធាតុ	weather
aakastheatu	8k8sth8t8	អាកាសធាតុ	weather
aakastheato	8k8sth8t8	អាកាសធាតុ	weather
aakastheadu	8k8sth8d8	អាកាសធាតុ	weather
aakastheado	8k8sth8d8	អាកាសធាតុ	weather
aakasthaatu	8k8sth8t8	អាកាសធាតុ	weather
aakasthaato	8k8sth8t8	អាកាសធាតុ	weather
aakasthaadu	8k8sth8d8	អាកាសធាតុ	weather
aakasthaado	8k8sth8d8	អាកាសធាតុ	weather
aakasdhatu	8k8sdh8t8	អាកាសធាតុ	weather
aakasdhato	8k8sdh8t8	អាកាសធាតុ	weather
aakasdhadu	8k8sdh8d8	អាកាសធាតុ	weather
aakasdhado	8k8sdh8d8	អាកាសធាតុ	weather
aakasdheatu	8k8sdh8t8	អាកាសធាតុ	weather
aakasdheato	8k8sdh8t8	អាកាសធាតុ	weather
aakasdheadu	8k8sdh8d8	អាកាសធាតុ	weather
aakasdheado	8k8sdh8d8	អាកាសធាតុ	weather
aakasdhaatu	8k8sdh8t8	អាកាសធាតុ	weather
aakasdhaato	8k8sdh8t8	អាកាសធាតុ	weather
aakasdhaadu	8k8sdh8d8	អាកាសធាតុ	weather
aakasdhaado	8k8sdh8d8	អាកាសធាតុ	weather
aakasothatu	8k8s8th8t8	អាកាសធាតុ	weather
aakasothato	8k8s8th8t8	អាកាសធាតុ	weather
aakasothadu	8k8s8th8d8	អាកាសធាតុ	weather
aakasothado	8k8s8th8d8	អាកាសធាតុ	weather
aakasotheatu	8k8s8th8t8	អាកាសធាតុ	weather
aakasotheato	8k8s8th8t8	អាកាសធាតុ	weather
aakasotheadu	8k8s8th8d8	អាកាសធាតុ	weather
aakasotheado	8k8s8th8d8	អាកាសធាតុ	weather
aakasothaatu	8k8s8th8t8	អាកាសធាតុ	weather
aakasothaato	8k8s8th8t8	អាកាសធាតុ	weather
aakasothaadu	8k8s8th8d8	អាកាសធាតុ	weather
aakasothaado	8k8s8th8d8	អាកាសធាតុ	weather
aakasodhatu	8k8s8dh8t8	អាកាសធាតុ	weather
aakasodhato	8k8s8dh8t8	អាកាសធាតុ	weather
aakasodhadu	8k8s8dh8d8	អាកាសធាតុ	weather
aakasodhado	8k8s8dh8d8	អាកាសធាតុ	weather
aakasodheatu	8k8s8dh8t8	អាកាសធាតុ	weather
aakasodheato	8k8s8dh8t8	អាកាសធាតុ	weather
aakasodheadu	8k8s8dh8d8	អាកាសធាតុ	weather
aakasodheado	8k8s8dh8d8	អាកាសធាតុ	weather
aakasodhaatu	8k8s8dh8t8	អាកាសធាតុ	weather
aakasodhaato	8k8s8dh8t8	អាកាសធាតុ	weather
aakasodhaadu	8k8s8dh8d8	អាកាសធាតុ	weather
aakasodhaado	8k8s8dh8d8	អាកាសធាតុ	weather
aakasathatu	8k8s8th8t8	អាកាសធាតុ	weather
aakasathato	8k8s8th8t8	អាកាសធាតុ	weather
aakasathadu	8k8s8th8d8	អាកាសធាតុ	weather
aakasathado	8k8s8th8d8	អាកាសធាតុ	weather
aakasatheatu	8k8s8th8t8	អាកាសធាតុ	weather
aakasatheato	8k8s8th8t8	អាកាសធាតុ	weather
aakasatheadu	8k8s8th8d8	អាកាសធាតុ	weather
aakasatheado	8k8s8th8d8	អាកាសធាតុ	weather
aakasathaatu	8k8s8th8t8	អាកាសធាតុ	weather
aakasathaato	8k8s8th8t8	អាកាសធាតុ	weather
aakasathaadu	8k8s8th8d8	អាកាសធាតុ	weather
aakasathaado	8k8s8th8d8	អាកាសធាតុ	weather
aakasadhatu	8k8s8dh8t8	អាកាសធាតុ	weather
aakasadhato	8k8s8dh8t8	អាកាសធាតុ	weather
aakasadhadu	8k8s8dh8d8	អាកាសធាតុ	weather
aakasadhado	8k8s8dh8d8	អាកាសធាតុ	weather
aakasadheatu	8k8s8dh8t8	អាកាសធាតុ	weather
aakasadheato	8k8s8dh8t8	អាកាសធាតុ	weather
aakasadheadu	8k8s8dh8d8	អាកាសធាតុ	weather
aakasadheado	8k8s8dh8d8	អាកាសធាតុ	weather
aakasadhaatu	8k8s8dh8t8	អាកាសធាតុ	weather
aakasadhaato	8k8s8dh8t8	អាកាសធាតុ	weather
aakasadhaadu	8k8s8dh8d8	អាកាសធាតុ	weather
aakasadhaado	8k8s8dh8d8	អាកាសធាតុ	weather
aakeasthatu	8k8sth8t8	អាកាសធាតុ	weather
aakeasthato	8k8sth8t8	អាកាសធាតុ	weather
aakeasthadu	8k8sth8d8	អាកាសធាតុ	weather
aakeasthado	8k8sth8d8	អាកាសធាតុ	weather
aakeastheatu	8k8sth8t8	អាកាសធាតុ	weather
aakeastheato	8k8sth8t8	អាកាសធាតុ	weather
aakeastheadu	8k8sth8d8	អាកាសធាតុ	weather
aakeastheado	8k8sth8d8	អាកាសធាតុ	weather
aakeasthaatu	8k8sth8t8	អាកាសធាតុ	weather
aakeasthaato	8k8sth8t8	អាកាសធាតុ	weather
aakeasthaadu	8k8sth8d8	អាកាសធាតុ	weather
aakeasthaado	8k8sth8d8	អាកាសធាតុ	weather
aakeasdhatu	8k8sdh8t8	អាកាសធាតុ	weather
aakeasdhato	8k8sdh8t8	អាកាសធាតុ	weather
aakeasdhadu	8k8sdh8d8	អាកាសធាតុ	weather
aakeasdhado	8k8sdh8d8	អាកាសធាតុ	weather
aakeasdheatu	8k8sdh8t8	អាកាសធាតុ	weather
aakeasdheato	8k8sdh8t8	អាកាសធាតុ	weather
aakeasdheadu	8k8sdh8d8	អាកាសធាតុ	weather
aakeasdheado	8k8sdh8d8	អាកាសធាតុ	weather
aakeasdhaatu	8k8sdh8t8	អាកាសធាតុ	weather
aakeasdhaato	8k8sdh8t8	អាកាសធាតុ	weather
aakeasdhaadu	8k8sdh8d8	អាកាសធាតុ	weather
aakeasdhaado	8k8sdh8d8	អាកាសធាតុ	weather
aakeasothatu	8k8s8th8t8	អាកាសធាតុ	weather
aakeasothato	8k8s8th8t8	អាកាសធាតុ	weather
aakeasothadu	8k8s8th8d8	អាកាសធាតុ	weather
aakeasothado	8k8s8th8d8	អាកាសធាតុ	weather
aakeasotheatu	8k8s8th8t8	អាកាសធាតុ	weather
aakeasotheato	8k8s8th8t8	អាកាសធាតុ	weather
aakeasotheadu	8k8s8th8d8	អាកាសធាតុ	weather
aakeasotheado	8k8s8th8d8	អាកាសធាតុ	weather
aakeasothaatu	8k8s8th8t8	អាកាសធាតុ	weather
aakeasothaato	8k8s8th8t8	អាកាសធាតុ	weather
aakeasothaadu	8k8s8th8d8	អាកាសធាតុ	weather
aakeasothaado	8k8s8th8d8	អាកាសធាតុ	weather
aakeasodhatu	8k8s8dh8t8	អាកាសធាតុ	weather
aakeasodhato	8k8s8dh8t8	អាកាសធាតុ	weather
aakeasodhadu	8k8s8dh8d8	អាកាសធាតុ	weather
aakeasodhado	8k8s8dh8d8	អាកាសធាតុ	weather
aakeasodheatu	8k8s8dh8t8	អាកាសធាតុ	weather
aakeasodheato	8k8s8dh8t8	អាកាសធាតុ	weather
aakeasodheadu	8k8s8dh8d8	អាកាសធាតុ	weather
aakeasodheado	8k8s8dh8d8	អាកាសធាតុ	weather
aakeasodhaatu	8k8s8dh8t8	អាកាសធាតុ	weather
aakeasodhaato	8k8s8dh8t8	អាកាសធាតុ	weather
aakeasodhaadu	8k8s8dh8d8	អាកាសធាតុ	weather
aakeasodhaado	8k8s8dh8d8	អាកាសធាតុ	weather
akasathat	8k8s8th8t	អាកាសធាតុ	weather
akastheat	8k8sth8t	អាកាសធាតុ	weather
ptman	ptm8n	ព័ត៌មាន	news, info
ptmean	ptm8n	ព័ត៌មាន	news, info
ptmaan	ptm8n	ព័ត៌មាន	news, info
pdman	pdm8n	ព័ត៌មាន	news, info
pdmean	pdm8n	ព័ត៌មាន	news, info
pdmaan	pdm8n	ព័ត៌មាន	news, info
patman	p8tm8n	ព័ត៌មាន	news, info
patmean	p8tm8n	ព័ត៌មាន	news, info
patmaan	p8tm8n	ព័ត៌មាន	news, info
padman	p8dm8n	ព័ត៌មាន	news, info
padmean	p8dm8n	ព័ត៌មាន	news, info
padmaan	p8dm8n	ព័ត៌មាន	news, info
poatman	p8tm8n	ព័ត៌មាន	news, info
poatmean	p8tm8n	ព័ត៌មាន	news, info
poatmaan	p8tm8n	ព័ត៌មាន	news, info
poadman	p8dm8n	ព័ត៌មាន	news, info
poadmean	p8dm8n	ព័ត៌មាន	news, info
poadmaan	p8dm8n	ព័ត៌មាន	news, info
btman	btm8n	ព័ត៌មាន	news, info
btmean	btm8n	ព័ត៌មាន	news, info
btmaan	btm8n	ព័ត៌មាន	news, info
bdman	bdm8n	ព័ត៌មាន	news, info
bdmean	bdm8n	ព័ត៌មាន	news, info
bdmaan	bdm8n	ព័ត៌មាន	news, info
batman	b8tm8n	ព័ត៌មាន	news, info
batmean	b8tm8n	ព័ត៌មាន	news, info
batmaan	b8tm8n	ព័ត៌មាន	news, info
badman	b8dm8n	ព័ត៌មាន	news, info
badmean	b8dm8n	ព័ត៌មាន	news, info
badmaan	b8dm8n	ព័ត៌មាន	news, info
boatman	b8tm8n	ព័ត៌មាន	news, info
boatmean	b8tm8n	ព័ត៌មាន	news, info
boatmaan	b8tm8n	ព័ត៌មាន	news, info
boadman	b8dm8n	ព័ត៌មាន	news, info
boadmean	b8dm8n	ព័ត៌មាន	news, info
boadmaan	b8dm8n	ព័ត៌មាន	news, info
poatamean	p8t8m8n	ព័ត៌មាន	news, info
patmien	p8tm8n	ព័ត៌មាន	news, info
samnuor	s8mn8r	សំណួរ	question
samnuar	s8mn8r	សំណួរ	question
samnur	s8mn8r	សំណួរ	question
somnuor	s8mn8r	សំណួរ	question
somnuar	s8mn8r	សំណួរ	question
somnur	s8mn8r	សំណួរ	question
sumnuor	s8mn8r	សំណួរ	question
sumnuar	s8mn8r	សំណួរ	question
sumnur	s8mn8r	សំណួរ	question
samnuo	s8mn8	សំណួរ	question
samnour	s8mn8r	សំណួរ	question
chmlaey	chml8	ចម្លើយ	answer (n.)
chmlery	chml8r8	ចម្លើយ	answer (n.)
chmleuy	chml8	ចម្លើយ	answer (n.)
chmlaeuy	chml8	ចម្លើយ	answer (n.)
chomlaey	ch8ml8	ចម្លើយ	answer (n.)
chomlery	ch8ml8r8	ចម្លើយ	answer (n.)
chomleuy	ch8ml8	ចម្លើយ	answer (n.)
chomlaeuy	ch8ml8	ចម្លើយ	answer (n.)
chamlaey	ch8ml8	ចម្លើយ	answer (n.)
chamlery	ch8ml8r8	ចម្លើយ	answer (n.)
chamleuy	ch8ml8	ចម្លើយ	answer (n.)
chamlaeuy	ch8ml8	ចម្លើយ	answer (n.)
jmlaey	jml8	ចម្លើយ	answer (n.)
jmlery	jml8r8	ចម្លើយ	answer (n.)
jmleuy	jml8	ចម្លើយ	answer (n.)
jmlaeuy	jml8	ចម្លើយ	answer (n.)
jomlaey	j8ml8	ចម្លើយ	answer (n.)
jomlery	j8ml8r8	ចម្លើយ	answer (n.)
jomleuy	j8ml8	ចម្លើយ	answer (n.)
jomlaeuy	j8ml8	ចម្លើយ	answer (n.)
jamlaey	j8ml8	ចម្លើយ	answer (n.)
jamlery	j8ml8r8	ចម្លើយ	answer (n.)
jamleuy	j8ml8	ចម្លើយ	answer (n.)
jamlaeuy	j8ml8	ចម្លើយ	answer (n.)
rueng	r8ng	រឿង	story / matter
rueang	r8ng	រឿង	story / matter
roeang	r8ng	រឿង	story / matter
reuong	r8ng	រឿង	story / matter
roeung	r8ng	រឿង	story / matter
bnhha	bnhh8	បញ្ហា	problem
bnhhea	bnhh8	បញ្ហា	problem
bnhhaa	bnhh8	បញ្ហា	problem
bnyha	bn8h8	បញ្ហា	problem
bnyhea	bn8h8	បញ្ហា	problem
bnyhaa	bn8h8	បញ្ហា	problem
bonhha	b8nhh8	បញ្ហា	problem
bonhhea	b8nhh8	បញ្ហា	problem
bonhhaa	b8nhh8	បញ្ហា	problem
bonyha	b8n8h8	បញ្ហា	problem
bonyhea	b8n8h8	បញ្ហា	problem
bonyhaa	b8n8h8	បញ្ហា	problem
banhha	b8nhh8	បញ្ហា	problem
banhhea	b8nhh8	បញ្ហា	problem
banhhaa	b8nhh8	បញ្ហា	problem
banyha	b8n8h8	បញ្ហា	problem
banyhea	b8n8h8	បញ្ហា	problem
banyhaa	b8n8h8	បញ្ហា	problem
pnhha	pnhh8	បញ្ហា	problem
pnhhea	pnhh8	បញ្ហា	problem
pnhhaa	pnhh8	បញ្ហា	problem
pnyha	pn8h8	បញ្ហា	problem
pnyhea	pn8h8	បញ្ហា	problem
pnyhaa	pn8h8	បញ្ហា	problem
ponhha	p8nhh8	បញ្ហា	problem
ponhhea	p8nhh8	បញ្ហា	problem
ponhhaa	p8nhh8	បញ្ហា	problem
ponyha	p8n8h8	បញ្ហា	problem
ponyhea	p8n8h8	បញ្ហា	problem
ponyhaa	p8n8h8	បញ្ហា	problem
panhha	p8nhh8	បញ្ហា	problem
panhhea	p8nhh8	បញ្ហា	problem
panhhaa	p8nhh8	បញ្ហា	problem
panyha	p8n8h8	បញ្ហា	problem
panyhea	p8n8h8	បញ្ហា	problem
panyhaa	p8n8h8	បញ្ហា	problem
banha	b8nh8	បញ្ហា	problem
bonha	b8nh8	បញ្ហា	problem
panha	p8nh8	បញ្ហា	problem
chamnuoy	ch8mn8	ជំនួយ	help (n.)
chamnuay	ch8mn8	ជំនួយ	help (n.)
chamnuy	ch8mn8	ជំនួយ	help (n.)
chomnuoy	ch8mn8	ជំនួយ	help (n.)
chomnuay	ch8mn8	ជំនួយ	help (n.)
chomnuy	ch8mn8	ជំនួយ	help (n.)
chumnuoy	ch8mn8	ជំនួយ	help (n.)
chumnuay	ch8mn8	ជំនួយ	help (n.)
chumnuy	ch8mn8	ជំនួយ	help (n.)
jamnuoy	j8mn8	ជំនួយ	help (n.)
jamnuay	j8mn8	ជំនួយ	help (n.)
jamnuy	j8mn8	ជំនួយ	help (n.)
jomnuoy	j8mn8	ជំនួយ	help (n.)
jomnuay	j8mn8	ជំនួយ	help (n.)
jomnuy	j8mn8	ជំនួយ	help (n.)
jumnuoy	j8mn8	ជំនួយ	help (n.)
jumnuay	j8mn8	ជំនួយ	help (n.)
jumnuy	j8mn8	ជំនួយ	help (n.)
sambutr	s8mb8tr	សំបុត្រ	letter / ticket
sambudr	s8mb8dr	សំបុត្រ	letter / ticket
sambotr	s8mb8tr	សំបុត្រ	letter / ticket
sambodr	s8mb8dr	សំបុត្រ	letter / ticket
samputr	s8mp8tr	សំបុត្រ	letter / ticket
sampudr	s8mp8dr	សំបុត្រ	letter / ticket
sampotr	s8mp8tr	សំបុត្រ	letter / ticket
sampodr	s8mp8dr	សំបុត្រ	letter / ticket
sombutr	s8mb8tr	សំបុត្រ	letter / ticket
sombudr	s8mb8dr	សំបុត្រ	letter / ticket
sombotr	s8mb8tr	សំបុត្រ	letter / ticket
sombodr	s8mb8dr	សំបុត្រ	letter / ticket
somputr	s8mp8tr	សំបុត្រ	letter / ticket
sompudr	s8mp8dr	សំបុត្រ	letter / ticket
sompotr	s8mp8tr	សំបុត្រ	letter / ticket
sompodr	s8mp8dr	សំបុត្រ	letter / ticket
sumbutr	s8mb8tr	សំបុត្រ	letter / ticket
sumbudr	s8mb8dr	សំបុត្រ	letter / ticket
sumbotr	s8mb8tr	សំបុត្រ	letter / ticket
sumbodr	s8mb8dr	សំបុត្រ	letter / ticket
sumputr	s8mp8tr	សំបុត្រ	letter / ticket
sumpudr	s8mp8dr	សំបុត្រ	letter / ticket
sumpotr	s8mp8tr	សំបុត្រ	letter / ticket
sumpodr	s8mp8dr	សំបុត្រ	letter / ticket
sambot	s8mb8t	សំបុត្រ	letter / ticket
sombot	s8mb8t	សំបុត្រ	letter / ticket
paky	p8k8	ពាក្យ	word
peaky	p8k8	ពាក្យ	word
paaky	p8k8	ពាក្យ	word
baky	b8k8	ពាក្យ	word
beaky	b8k8	ពាក្យ	word
baaky	b8k8	ពាក្យ	word
peak	p8k	ពាក្យ	word
piek	p8k	ពាក្យ	word
pheak	ph8k	ពាក្យ	word
atthbt	8tthbt	អត្ថបទ	article, text
atthbd	8tthbd	អត្ថបទ	article, text
atthbdd	8tthbdd	អត្ថបទ	article, text
atthbot	8tthb8t	អត្ថបទ	article, text
atthbod	8tthb8d	អត្ថបទ	article, text
atthbodd	8tthb8dd	អត្ថបទ	article, text
atthbat	8tthb8t	អត្ថបទ	article, text
atthbad	8tthb8d	អត្ថបទ	article, text
atthbadd	8tthb8dd	អត្ថបទ	article, text
atthpt	8tthpt	អត្ថបទ	article, text
atthpd	8tthpd	អត្ថបទ	article, text
atthpdd	8tthpdd	អត្ថបទ	article, text
atthpot	8tthp8t	អត្ថបទ	article, text
atthpod	8tthp8d	អត្ថបទ	article, text
atthpodd	8tthp8dd	អត្ថបទ	article, text
atthpat	8tthp8t	អត្ថបទ	article, text
atthpad	8tthp8d	អត្ថបទ	article, text
atthpadd	8tthp8dd	អត្ថបទ	article, text
atthobt	8tth8bt	អត្ថបទ	article, text
atthobd	8tth8bd	អត្ថបទ	article, text
atthobdd	8tth8bdd	អត្ថបទ	article, text
atthobot	8tth8b8t	អត្ថបទ	article, text
atthobod	8tth8b8d	អត្ថបទ	article, text
atthobodd	8tth8b8dd	អត្ថបទ	article, text
atthobat	8tth8b8t	អត្ថបទ	article, text
atthobad	8tth8b8d	អត្ថបទ	article, text
atthobadd	8tth8b8dd	អត្ថបទ	article, text
atthopt	8tth8pt	អត្ថបទ	article, text
atthopd	8tth8pd	អត្ថបទ	article, text
atthopdd	8tth8pdd	អត្ថបទ	article, text
atthopot	8tth8p8t	អត្ថបទ	article, text
atthopod	8tth8p8d	អត្ថបទ	article, text
atthopodd	8tth8p8dd	អត្ថបទ	article, text
atthopat	8tth8p8t	អត្ថបទ	article, text
atthopad	8tth8p8d	អត្ថបទ	article, text
atthopadd	8tth8p8dd	អត្ថបទ	article, text
atthabt	8tth8bt	អត្ថបទ	article, text
atthabd	8tth8bd	អត្ថបទ	article, text
atthabdd	8tth8bdd	អត្ថបទ	article, text
atthabot	8tth8b8t	អត្ថបទ	article, text
atthabod	8tth8b8d	អត្ថបទ	article, text
atthabodd	8tth8b8dd	អត្ថបទ	article, text
atthabat	8tth8b8t	អត្ថបទ	article, text
atthabad	8tth8b8d	អត្ថបទ	article, text
atthabadd	8tth8b8dd	អត្ថបទ	article, text
atthapt	8tth8pt	អត្ថបទ	article, text
atthapd	8tth8pd	អត្ថបទ	article, text
atthapdd	8tth8pdd	អត្ថបទ	article, text
atthapot	8tth8p8t	អត្ថបទ	article, text
atthapod	8tth8p8d	អត្ថបទ	article, text
atthapodd	8tth8p8dd	អត្ថបទ	article, text
atthapat	8tth8p8t	អត្ថបទ	article, text
atthapad	8tth8p8d	អត្ថបទ	article, text
atthapadd	8tth8p8dd	អត្ថបទ	article, text
adthbt	8dthbt	អត្ថបទ	article, text
adthbd	8dthbd	អត្ថបទ	article, text
adthbdd	8dthbdd	អត្ថបទ	article, text
adthbot	8dthb8t	អត្ថបទ	article, text
adthbod	8dthb8d	អត្ថបទ	article, text
adthbodd	8dthb8dd	អត្ថបទ	article, text
adthbat	8dthb8t	អត្ថបទ	article, text
adthbad	8dthb8d	អត្ថបទ	article, text
adthbadd	8dthb8dd	អត្ថបទ	article, text
adthpt	8dthpt	អត្ថបទ	article, text
adthpd	8dthpd	អត្ថបទ	article, text
adthpdd	8dthpdd	អត្ថបទ	article, text
adthpot	8dthp8t	អត្ថបទ	article, text
adthpod	8dthp8d	អត្ថបទ	article, text
adthpodd	8dthp8dd	អត្ថបទ	article, text
adthpat	8dthp8t	អត្ថបទ	article, text
adthpad	8dthp8d	អត្ថបទ	article, text
adthpadd	8dthp8dd	អត្ថបទ	article, text
adthobt	8dth8bt	អត្ថបទ	article, text
adthobd	8dth8bd	អត្ថបទ	article, text
adthobdd	8dth8bdd	អត្ថបទ	article, text
adthobot	8dth8b8t	អត្ថបទ	article, text
adthobod	8dth8b8d	អត្ថបទ	article, text
adthobodd	8dth8b8dd	អត្ថបទ	article, text
adthobat	8dth8b8t	អត្ថបទ	article, text
adthobad	8dth8b8d	អត្ថបទ	article, text
adthobadd	8dth8b8dd	អត្ថបទ	article, text
adthopt	8dth8pt	អត្ថបទ	article, text
adthopd	8dth8pd	អត្ថបទ	article, text
adthopdd	8dth8pdd	អត្ថបទ	article, text
adthopot	8dth8p8t	អត្ថបទ	article, text
adthopod	8dth8p8d	អត្ថបទ	article, text
adthopodd	8dth8p8dd	អត្ថបទ	article, text
adthopat	8dth8p8t	អត្ថបទ	article, text
adthopad	8dth8p8d	អត្ថបទ	article, text
adthopadd	8dth8p8dd	អត្ថបទ	article, text
adthabt	8dth8bt	អត្ថបទ	article, text
adthabd	8dth8bd	អត្ថបទ	article, text
adthabdd	8dth8bdd	អត្ថបទ	article, text
adthabot	8dth8b8t	អត្ថបទ	article, text
adthabod	8dth8b8d	អត្ថបទ	article, text
adthabodd	8dth8b8dd	អត្ថបទ	article, text
adthabat	8dth8b8t	អត្ថបទ	article, text
adthabad	8dth8b8d	អត្ថបទ	article, text
adthabadd	8dth8b8dd	អត្ថបទ	article, text
adthapt	8dth8pt	អត្ថបទ	article, text
adthapd	8dth8pd	អត្ថបទ	article, text
adthapdd	8dth8pdd	អត្ថបទ	article, text
adthapot	8dth8p8t	អត្ថបទ	article, text
adthapod	8dth8p8d	អត្ថបទ	article, text
adthapodd	8dth8p8dd	អត្ថបទ	article, text
adthapat	8dth8p8t	អត្ថបទ	article, text
adthapad	8dth8p8d	អត្ថបទ	article, text
adthapadd	8dth8p8dd	អត្ថបទ	article, text
aotthbt	8tthbt	អត្ថបទ	article, text
aotthbd	8tthbd	អត្ថបទ	article, text
aotthbdd	8tthbdd	អត្ថបទ	article, text
aotthbot	8tthb8t	អត្ថបទ	article, text
aotthbod	8tthb8d	អត្ថបទ	article, text
aotthbodd	8tthb8dd	អត្ថបទ	article, text
aotthbat	8tthb8t	អត្ថបទ	article, text
aotthbad	8tthb8d	អត្ថបទ	article, text
aotthbadd	8tthb8dd	អត្ថបទ	article, text
aotthpt	8tthpt	អត្ថបទ	article, text
aotthpd	8tthpd	អត្ថបទ	article, text
aotthpdd	8tthpdd	អត្ថបទ	article, text
attabot	8tt8b8t	អត្ថបទ	article, text
karsiksa	k8rs8ks8	ការសិក្សា	education, study
karsiksea	k8rs8ks8	ការសិក្សា	education, study
karsiksaa	k8rs8ks8	ការសិក្សា	education, study
karseksa	k8rs8ks8	ការសិក្សា	education, study
karseksea	k8rs8ks8	ការសិក្សា	education, study
karseksaa	k8rs8ks8	ការសិក្សា	education, study
karosiksa	k8r8s8ks8	ការសិក្សា	education, study
karosiksea	k8r8s8ks8	ការសិក្សា	education, study
karosiksaa	k8r8s8ks8	ការសិក្សា	education, study
karoseksa	k8r8s8ks8	ការសិក្សា	education, study
karoseksea	k8r8s8ks8	ការសិក្សា	education, study
karoseksaa	k8r8s8ks8	ការសិក្សា	education, study
karasiksa	k8r8s8ks8	ការសិក្សា	education, study
karasiksea	k8r8s8ks8	ការសិក្សា	education, study
karasiksaa	k8r8s8ks8	ការសិក្សា	education, study
karaseksa	k8r8s8ks8	ការសិក្សា	education, study
karaseksea	k8r8s8ks8	ការសិក្សា	education, study
karaseksaa	k8r8s8ks8	ការសិក្សា	education, study
kearsiksa	k8rs8ks8	ការសិក្សា	education, study
kearsiksea	k8rs8ks8	ការសិក្សា	education, study
kearsiksaa	k8rs8ks8	ការសិក្សា	education, study
kearseksa	k8rs8ks8	ការសិក្សា	education, study
kearseksea	k8rs8ks8	ការសិក្សា	education, study
kearseksaa	k8rs8ks8	ការសិក្សា	education, study
kearosiksa	k8r8s8ks8	ការសិក្សា	education, study
kearosiksea	k8r8s8ks8	ការសិក្សា	education, study
kearosiksaa	k8r8s8ks8	ការសិក្សា	education, study
kearoseksa	k8r8s8ks8	ការសិក្សា	education, study
kearoseksea	k8r8s8ks8	ការសិក្សា	education, study
kearoseksaa	k8r8s8ks8	ការសិក្សា	education, study
kearasiksa	k8r8s8ks8	ការសិក្សា	education, study
kearasiksea	k8r8s8ks8	ការសិក្សា	education, study
kearasiksaa	k8r8s8ks8	ការសិក្សា	education, study
kearaseksa	k8r8s8ks8	ការសិក្សា	education, study
kearaseksea	k8r8s8ks8	ការសិក្សា	education, study
kearaseksaa	k8r8s8ks8	ការសិក្សា	education, study
kaarsiksa	k8rs8ks8	ការសិក្សា	education, study
kaarsiksea	k8rs8ks8	ការសិក្សា	education, study
kaarsiksaa	k8rs8ks8	ការសិក្សា	education, study
kaarseksa	k8rs8ks8	ការសិក្សា	education, study
kaarseksea	k8rs8ks8	ការសិក្សា	education, study
kaarseksaa	k8rs8ks8	ការសិក្សា	education, study
kaarosiksa	k8r8s8ks8	ការសិក្សា	education, study
kaarosiksea	k8r8s8ks8	ការសិក្សា	education, study
kaarosiksaa	k8r8s8ks8	ការសិក្សា	education, study
kaaroseksa	k8r8s8ks8	ការសិក្សា	education, study
kaaroseksea	k8r8s8ks8	ការសិក្សា	education, study
kaaroseksaa	k8r8s8ks8	ការសិក្សា	education, study
kaarasiksa	k8r8s8ks8	ការសិក្សា	education, study
kaarasiksea	k8r8s8ks8	ការសិក្សា	education, study
kaarasiksaa	k8r8s8ks8	ការសិក្សា	education, study
kaaraseksa	k8r8s8ks8	ការសិក្សា	education, study
kaaraseksea	k8r8s8ks8	ការសិក្សា	education, study
kaaraseksaa	k8r8s8ks8	ការសិក្សា	education, study
kaseksa	k8s8ks8	ការសិក្សា	education, study
vityaly	v8t8l8	វិទ្យាល័យ	high school
vityalay	v8t8l8	វិទ្យាល័យ	high school
vityaloay	v8t8l8	វិទ្យាល័យ	high school
vityealy	v8t8l8	វិទ្យាល័យ	high school
vityealay	v8t8l8	វិទ្យាល័យ	high school
vityealoay	v8t8l8	វិទ្យាល័យ	high school
vityaaly	v8t8l8	វិទ្យាល័យ	high school
vityaalay	v8t8l8	វិទ្យាល័យ	high school
vityaaloay	v8t8l8	វិទ្យាល័យ	high school
vidyaly	v8d8l8	វិទ្យាល័យ	high school
vidyalay	v8d8l8	វិទ្យាល័យ	high school
vidyaloay	v8d8l8	វិទ្យាល័យ	high school
vidyealy	v8d8l8	វិទ្យាល័យ	high school
vidyealay	v8d8l8	វិទ្យាល័យ	high school
vidyealoay	v8d8l8	វិទ្យាល័យ	high school
vidyaaly	v8d8l8	វិទ្យាល័យ	high school
vidyaalay	v8d8l8	វិទ្យាល័យ	high school
vidyaaloay	v8d8l8	វិទ្យាល័យ	high school
viddyaly	v8dd8l8	វិទ្យាល័យ	high school
viddyalay	v8dd8l8	វិទ្យាល័យ	high school
viddyaloay	v8dd8l8	វិទ្យាល័យ	high school
viddyealy	v8dd8l8	វិទ្យាល័យ	high school
viddyealay	v8dd8l8	វិទ្យាល័យ	high school
viddyealoay	v8dd8l8	វិទ្យាល័យ	high school
viddyaaly	v8dd8l8	វិទ្យាល័យ	high school
viddyaalay	v8dd8l8	វិទ្យាល័យ	high school
viddyaaloay	v8dd8l8	វិទ្យាល័យ	high school
vetyaly	v8t8l8	វិទ្យាល័យ	high school
vetyalay	v8t8l8	វិទ្យាល័យ	high school
vetyaloay	v8t8l8	វិទ្យាល័យ	high school
vetyealy	v8t8l8	វិទ្យាល័យ	high school
vetyealay	v8t8l8	វិទ្យាល័យ	high school
vetyealoay	v8t8l8	វិទ្យាល័យ	high school
vetyaaly	v8t8l8	វិទ្យាល័យ	high school
vetyaalay	v8t8l8	វិទ្យាល័យ	high school
vetyaaloay	v8t8l8	វិទ្យាល័យ	high school
vedyaly	v8d8l8	វិទ្យាល័យ	high school
vedyalay	v8d8l8	វិទ្យាល័យ	high school
vedyaloay	v8d8l8	វិទ្យាល័យ	high school
vedyealy	v8d8l8	វិទ្យាល័យ	high school
vedyealay	v8d8l8	វិទ្យាល័យ	high school
vedyealoay	v8d8l8	វិទ្យាល័យ	high school
vedyaaly	v8d8l8	វិទ្យាល័យ	high school
vedyaalay	v8d8l8	វិទ្យាល័យ	high school
vedyaaloay	v8d8l8	វិទ្យាល័យ	high school
veddyaly	v8dd8l8	វិទ្យាល័យ	high school
veddyalay	v8dd8l8	វិទ្យាល័យ	high school
veddyaloay	v8dd8l8	វិទ្យាល័យ	high school
veddyealy	v8dd8l8	វិទ្យាល័យ	high school
veddyealay	v8dd8l8	វិទ្យាល័យ	high school
veddyealoay	v8dd8l8	វិទ្យាល័យ	high school
veddyaaly	v8dd8l8	វិទ្យាល័យ	high school
veddyaalay	v8dd8l8	វិទ្យាល័យ	high school
veddyaaloay	v8dd8l8	វិទ្យាល័យ	high school
wityaly	w8t8l8	វិទ្យាល័យ	high school
wityalay	w8t8l8	វិទ្យាល័យ	high school
wityaloay	w8t8l8	វិទ្យាល័យ	high school
wityealy	w8t8l8	វិទ្យាល័យ	high school
wityealay	w8t8l8	វិទ្យាល័យ	high school
wityealoay	w8t8l8	វិទ្យាល័យ	high school
wityaaly	w8t8l8	វិទ្យាល័យ	high school
wityaalay	w8t8l8	វិទ្យាល័យ	high school
wityaaloay	w8t8l8	វិទ្យាល័យ	high school
widyaly	w8d8l8	វិទ្យាល័យ	high school
widyalay	w8d8l8	វិទ្យាល័យ	high school
widyaloay	w8d8l8	វិទ្យាល័យ	high school
widyealy	w8d8l8	វិទ្យាល័យ	high school
widyealay	w8d8l8	វិទ្យាល័យ	high school
widyealoay	w8d8l8	វិទ្យាល័យ	high school
widyaaly	w8d8l8	វិទ្យាល័យ	high school
widyaalay	w8d8l8	វិទ្យាល័យ	high school
widyaaloay	w8d8l8	វិទ្យាល័យ	high school
widdyaly	w8dd8l8	វិទ្យាល័យ	high school
widdyalay	w8dd8l8	វិទ្យាល័យ	high school
widdyaloay	w8dd8l8	វិទ្យាល័យ	high school
widdyealy	w8dd8l8	វិទ្យាល័យ	high school
widdyealay	w8dd8l8	វិទ្យាល័យ	high school
widdyealoay	w8dd8l8	វិទ្យាល័យ	high school
widdyaaly	w8dd8l8	វិទ្យាល័យ	high school
widdyaalay	w8dd8l8	វិទ្យាល័យ	high school
widdyaaloay	w8dd8l8	វិទ្យាល័យ	high school
wetyaly	w8t8l8	វិទ្យាល័យ	high school
wetyalay	w8t8l8	វិទ្យាល័យ	high school
wetyaloay	w8t8l8	វិទ្យាល័យ	high school
wetyealy	w8t8l8	វិទ្យាល័យ	high school
wetyealay	w8t8l8	វិទ្យាល័យ	high school
wetyealoay	w8t8l8	វិទ្យាល័យ	high school
wetyaaly	w8t8l8	វិទ្យាល័យ	high school
wetyaalay	w8t8l8	វិទ្យាល័យ	high school
wetyaaloay	w8t8l8	វិទ្យាល័យ	high school
wedyaly	w8d8l8	វិទ្យាល័យ	high school
wedyalay	w8d8l8	វិទ្យាល័យ	high school
wedyaloay	w8d8l8	វិទ្យាល័យ	high school
wedyealy	w8d8l8	វិទ្យាល័យ	high school
wedyealay	w8d8l8	វិទ្យាល័យ	high school
wedyealoay	w8d8l8	វិទ្យាល័យ	high school
wedyaaly	w8d8l8	វិទ្យាល័យ	high school
wedyaalay	w8d8l8	វិទ្យាល័យ	high school
wedyaaloay	w8d8l8	វិទ្យាល័យ	high school
weddyaly	w8dd8l8	វិទ្យាល័យ	high school
weddyalay	w8dd8l8	វិទ្យាល័យ	high school
weddyaloay	w8dd8l8	វិទ្យាល័យ	high school
weddyealy	w8dd8l8	វិទ្យាល័យ	high school
weddyealay	w8dd8l8	វិទ្យាល័យ	high school
weddyealoay	w8dd8l8	វិទ្យាល័យ	high school
weddyaaly	w8dd8l8	វិទ្យាល័យ	high school
weddyaalay	w8dd8l8	វិទ្យាល័យ	high school
weddyaaloay	w8dd8l8	វិទ្យាល័យ	high school
vithyealay	v8th8l8	វិទ្យាល័យ	high school
saklvityaly	s8klv8t8l8	សាកលវិទ្យាល័យ	university
saklvityalay	s8klv8t8l8	សាកលវិទ្យាល័យ	university
saklvityaloay	s8klv8t8l8	សាកលវិទ្យាល័យ	university
saklvityealy	s8klv8t8l8	សាកលវិទ្យាល័យ	university
saklvityealay	s8klv8t8l8	សាកលវិទ្យាល័យ	university
saklvityealoay	s8klv8t8l8	សាកលវិទ្យាល័យ	university
saklvityaaly	s8klv8t8l8	សាកលវិទ្យាល័យ	university
saklvityaalay	s8klv8t8l8	សាកលវិទ្យាល័យ	university
saklvityaaloay	s8klv8t8l8	សាកលវិទ្យាល័យ	university
saklvidyaly	s8klv8d8l8	សាកលវិទ្យាល័យ	university
saklvidyalay	s8klv8d8l8	សាកលវិទ្យាល័យ	university
saklvidyaloay	s8klv8d8l8	សាកលវិទ្យាល័យ	university
saklvidyealy	s8klv8d8l8	សាកលវិទ្យាល័យ	university
saklvidyealay	s8klv8d8l8	សាកលវិទ្យាល័យ	university
saklvidyealoay	s8klv8d8l8	សាកលវិទ្យាល័យ	university
saklvidyaaly	s8klv8d8l8	សាកលវិទ្យាល័យ	university
saklvidyaalay	s8klv8d8l8	សាកលវិទ្យាល័យ	university
saklvidyaaloay	s8klv8d8l8	សាកលវិទ្យាល័យ	university
saklviddyaly	s8klv8dd8l8	សាកលវិទ្យាល័យ	university
saklviddyalay	s8klv8dd8l8	សាកលវិទ្យាល័យ	university
saklviddyaloay	s8klv8dd8l8	សាកលវិទ្យាល័យ	university
saklviddyealy	s8klv8dd8l8	សាកលវិទ្យាល័យ	university
saklviddyealay	s8klv8dd8l8	សាកលវិទ្យាល័យ	university
saklviddyealoay	s8klv8dd8l8	សាកលវិទ្យាល័យ	university
saklviddyaaly	s8klv8dd8l8	សាកលវិទ្យាល័យ	university
saklviddyaalay	s8klv8dd8l8	សាកលវិទ្យាល័យ	university
saklviddyaaloay	s8klv8dd8l8	សាកលវិទ្យាល័យ	university
saklvetyaly	s8klv8t8l8	សាកលវិទ្យាល័យ	university
saklvetyalay	s8klv8t8l8	សាកលវិទ្យាល័យ	university
saklvetyaloay	s8klv8t8l8	សាកលវិទ្យាល័យ	university
saklvetyealy	s8klv8t8l8	សាកលវិទ្យាល័យ	university
saklvetyealay	s8klv8t8l8	សាកលវិទ្យាល័យ	university
saklvetyealoay	s8klv8t8l8	សាកលវិទ្យាល័យ	university
saklvetyaaly	s8klv8t8l8	សាកលវិទ្យាល័យ	university
saklvetyaalay	s8klv8t8l8	សាកលវិទ្យាល័យ	university
saklvetyaaloay	s8klv8t8l8	សាកលវិទ្យាល័យ	university
saklvedyaly	s8klv8d8l8	សាកលវិទ្យាល័យ	university
saklvedyalay	s8klv8d8l8	សាកលវិទ្យាល័យ	university
saklvedyaloay	s8klv8d8l8	សាកលវិទ្យាល័យ	university
saklvedyealy	s8klv8d8l8	សាកលវិទ្យាល័យ	university
saklvedyealay	s8klv8d8l8	សាកលវិទ្យាល័យ	university
saklvedyealoay	s8klv8d8l8	សាកលវិទ្យាល័យ	university
saklvedyaaly	s8klv8d8l8	សាកលវិទ្យាល័យ	university
saklvedyaalay	s8klv8d8l8	សាកលវិទ្យាល័យ	university
saklvedyaaloay	s8klv8d8l8	សាកលវិទ្យាល័យ	university
saklveddyaly	s8klv8dd8l8	សាកលវិទ្យាល័យ	university
saklveddyalay	s8klv8dd8l8	សាកលវិទ្យាល័យ	university
saklveddyaloay	s8klv8dd8l8	សាកលវិទ្យាល័យ	university
saklveddyealy	s8klv8dd8l8	សាកលវិទ្យាល័យ	university
saklveddyealay	s8klv8dd8l8	សាកលវិទ្យាល័យ	university
saklveddyealoay	s8klv8dd8l8	សាកលវិទ្យាល័យ	university
saklveddyaaly	s8klv8dd8l8	សាកលវិទ្យាល័យ	university
saklveddyaalay	s8klv8dd8l8	សាកលវិទ្យាល័យ	university
saklveddyaaloay	s8klv8dd8l8	សាកលវិទ្យាល័យ	university
saklwityaly	s8klw8t8l8	សាកលវិទ្យាល័យ	university
saklwityalay	s8klw8t8l8	សាកលវិទ្យាល័យ	university
saklwityaloay	s8klw8t8l8	សាកលវិទ្យាល័យ	university
saklwityealy	s8klw8t8l8	សាកលវិទ្យាល័យ	university
saklwityealay	s8klw8t8l8	សាកលវិទ្យាល័យ	university
saklwityealoay	s8klw8t8l8	សាកលវិទ្យាល័យ	university
saklwityaaly	s8klw8t8l8	សាកលវិទ្យាល័យ	university
saklwityaalay	s8klw8t8l8	សាកលវិទ្យាល័យ	university
saklwityaaloay	s8klw8t8l8	សាកលវិទ្យាល័យ	university
saklwidyaly	s8klw8d8l8	សាកលវិទ្យាល័យ	university
saklwidyalay	s8klw8d8l8	សាកលវិទ្យាល័យ	university
saklwidyaloay	s8klw8d8l8	សាកលវិទ្យាល័យ	university
saklwidyealy	s8klw8d8l8	សាកលវិទ្យាល័យ	university
saklwidyealay	s8klw8d8l8	សាកលវិទ្យាល័យ	university
saklwidyealoay	s8klw8d8l8	សាកលវិទ្យាល័យ	university
saklwidyaaly	s8klw8d8l8	សាកលវិទ្យាល័យ	university
saklwidyaalay	s8klw8d8l8	សាកលវិទ្យាល័យ	university
saklwidyaaloay	s8klw8d8l8	សាកលវិទ្យាល័យ	university
saklwiddyaly	s8klw8dd8l8	សាកលវិទ្យាល័យ	university
saklwiddyalay	s8klw8dd8l8	សាកលវិទ្យាល័យ	university
saklwiddyaloay	s8klw8dd8l8	សាកលវិទ្យាល័យ	university
saklwiddyealy	s8klw8dd8l8	សាកលវិទ្យាល័យ	university
saklwiddyealay	s8klw8dd8l8	សាកលវិទ្យាល័យ	university
saklwiddyealoay	s8klw8dd8l8	សាកលវិទ្យាល័យ	university
saklwiddyaaly	s8klw8dd8l8	សាកលវិទ្យាល័យ	university
saklwiddyaalay	s8klw8dd8l8	សាកលវិទ្យាល័យ	university
saklwiddyaaloay	s8klw8dd8l8	សាកលវិទ្យាល័យ	university
saklwetyaly	s8klw8t8l8	សាកលវិទ្យាល័យ	university
saklwetyalay	s8klw8t8l8	សាកលវិទ្យាល័យ	university
saklwetyaloay	s8klw8t8l8	សាកលវិទ្យាល័យ	university
saklwetyealy	s8klw8t8l8	សាកលវិទ្យាល័យ	university
saklwetyealay	s8klw8t8l8	សាកលវិទ្យាល័យ	university
saklwetyealoay	s8klw8t8l8	សាកលវិទ្យាល័យ	university
saklwetyaaly	s8klw8t8l8	សាកលវិទ្យាល័យ	university
saklwetyaalay	s8klw8t8l8	សាកលវិទ្យាល័យ	university
saklwetyaaloay	s8klw8t8l8	សាកលវិទ្យាល័យ	university
saklwedyaly	s8klw8d8l8	សាកលវិទ្យាល័យ	university
saklwedyalay	s8klw8d8l8	សាកលវិទ្យាល័យ	university
saklwedyaloay	s8klw8d8l8	សាកលវិទ្យាល័យ	university
saklwedyealy	s8klw8d8l8	សាកលវិទ្យាល័យ	university
saklwedyealay	s8klw8d8l8	សាកលវិទ្យាល័យ	university
saklwedyealoay	s8klw8d8l8	សាកលវិទ្យាល័យ	university
saklwedyaaly	s8klw8d8l8	សាកលវិទ្យាល័យ	university
saklwedyaalay	s8klw8d8l8	សាកលវិទ្យាល័យ	university
saklwedyaaloay	s8klw8d8l8	សាកលវិទ្យាល័យ	university
saklweddyaly	s8klw8dd8l8	សាកលវិទ្យាល័យ	university
saklweddyalay	s8klw8dd8l8	សាកលវិទ្យាល័យ	university
saklweddyaloay	s8klw8dd8l8	សាកលវិទ្យាល័យ	university
saklweddyealy	s8klw8dd8l8	សាកលវិទ្យាល័យ	university
saklweddyealay	s8klw8dd8l8	សាកលវិទ្យាល័យ	university
saklweddyealoay	s8klw8dd8l8	សាកលវិទ្យាល័យ	university
saklweddyaaly	s8klw8dd8l8	សាកលវិទ្យាល័យ	university
saklweddyaalay	s8klw8dd8l8	សាកលវិទ្យាល័យ	university
saklweddyaaloay	s8klw8dd8l8	សាកលវិទ្យាល័យ	university
saklovityaly	s8kl8v8t8l8	សាកលវិទ្យាល័យ	university
saklovityalay	s8kl8v8t8l8	សាកលវិទ្យាល័យ	university
saklovityaloay	s8kl8v8t8l8	សាកលវិទ្យាល័យ	university
saklovityealy	s8kl8v8t8l8	សាកលវិទ្យាល័យ	university
saklovityealay	s8kl8v8t8l8	សាកលវិទ្យាល័យ	university
saklovityealoay	s8kl8v8t8l8	សាកលវិទ្យាល័យ	university
saklovityaaly	s8kl8v8t8l8	សាកលវិទ្យាល័យ	university
saklovityaalay	s8kl8v8t8l8	សាកលវិទ្យាល័យ	university
saklovityaaloay	s8kl8v8t8l8	សាកលវិទ្យាល័យ	university
saklovidyaly	s8kl8v8d8l8	សាកលវិទ្យាល័យ	university
saklovidyalay	s8kl8v8d8l8	សាកលវិទ្យាល័យ	university
saklovidyaloay	s8kl8v8d8l8	សាកលវិទ្យាល័យ	university
sakalvityalay	s8k8lv8t8l8	សាកលវិទ្យាល័យ	university
kmmvithey	kmmv8th8	កម្មវិធី	program, app
kmmvithi	kmmv8th8	កម្មវិធី	program, app
kmmvithii	kmmv8th8	កម្មវិធី	program, app
kmmvidhey	kmmv8dh8	កម្មវិធី	program, app
kmmvidhi	kmmv8dh8	កម្មវិធី	program, app
kmmvidhii	kmmv8dh8	កម្មវិធី	program, app
kmmvethey	kmmv8th8	កម្មវិធី	program, app
kmmvethi	kmmv8th8	កម្មវិធី	program, app
kmmvethii	kmmv8th8	កម្មវិធី	program, app
kmmvedhey	kmmv8dh8	កម្មវិធី	program, app
kmmvedhi	kmmv8dh8	កម្មវិធី	program, app
kmmvedhii	kmmv8dh8	កម្មវិធី	program, app
kmmwithey	kmmw8th8	កម្មវិធី	program, app
kmmwithi	kmmw8th8	កម្មវិធី	program, app
kmmwithii	kmmw8th8	កម្មវិធី	program, app
kmmwidhey	kmmw8dh8	កម្មវិធី	program, app
kmmwidhi	kmmw8dh8	កម្មវិធី	program, app
kmmwidhii	kmmw8dh8	កម្មវិធី	program, app
kmmwethey	kmmw8th8	កម្មវិធី	program, app
kmmwethi	kmmw8th8	កម្មវិធី	program, app
kmmwethii	kmmw8th8	កម្មវិធី	program, app
kmmwedhey	kmmw8dh8	កម្មវិធី	program, app
kmmwedhi	kmmw8dh8	កម្មវិធី	program, app
kmmwedhii	kmmw8dh8	កម្មវិធី	program, app
kmmovithey	kmm8v8th8	កម្មវិធី	program, app
kmmovithi	kmm8v8th8	កម្មវិធី	program, app
kmmovithii	kmm8v8th8	កម្មវិធី	program, app
kmmovidhey	kmm8v8dh8	កម្មវិធី	program, app
kmmovidhi	kmm8v8dh8	កម្មវិធី	program, app
kmmovidhii	kmm8v8dh8	កម្មវិធី	program, app
kmmovethey	kmm8v8th8	កម្មវិធី	program, app
kmmovethi	kmm8v8th8	កម្មវិធី	program, app
kmmovethii	kmm8v8th8	កម្មវិធី	program, app
kmmovedhey	kmm8v8dh8	កម្មវិធី	program, app
kmmovedhi	kmm8v8dh8	កម្មវិធី	program, app
kmmovedhii	kmm8v8dh8	កម្មវិធី	program, app
kmmowithey	kmm8w8th8	កម្មវិធី	program, app
kmmowithi	kmm8w8th8	កម្មវិធី	program, app
kmmowithii	kmm8w8th8	កម្មវិធី	program, app
kmmowidhey	kmm8w8dh8	កម្មវិធី	program, app
kmmowidhi	kmm8w8dh8	កម្មវិធី	program, app
kmmowidhii	kmm8w8dh8	កម្មវិធី	program, app
kmmowethey	kmm8w8th8	កម្មវិធី	program, app
kmmowethi	kmm8w8th8	កម្មវិធី	program, app
kmmowethii	kmm8w8th8	កម្មវិធី	program, app
kmmowedhey	kmm8w8dh8	កម្មវិធី	program, app
kmmowedhi	kmm8w8dh8	កម្មវិធី	program, app
kmmowedhii	kmm8w8dh8	កម្មវិធី	program, app
kmmavithey	kmm8v8th8	កម្មវិធី	program, app
kmmavithi	kmm8v8th8	កម្មវិធី	program, app
kmmavithii	kmm8v8th8	កម្មវិធី	program, app
kmmavidhey	kmm8v8dh8	កម្មវិធី	program, app
kmmavidhi	kmm8v8dh8	កម្មវិធី	program, app
kmmavidhii	kmm8v8dh8	កម្មវិធី	program, app
kmmavethey	kmm8v8th8	កម្មវិធី	program, app
kmmavethi	kmm8v8th8	កម្មវិធី	program, app
kmmavethii	kmm8v8th8	កម្មវិធី	program, app
kmmavedhey	kmm8v8dh8	កម្មវិធី	program, app
kmmavedhi	kmm8v8dh8	កម្មវិធី	program, app
kmmavedhii	kmm8v8dh8	កម្មវិធី	program, app
kmmawithey	kmm8w8th8	កម្មវិធី	program, app
kmmawithi	kmm8w8th8	កម្មវិធី	program, app
kmmawithii	kmm8w8th8	កម្មវិធី	program, app
kmmawidhey	kmm8w8dh8	កម្មវិធី	program, app
kmmawidhi	kmm8w8dh8	កម្មវិធី	program, app
kmmawidhii	kmm8w8dh8	កម្មវិធី	program, app
kmmawethey	kmm8w8th8	កម្មវិធី	program, app
kmmawethi	kmm8w8th8	កម្មវិធី	program, app
kmmawethii	kmm8w8th8	កម្មវិធី	program, app
kmmawedhey	kmm8w8dh8	កម្មវិធី	program, app
kmmawedhi	kmm8w8dh8	កម្មវិធី	program, app
kmmawedhii	kmm8w8dh8	កម្មវិធី	program, app
kommvithey	k8mmv8th8	កម្មវិធី	program, app
kommvithi	k8mmv8th8	កម្មវិធី	program, app
kommvithii	k8mmv8th8	កម្មវិធី	program, app
kommvidhey	k8mmv8dh8	កម្មវិធី	program, app
kommvidhi	k8mmv8dh8	កម្មវិធី	program, app
kommvidhii	k8mmv8dh8	កម្មវិធី	program, app
kommvethey	k8mmv8th8	កម្មវិធី	program, app
kommvethi	k8mmv8th8	កម្មវិធី	program, app
kommvethii	k8mmv8th8	កម្មវិធី	program, app
kommvedhey	k8mmv8dh8	កម្មវិធី	program, app
kommvedhi	k8mmv8dh8	កម្មវិធី	program, app
kommvedhii	k8mmv8dh8	កម្មវិធី	program, app
kommwithey	k8mmw8th8	កម្មវិធី	program, app
kommwithi	k8mmw8th8	កម្មវិធី	program, app
kommwithii	k8mmw8th8	កម្មវិធី	program, app
kommwidhey	k8mmw8dh8	កម្មវិធី	program, app
kommwidhi	k8mmw8dh8	កម្មវិធី	program, app
kommwidhii	k8mmw8dh8	កម្មវិធី	program, app
kommwethey	k8mmw8th8	កម្មវិធី	program, app
kommwethi	k8mmw8th8	កម្មវិធី	program, app
kommwethii	k8mmw8th8	កម្មវិធី	program, app
kommwedhey	k8mmw8dh8	កម្មវិធី	program, app
kommwedhi	k8mmw8dh8	កម្មវិធី	program, app
kommwedhii	k8mmw8dh8	កម្មវិធី	program, app
kommovithey	k8mm8v8th8	កម្មវិធី	program, app
kommovithi	k8mm8v8th8	កម្មវិធី	program, app
kommovithii	k8mm8v8th8	កម្មវិធី	program, app
kommovidhey	k8mm8v8dh8	កម្មវិធី	program, app
kommovidhi	k8mm8v8dh8	កម្មវិធី	program, app
kommovidhii	k8mm8v8dh8	កម្មវិធី	program, app
kommovethey	k8mm8v8th8	កម្មវិធី	program, app
kommovethi	k8mm8v8th8	កម្មវិធី	program, app
kommovethii	k8mm8v8th8	កម្មវិធី	program, app
kommovedhey	k8mm8v8dh8	កម្មវិធី	program, app
kommovedhi	k8mm8v8dh8	កម្មវិធី	program, app
kommovedhii	k8mm8v8dh8	កម្មវិធី	program, app
kommowithey	k8mm8w8th8	កម្មវិធី	program, app
kommowithi	k8mm8w8th8	កម្មវិធី	program, app
kommowithii	k8mm8w8th8	កម្មវិធី	program, app
kommowidhey	k8mm8w8dh8	កម្មវិធី	program, app
kommowidhi	k8mm8w8dh8	កម្មវិធី	program, app
kommowidhii	k8mm8w8dh8	កម្មវិធី	program, app
kommowethey	k8mm8w8th8	កម្មវិធី	program, app
kommowethi	k8mm8w8th8	កម្មវិធី	program, app
kommowethii	k8mm8w8th8	កម្មវិធី	program, app
kommowedhey	k8mm8w8dh8	កម្មវិធី	program, app
kommowedhi	k8mm8w8dh8	កម្មវិធី	program, app
kommowedhii	k8mm8w8dh8	កម្មវិធី	program, app
kammavithi	k8mm8v8th8	កម្មវិធី	program, app
kamavithy	k8m8v8th8	កម្មវិធី	program, app
kammvithi	k8mmv8th8	កម្មវិធី	program, app
sar	s8r	សារ	message
sear	s8r	សារ	message
saar	s8r	សារ	message
saa	s8	សារ	message
aeymael	8m8l	អ៊ីមែល	email
aeymel	8m8l	អ៊ីមែល	email
aeymeal	8m8l	អ៊ីមែល	email
aimael	8m8l	អ៊ីមែល	email
aimel	8m8l	អ៊ីមែល	email
aimeal	8m8l	អ៊ីមែល	email
aiimael	8m8l	អ៊ីមែល	email
aiimel	8m8l	អ៊ីមែល	email
aiimeal	8m8l	អ៊ីមែល	email
oeymael	8m8l	អ៊ីមែល	email
oeymel	8m8l	អ៊ីមែល	email
oeymeal	8m8l	អ៊ីមែល	email
oimael	8m8l	អ៊ីមែល	email
oimel	8m8l	អ៊ីមែល	email
oimeal	8m8l	អ៊ីមែល	email
oiimael	8m8l	អ៊ីមែល	email
oiimel	8m8l	អ៊ីមែល	email
oiimeal	8m8l	អ៊ីមែល	email
qeymael	q8m8l	អ៊ីមែល	email
qeymel	q8m8l	អ៊ីមែល	email
qeymeal	q8m8l	អ៊ីមែល	email
qimael	q8m8l	អ៊ីមែល	email
qimel	q8m8l	អ៊ីមែល	email
qimeal	q8m8l	អ៊ីមែល	email
qiimael	q8m8l	អ៊ីមែល	email
qiimel	q8m8l	អ៊ីមែល	email
qiimeal	q8m8l	អ៊ីមែល	email
eymael	8m8l	អ៊ីមែល	email
eymel	8m8l	អ៊ីមែល	email
eymeal	8m8l	អ៊ីមែល	email
imael	8m8l	អ៊ីមែល	email
imel	8m8l	អ៊ីមែល	email
imeal	8m8l	អ៊ីមែល	email
iimael	8m8l	អ៊ីមែល	email
iimel	8m8l	អ៊ីមែល	email
iimeal	8m8l	អ៊ីមែល	email
email	8m8l	អ៊ីមែល	email
kichchkar	k8chchk8r	កិច្ចការ	task
kichchkear	k8chchk8r	កិច្ចការ	task
kichchkaar	k8chchk8r	កិច្ចការ	task
kichchokar	k8chch8k8r	កិច្ចការ	task
kichchokear	k8chch8k8r	កិច្ចការ	task
kichchokaar	k8chch8k8r	កិច្ចការ	task
kichchakar	k8chch8k8r	កិច្ចការ	task
kichchakear	k8chch8k8r	កិច្ចការ	task
kichchakaar	k8chch8k8r	កិច្ចការ	task
kichjkar	k8chjk8r	កិច្ចការ	task
kichjkear	k8chjk8r	កិច្ចការ	task
kichjkaar	k8chjk8r	កិច្ចការ	task
kichjokar	k8chj8k8r	កិច្ចការ	task
kichjokear	k8chj8k8r	កិច្ចការ	task
kichjokaar	k8chj8k8r	កិច្ចការ	task
kichjakar	k8chj8k8r	កិច្ចការ	task
kichjakear	k8chj8k8r	កិច្ចការ	task
kichjakaar	k8chj8k8r	កិច្ចការ	task
kijchkar	k8jchk8r	កិច្ចការ	task
kijchkear	k8jchk8r	កិច្ចការ	task
kijchkaar	k8jchk8r	កិច្ចការ	task
kijchokar	k8jch8k8r	កិច្ចការ	task
kijchokear	k8jch8k8r	កិច្ចការ	task
kijchokaar	k8jch8k8r	កិច្ចការ	task
kijchakar	k8jch8k8r	កិច្ចការ	task
kijchakear	k8jch8k8r	កិច្ចការ	task
kijchakaar	k8jch8k8r	កិច្ចការ	task
kijjkar	k8jjk8r	កិច្ចការ	task
kijjkear	k8jjk8r	កិច្ចការ	task
kijjkaar	k8jjk8r	កិច្ចការ	task
kijjokar	k8jj8k8r	កិច្ចការ	task
kijjokear	k8jj8k8r	កិច្ចការ	task
kijjokaar	k8jj8k8r	កិច្ចការ	task
kijjakar	k8jj8k8r	កិច្ចការ	task
kijjakear	k8jj8k8r	កិច្ចការ	task
kijjakaar	k8jj8k8r	កិច្ចការ	task
kechchkar	k8chchk8r	កិច្ចការ	task
kechchkear	k8chchk8r	កិច្ចការ	task
kechchkaar	k8chchk8r	កិច្ចការ	task
kechchokar	k8chch8k8r	កិច្ចការ	task
kechchokear	k8chch8k8r	កិច្ចការ	task
kechchokaar	k8chch8k8r	កិច្ចការ	task
kechchakar	k8chch8k8r	កិច្ចការ	task
kechchakear	k8chch8k8r	កិច្ចការ	task
kechchakaar	k8chch8k8r	កិច្ចការ	task
kechjkar	k8chjk8r	កិច្ចការ	task
kechjkear	k8chjk8r	កិច្ចការ	task
kechjkaar	k8chjk8r	កិច្ចការ	task
kechjokar	k8chj8k8r	កិច្ចការ	task
kechjokear	k8chj8k8r	កិច្ចការ	task
kechjokaar	k8chj8k8r	កិច្ចការ	task
kechjakar	k8chj8k8r	កិច្ចការ	task
kechjakear	k8chj8k8r	កិច្ចការ	task
kechjakaar	k8chj8k8r	កិច្ចការ	task
kejchkar	k8jchk8r	កិច្ចការ	task
kejchkear	k8jchk8r	កិច្ចការ	task
kejchkaar	k8jchk8r	កិច្ចការ	task
kejchokar	k8jch8k8r	កិច្ចការ	task
kejchokear	k8jch8k8r	កិច្ចការ	task
kejchokaar	k8jch8k8r	កិច្ចការ	task
kejchakar	k8jch8k8r	កិច្ចការ	task
kejchakear	k8jch8k8r	កិច្ចការ	task
kejchakaar	k8jch8k8r	កិច្ចការ	task
kejjkar	k8jjk8r	កិច្ចការ	task
kejjkear	k8jjk8r	កិច្ចការ	task
kejjkaar	k8jjk8r	កិច្ចការ	task
kejjokar	k8jj8k8r	កិច្ចការ	task
kejjokear	k8jj8k8r	កិច្ចការ	task
kejjokaar	k8jj8k8r	កិច្ចការ	task
kejjakar	k8jj8k8r	កិច្ចការ	task
kejjakear	k8jj8k8r	កិច្ចការ	task
kejjakaar	k8jj8k8r	កិច្ចការ	task
kechka	k8chk8	កិច្ចការ	task
kichkar	k8chk8r	កិច្ចការ	task
brchuam	brch8m	ប្រជុំ	meeting
brchuom	brch8m	ប្រជុំ	meeting
brchuum	brch8m	ប្រជុំ	meeting
brchoam	brch8m	ប្រជុំ	meeting
brchoom	brch8m	ប្រជុំ	meeting
brchoum	brch8m	ប្រជុំ	meeting
brjuam	brj8m	ប្រជុំ	meeting
brjuom	brj8m	ប្រជុំ	meeting
brjuum	brj8m	ប្រជុំ	meeting
brjoam	brj8m	ប្រជុំ	meeting
brjoom	brj8m	ប្រជុំ	meeting
brjoum	brj8m	ប្រជុំ	meeting
brochuam	br8ch8m	ប្រជុំ	meeting
brochuom	br8ch8m	ប្រជុំ	meeting
brochuum	br8ch8m	ប្រជុំ	meeting
brochoam	br8ch8m	ប្រជុំ	meeting
brochoom	br8ch8m	ប្រជុំ	meeting
brochoum	br8ch8m	ប្រជុំ	meeting
brojuam	br8j8m	ប្រជុំ	meeting
brojuom	br8j8m	ប្រជុំ	meeting
brojuum	br8j8m	ប្រជុំ	meeting
brojoam	br8j8m	ប្រជុំ	meeting
brojoom	br8j8m	ប្រជុំ	meeting
brojoum	br8j8m	ប្រជុំ	meeting
brachuam	br8ch8m	ប្រជុំ	meeting
brachuom	br8ch8m	ប្រជុំ	meeting
brachuum	br8ch8m	ប្រជុំ	meeting
brachoam	br8ch8m	ប្រជុំ	meeting
brachoom	br8ch8m	ប្រជុំ	meeting
brachoum	br8ch8m	ប្រជុំ	meeting
brajuam	br8j8m	ប្រជុំ	meeting
brajuom	br8j8m	ប្រជុំ	meeting
brajuum	br8j8m	ប្រជុំ	meeting
brajoam	br8j8m	ប្រជុំ	meeting
brajoom	br8j8m	ប្រជុំ	meeting
brajoum	br8j8m	ប្រជុំ	meeting
prchuam	prch8m	ប្រជុំ	meeting
prchuom	prch8m	ប្រជុំ	meeting
prchuum	prch8m	ប្រជុំ	meeting
prchoam	prch8m	ប្រជុំ	meeting
prchoom	prch8m	ប្រជុំ	meeting
prchoum	prch8m	ប្រជុំ	meeting
prjuam	prj8m	ប្រជុំ	meeting
prjuom	prj8m	ប្រជុំ	meeting
prjuum	prj8m	ប្រជុំ	meeting
prjoam	prj8m	ប្រជុំ	meeting
prjoom	prj8m	ប្រជុំ	meeting
prjoum	prj8m	ប្រជុំ	meeting
prochuam	pr8ch8m	ប្រជុំ	meeting
prochuom	pr8ch8m	ប្រជុំ	meeting
prochuum	pr8ch8m	ប្រជុំ	meeting
prochoam	pr8ch8m	ប្រជុំ	meeting
prochoom	pr8ch8m	ប្រជុំ	meeting
prochoum	pr8ch8m	ប្រជុំ	meeting
projuam	pr8j8m	ប្រជុំ	meeting
projuom	pr8j8m	ប្រជុំ	meeting
projuum	pr8j8m	ប្រជុំ	meeting
projoam	pr8j8m	ប្រជុំ	meeting
projoom	pr8j8m	ប្រជុំ	meeting
projoum	pr8j8m	ប្រជុំ	meeting
prachuam	pr8ch8m	ប្រជុំ	meeting
prachuom	pr8ch8m	ប្រជុំ	meeting
prachuum	pr8ch8m	ប្រជុំ	meeting
prachoam	pr8ch8m	ប្រជុំ	meeting
prachoom	pr8ch8m	ប្រជុំ	meeting
prachoum	pr8ch8m	ប្រជុំ	meeting
prajuam	pr8j8m	ប្រជុំ	meeting
prajuom	pr8j8m	ប្រជុំ	meeting
prajuum	pr8j8m	ប្រជុំ	meeting
prajoam	pr8j8m	ប្រជុំ	meeting
prajoom	pr8j8m	ប្រជុំ	meeting
prajoum	pr8j8m	ប្រជុំ	meeting
prochum	pr8ch8m	ប្រជុំ	meeting
prajum	pr8j8m	ប្រជុំ	meeting
teytaamng	t8t8mng	ទីតាំង	location
teytaomng	t8t8mng	ទីតាំង	location
teytaumng	t8t8mng	ទីតាំង	location
teyteaamng	t8t8mng	ទីតាំង	location
teyteaomng	t8t8mng	ទីតាំង	location
teyteaumng	t8t8mng	ទីតាំង	location
teytaaamng	t8t8mng	ទីតាំង	location
teytaaomng	t8t8mng	ទីតាំង	location
teytaaumng	t8t8mng	ទីតាំង	location
teydaamng	t8d8mng	ទីតាំង	location
teydaomng	t8d8mng	ទីតាំង	location
teydaumng	t8d8mng	ទីតាំង	location
teydeaamng	t8d8mng	ទីតាំង	location
teydeaomng	t8d8mng	ទីតាំង	location
teydeaumng	t8d8mng	ទីតាំង	location
teydaaamng	t8d8mng	ទីតាំង	location
teydaaomng	t8d8mng	ទីតាំង	location
teydaaumng	t8d8mng	ទីតាំង	location
titaamng	t8t8mng	ទីតាំង	location
titaomng	t8t8mng	ទីតាំង	location
titaumng	t8t8mng	ទីតាំង	location
titeaamng	t8t8mng	ទីតាំង	location
titeaomng	t8t8mng	ទីតាំង	location
titeaumng	t8t8mng	ទីតាំង	location
titaaamng	t8t8mng	ទីតាំង	location
titaaomng	t8t8mng	ទីតាំង	location
titaaumng	t8t8mng	ទីតាំង	location
tidaamng	t8d8mng	ទីតាំង	location
tidaomng	t8d8mng	ទីតាំង	location
tidaumng	t8d8mng	ទីតាំង	location
tideaamng	t8d8mng	ទីតាំង	location
tideaomng	t8d8mng	ទីតាំង	location
tideaumng	t8d8mng	ទីតាំង	location
tidaaamng	t8d8mng	ទីតាំង	location
tidaaomng	t8d8mng	ទីតាំង	location
tidaaumng	t8d8mng	ទីតាំង	location
tiitaamng	t8t8mng	ទីតាំង	location
tiitaomng	t8t8mng	ទីតាំង	location
tiitaumng	t8t8mng	ទីតាំង	location
tiiteaamng	t8t8mng	ទីតាំង	location
tiiteaomng	t8t8mng	ទីតាំង	location
tiiteaumng	t8t8mng	ទីតាំង	location
tiitaaamng	t8t8mng	ទីតាំង	location
tiitaaomng	t8t8mng	ទីតាំង	location
tiitaaumng	t8t8mng	ទីតាំង	location
tiidaamng	t8d8mng	ទីតាំង	location
tiidaomng	t8d8mng	ទីតាំង	location
tiidaumng	t8d8mng	ទីតាំង	location
tiideaamng	t8d8mng	ទីតាំង	location
tiideaomng	t8d8mng	ទីតាំង	location
tiideaumng	t8d8mng	ទីតាំង	location
tiidaaamng	t8d8mng	ទីតាំង	location
tiidaaomng	t8d8mng	ទីតាំង	location
tiidaaumng	t8d8mng	ទីតាំង	location
deytaamng	d8t8mng	ទីតាំង	location
deytaomng	d8t8mng	ទីតាំង	location
deytaumng	d8t8mng	ទីតាំង	location
deyteaamng	d8t8mng	ទីតាំង	location
deyteaomng	d8t8mng	ទីតាំង	location
deyteaumng	d8t8mng	ទីតាំង	location
deytaaamng	d8t8mng	ទីតាំង	location
deytaaomng	d8t8mng	ទីតាំង	location
deytaaumng	d8t8mng	ទីតាំង	location
deydaamng	d8d8mng	ទីតាំង	location
deydaomng	d8d8mng	ទីតាំង	location
deydaumng	d8d8mng	ទីតាំង	location
deydeaamng	d8d8mng	ទីតាំង	location
deydeaomng	d8d8mng	ទីតាំង	location
deydeaumng	d8d8mng	ទីតាំង	location
deydaaamng	d8d8mng	ទីតាំង	location
deydaaomng	d8d8mng	ទីតាំង	location
deydaaumng	d8d8mng	ទីតាំង	location
ditaamng	d8t8mng	ទីតាំង	location
ditaomng	d8t8mng	ទីតាំង	location
ditaumng	d8t8mng	ទីតាំង	location
diteaamng	d8t8mng	ទីតាំង	location
diteaomng	d8t8mng	ទីតាំង	location
diteaumng	d8t8mng	ទីតាំង	location
ditaaamng	d8t8mng	ទីតាំង	location
ditaaomng	d8t8mng	ទីតាំង	location
ditaaumng	d8t8mng	ទីតាំង	location
didaamng	d8d8mng	ទីតាំង	location
didaomng	d8d8mng	ទីតាំង	location
didaumng	d8d8mng	ទីតាំង	location
dideaamng	d8d8mng	ទីតាំង	location
dideaomng	d8d8mng	ទីតាំង	location
dideaumng	d8d8mng	ទីតាំង	location
didaaamng	d8d8mng	ទីតាំង	location
didaaomng	d8d8mng	ទីតាំង	location
didaaumng	d8d8mng	ទីតាំង	location
diitaamng	d8t8mng	ទីតាំង	location
diitaomng	d8t8mng	ទីតាំង	location
diitaumng	d8t8mng	ទីតាំង	location
diiteaamng	d8t8mng	ទីតាំង	location
diiteaomng	d8t8mng	ទីតាំង	location
diiteaumng	d8t8mng	ទីតាំង	location
diitaaamng	d8t8mng	ទីតាំង	location
diitaaomng	d8t8mng	ទីតាំង	location
diitaaumng	d8t8mng	ទីតាំង	location
diidaamng	d8d8mng	ទីតាំង	location
diidaomng	d8d8mng	ទីតាំង	location
diidaumng	d8d8mng	ទីតាំង	location
diideaamng	d8d8mng	ទីតាំង	location
diideaomng	d8d8mng	ទីតាំង	location
diideaumng	d8d8mng	ទីតាំង	location
diidaaamng	d8d8mng	ទីតាំង	location
diidaaomng	d8d8mng	ទីតាំង	location
diidaaumng	d8d8mng	ទីតាំង	location
ddeytaamng	dd8t8mng	ទីតាំង	location
ddeytaomng	dd8t8mng	ទីតាំង	location
ddeytaumng	dd8t8mng	ទីតាំង	location
ddeyteaamng	dd8t8mng	ទីតាំង	location
ddeyteaomng	dd8t8mng	ទីតាំង	location
ddeyteaumng	dd8t8mng	ទីតាំង	location
ddeytaaamng	dd8t8mng	ទីតាំង	location
ddeytaaomng	dd8t8mng	ទីតាំង	location
ddeytaaumng	dd8t8mng	ទីតាំង	location
ddeydaamng	dd8d8mng	ទីតាំង	location
ddeydaomng	dd8d8mng	ទីតាំង	location
ddeydaumng	dd8d8mng	ទីតាំង	location
titang	t8t8ng	ទីតាំង	location
titaing	t8t8ng	ទីតាំង	location
aasydthan	8s8dth8n	អាសយដ្ឋាន	address
aasydthean	8s8dth8n	អាសយដ្ឋាន	address
aasydthaan	8s8dth8n	អាសយដ្ឋាន	address
aasyodthan	8s8dth8n	អាសយដ្ឋាន	address
aasyodthean	8s8dth8n	អាសយដ្ឋាន	address
aasyodthaan	8s8dth8n	អាសយដ្ឋាន	address
aasyadthan	8s8dth8n	អាសយដ្ឋាន	address
aasyadthean	8s8dth8n	អាសយដ្ឋាន	address
aasyadthaan	8s8dth8n	អាសយដ្ឋាន	address
aasoydthan	8s8dth8n	អាសយដ្ឋាន	address
aasoydthean	8s8dth8n	អាសយដ្ឋាន	address
aasoydthaan	8s8dth8n	អាសយដ្ឋាន	address
aasoyodthan	8s8dth8n	អាសយដ្ឋាន	address
aasoyodthean	8s8dth8n	អាសយដ្ឋាន	address
aasoyodthaan	8s8dth8n	អាសយដ្ឋាន	address
aasoyadthan	8s8dth8n	អាសយដ្ឋាន	address
aasoyadthean	8s8dth8n	អាសយដ្ឋាន	address
aasoyadthaan	8s8dth8n	អាសយដ្ឋាន	address
aasaydthan	8s8dth8n	អាសយដ្ឋាន	address
aasaydthean	8s8dth8n	អាសយដ្ឋាន	address
aasaydthaan	8s8dth8n	អាសយដ្ឋាន	address
aasayodthan	8s8dth8n	អាសយដ្ឋាន	address
aasayodthean	8s8dth8n	អាសយដ្ឋាន	address
aasayodthaan	8s8dth8n	អាសយដ្ឋាន	address
aasayadthan	8s8dth8n	អាសយដ្ឋាន	address
aasayadthean	8s8dth8n	អាសយដ្ឋាន	address
aasayadthaan	8s8dth8n	អាសយដ្ឋាន	address
aeasydthan	8s8dth8n	អាសយដ្ឋាន	address
aeasydthean	8s8dth8n	អាសយដ្ឋាន	address
aeasydthaan	8s8dth8n	អាសយដ្ឋាន	address
aeasyodthan	8s8dth8n	អាសយដ្ឋាន	address
aeasyodthean	8s8dth8n	អាសយដ្ឋាន	address
aeasyodthaan	8s8dth8n	អាសយដ្ឋាន	address
aeasyadthan	8s8dth8n	អាសយដ្ឋាន	address
aeasyadthean	8s8dth8n	អាសយដ្ឋាន	address
aeasyadthaan	8s8dth8n	អាសយដ្ឋាន	address
aeasoydthan	8s8dth8n	អាសយដ្ឋាន	address
aeasoydthean	8s8dth8n	អាសយដ្ឋាន	address
aeasoydthaan	8s8dth8n	អាសយដ្ឋាន	address
aeasoyodthan	8s8dth8n	អាសយដ្ឋាន	address
aeasoyodthean	8s8dth8n	អាសយដ្ឋាន	address
aeasoyodthaan	8s8dth8n	អាសយដ្ឋាន	address
aeasoyadthan	8s8dth8n	អាសយដ្ឋាន	address
aeasoyadthean	8s8dth8n	អាសយដ្ឋាន	address
aeasoyadthaan	8s8dth8n	អាសយដ្ឋាន	address
aeasaydthan	8s8dth8n	អាសយដ្ឋាន	address
aeasaydthean	8s8dth8n	អាសយដ្ឋាន	address
aeasaydthaan	8s8dth8n	អាសយដ្ឋាន	address
aeasayodthan	8s8dth8n	អាសយដ្ឋាន	address
aeasayodthean	8s8dth8n	អាសយដ្ឋាន	address
aeasayodthaan	8s8dth8n	អាសយដ្ឋាន	address
aeasayadthan	8s8dth8n	អាសយដ្ឋាន	address
aeasayadthean	8s8dth8n	អាសយដ្ឋាន	address
aeasayadthaan	8s8dth8n	អាសយដ្ឋាន	address
aaasydthan	8s8dth8n	អាសយដ្ឋាន	address
aaasydthean	8s8dth8n	អាសយដ្ឋាន	address
aaasydthaan	8s8dth8n	អាសយដ្ឋាន	address
aaasyodthan	8s8dth8n	អាសយដ្ឋាន	address
aaasyodthean	8s8dth8n	អាសយដ្ឋាន	address
aaasyodthaan	8s8dth8n	អាសយដ្ឋាន	address
aaasyadthan	8s8dth8n	អាសយដ្ឋាន	address
aaasyadthean	8s8dth8n	អាសយដ្ឋាន	address
aaasyadthaan	8s8dth8n	អាសយដ្ឋាន	address
aaasoydthan	8s8dth8n	អាសយដ្ឋាន	address
aaasoydthean	8s8dth8n	អាសយដ្ឋាន	address
aaasoydthaan	8s8dth8n	អាសយដ្ឋាន	address
aaasoyodthan	8s8dth8n	អាសយដ្ឋាន	address
aaasoyodthean	8s8dth8n	អាសយដ្ឋាន	address
aaasoyodthaan	8s8dth8n	អាសយដ្ឋាន	address
aaasoyadthan	8s8dth8n	អាសយដ្ឋាន	address
aaasoyadthean	8s8dth8n	អាសយដ្ឋាន	address
aaasoyadthaan	8s8dth8n	អាសយដ្ឋាន	address
aaasaydthan	8s8dth8n	អាសយដ្ឋាន	address
aaasaydthean	8s8dth8n	អាសយដ្ឋាន	address
aaasaydthaan	8s8dth8n	អាសយដ្ឋាន	address
aaasayodthan	8s8dth8n	អាសយដ្ឋាន	address
aaasayodthean	8s8dth8n	អាសយដ្ឋាន	address
aaasayodthaan	8s8dth8n	អាសយដ្ឋាន	address
aaasayadthan	8s8dth8n	អាសយដ្ឋាន	address
aaasayadthean	8s8dth8n	អាសយដ្ឋាន	address
aaasayadthaan	8s8dth8n	អាសយដ្ឋាន	address
oasydthan	8s8dth8n	អាសយដ្ឋាន	address
oasydthean	8s8dth8n	អាសយដ្ឋាន	address
oasydthaan	8s8dth8n	អាសយដ្ឋាន	address
oasyodthan	8s8dth8n	អាសយដ្ឋាន	address
oasyodthean	8s8dth8n	អាសយដ្ឋាន	address
oasyodthaan	8s8dth8n	អាសយដ្ឋាន	address
oasyadthan	8s8dth8n	អាសយដ្ឋាន	address
oasyadthean	8s8dth8n	អាសយដ្ឋាន	address
oasyadthaan	8s8dth8n	អាសយដ្ឋាន	address
oasoydthan	8s8dth8n	អាសយដ្ឋាន	address
oasoydthean	8s8dth8n	អាសយដ្ឋាន	address
oasoydthaan	8s8dth8n	អាសយដ្ឋាន	address
oasoyodthan	8s8dth8n	អាសយដ្ឋាន	address
oasoyodthean	8s8dth8n	អាសយដ្ឋាន	address
oasoyodthaan	8s8dth8n	អាសយដ្ឋាន	address
oasoyadthan	8s8dth8n	អាសយដ្ឋាន	address
oasoyadthean	8s8dth8n	អាសយដ្ឋាន	address
oasoyadthaan	8s8dth8n	អាសយដ្ឋាន	address
oasaydthan	8s8dth8n	អាសយដ្ឋាន	address
oasaydthean	8s8dth8n	អាសយដ្ឋាន	address
oasaydthaan	8s8dth8n	អាសយដ្ឋាន	address
oasayodthan	8s8dth8n	អាសយដ្ឋាន	address
oasayodthean	8s8dth8n	អាសយដ្ឋាន	address
oasayodthaan	8s8dth8n	អាសយដ្ឋាន	address
oasayadthan	8s8dth8n	អាសយដ្ឋាន	address
oasayadthean	8s8dth8n	អាសយដ្ឋាន	address
oasayadthaan	8s8dth8n	អាសយដ្ឋាន	address
oeasydthan	8s8dth8n	អាសយដ្ឋាន	address
oeasydthean	8s8dth8n	អាសយដ្ឋាន	address
oeasydthaan	8s8dth8n	អាសយដ្ឋាន	address
oeasyodthan	8s8dth8n	អាសយដ្ឋាន	address
oeasyodthean	8s8dth8n	អាសយដ្ឋាន	address
oeasyodthaan	8s8dth8n	អាសយដ្ឋាន	address
oeasyadthan	8s8dth8n	អាសយដ្ឋាន	address
oeasyadthean	8s8dth8n	អាសយដ្ឋាន	address
oeasyadthaan	8s8dth8n	អាសយដ្ឋាន	address
oeasoydthan	8s8dth8n	អាសយដ្ឋាន	address
oeasoydthean	8s8dth8n	អាសយដ្ឋាន	address
oeasoydthaan	8s8dth8n	អាសយដ្ឋាន	address
asayathan	8s8th8n	អាសយដ្ឋាន	address
chokchy	ch8kch8	ជោគជ័យ	success
chokchay	ch8kch8	ជោគជ័យ	success
chokchoay	ch8kch8	ជោគជ័យ	success
chokjy	ch8kj8	ជោគជ័យ	success
chokjay	ch8kj8	ជោគជ័យ	success
chokjoay	ch8kj8	ជោគជ័យ	success
chokochy	ch8k8ch8	ជោគជ័យ	success
chokochay	ch8k8ch8	ជោគជ័យ	success
chokochoay	ch8k8ch8	ជោគជ័យ	success
chokojy	ch8k8j8	ជោគជ័យ	success
chokojay	ch8k8j8	ជោគជ័យ	success
chokojoay	ch8k8j8	ជោគជ័យ	success
chokachy	ch8k8ch8	ជោគជ័យ	success
chokachay	ch8k8ch8	ជោគជ័យ	success
chokachoay	ch8k8ch8	ជោគជ័យ	success
chokajy	ch8k8j8	ជោគជ័យ	success
chokajay	ch8k8j8	ជោគជ័យ	success
chokajoay	ch8k8j8	ជោគជ័យ	success
chogchy	ch8gch8	ជោគជ័យ	success
chogchay	ch8gch8	ជោគជ័យ	success
chogchoay	ch8gch8	ជោគជ័យ	success
chogjy	ch8gj8	ជោគជ័យ	success
chogjay	ch8gj8	ជោគជ័យ	success
chogjoay	ch8gj8	ជោគជ័យ	success
chogochy	ch8g8ch8	ជោគជ័យ	success
chogochay	ch8g8ch8	ជោគជ័យ	success
chogochoay	ch8g8ch8	ជោគជ័យ	success
chogojy	ch8g8j8	ជោគជ័យ	success
chogojay	ch8g8j8	ជោគជ័យ	success
chogojoay	ch8g8j8	ជោគជ័យ	success
chogachy	ch8g8ch8	ជោគជ័យ	success
chogachay	ch8g8ch8	ជោគជ័យ	success
chogachoay	ch8g8ch8	ជោគជ័យ	success
chogajy	ch8g8j8	ជោគជ័យ	success
chogajay	ch8g8j8	ជោគជ័យ	success
chogajoay	ch8g8j8	ជោគជ័យ	success
chaokchy	ch8kch8	ជោគជ័យ	success
chaokchay	ch8kch8	ជោគជ័យ	success
chaokchoay	ch8kch8	ជោគជ័យ	success
chaokjy	ch8kj8	ជោគជ័យ	success
chaokjay	ch8kj8	ជោគជ័យ	success
chaokjoay	ch8kj8	ជោគជ័យ	success
chaokochy	ch8k8ch8	ជោគជ័យ	success
chaokochay	ch8k8ch8	ជោគជ័យ	success
chaokochoay	ch8k8ch8	ជោគជ័យ	success
chaokojy	ch8k8j8	ជោគជ័យ	success
chaokojay	ch8k8j8	ជោគជ័យ	success
chaokojoay	ch8k8j8	ជោគជ័យ	success
chaokachy	ch8k8ch8	ជោគជ័យ	success
chaokachay	ch8k8ch8	ជោគជ័យ	success
chaokachoay	ch8k8ch8	ជោគជ័យ	success
chaokajy	ch8k8j8	ជោគជ័យ	success
chaokajay	ch8k8j8	ជោគជ័យ	success
chaokajoay	ch8k8j8	ជោគជ័យ	success
chaogchy	ch8gch8	ជោគជ័យ	success
chaogchay	ch8gch8	ជោគជ័យ	success
chaogchoay	ch8gch8	ជោគជ័យ	success
chaogjy	ch8gj8	ជោគជ័យ	success
chaogjay	ch8gj8	ជោគជ័យ	success
chaogjoay	ch8gj8	ជោគជ័យ	success
chaogochy	ch8g8ch8	ជោគជ័យ	success
chaogochay	ch8g8ch8	ជោគជ័យ	success
chaogochoay	ch8g8ch8	ជោគជ័យ	success
chaogojy	ch8g8j8	ជោគជ័យ	success
chaogojay	ch8g8j8	ជោគជ័យ	success
chaogojoay	ch8g8j8	ជោគជ័យ	success
chaogachy	ch8g8ch8	ជោគជ័យ	success
chaogachay	ch8g8ch8	ជោគជ័យ	success
chaogachoay	ch8g8ch8	ជោគជ័យ	success
chaogajy	ch8g8j8	ជោគជ័យ	success
chaogajay	ch8g8j8	ជោគជ័យ	success
chaogajoay	ch8g8j8	ជោគជ័យ	success
choukchy	ch8kch8	ជោគជ័យ	success
choukchay	ch8kch8	ជោគជ័យ	success
choukchoay	ch8kch8	ជោគជ័យ	success
choukjy	ch8kj8	ជោគជ័យ	success
choukjay	ch8kj8	ជោគជ័យ	success
choukjoay	ch8kj8	ជោគជ័យ	success
choukochy	ch8k8ch8	ជោគជ័យ	success
choukochay	ch8k8ch8	ជោគជ័យ	success
choukochoay	ch8k8ch8	ជោគជ័យ	success
choukojy	ch8k8j8	ជោគជ័យ	success
choukojay	ch8k8j8	ជោគជ័យ	success
choukojoay	ch8k8j8	ជោគជ័យ	success
choukachy	ch8k8ch8	ជោគជ័យ	success
choukachay	ch8k8ch8	ជោគជ័យ	success
choukachoay	ch8k8ch8	ជោគជ័យ	success
choukajy	ch8k8j8	ជោគជ័យ	success
choukajay	ch8k8j8	ជោគជ័យ	success
choukajoay	ch8k8j8	ជោគជ័យ	success
chougchy	ch8gch8	ជោគជ័យ	success
chougchay	ch8gch8	ជោគជ័យ	success
chougchoay	ch8gch8	ជោគជ័យ	success
chougjy	ch8gj8	ជោគជ័យ	success
chougjay	ch8gj8	ជោគជ័យ	success
chougjoay	ch8gj8	ជោគជ័យ	success
chougochy	ch8g8ch8	ជោគជ័យ	success
chougochay	ch8g8ch8	ជោគជ័យ	success
chougochoay	ch8g8ch8	ជោគជ័យ	success
chougojy	ch8g8j8	ជោគជ័យ	success
chougojay	ch8g8j8	ជោគជ័យ	success
chougojoay	ch8g8j8	ជោគជ័យ	success
chougachy	ch8g8ch8	ជោគជ័យ	success
chougachay	ch8g8ch8	ជោគជ័យ	success
chougachoay	ch8g8ch8	ជោគជ័យ	success
chougajy	ch8g8j8	ជោគជ័យ	success
chougajay	ch8g8j8	ជោគជ័យ	success
chougajoay	ch8g8j8	ជោគជ័យ	success
choakchy	ch8kch8	ជោគជ័យ	success
choakchay	ch8kch8	ជោគជ័យ	success
choakchoay	ch8kch8	ជោគជ័យ	success
choakjy	ch8kj8	ជោគជ័យ	success
choakjay	ch8kj8	ជោគជ័យ	success
choakjoay	ch8kj8	ជោគជ័យ	success
choakochy	ch8k8ch8	ជោគជ័យ	success
choakochay	ch8k8ch8	ជោគជ័យ	success
choakochoay	ch8k8ch8	ជោគជ័យ	success
choakojy	ch8k8j8	ជោគជ័យ	success
choakojay	ch8k8j8	ជោគជ័យ	success
choakojoay	ch8k8j8	ជោគជ័យ	success
chokchey	ch8kch8	ជោគជ័យ	success
joukjey	j8kj8	ជោគជ័យ	success
sntiphap	snt8ph8p	សន្តិភាព	peace
sntiphab	snt8ph8b	សន្តិភាព	peace
sntipheap	snt8ph8p	សន្តិភាព	peace
sntipheab	snt8ph8b	សន្តិភាព	peace
sntiphaap	snt8ph8p	សន្តិភាព	peace
sntiphaab	snt8ph8b	សន្តិភាព	peace
sntibhap	snt8bh8p	សន្តិភាព	peace
sntibhab	snt8bh8b	សន្តិភាព	peace
sntibheap	snt8bh8p	សន្តិភាព	peace
sntibheab	snt8bh8b	សន្តិភាព	peace
sntibhaap	snt8bh8p	សន្តិភាព	peace
sntibhaab	snt8bh8b	សន្តិភាព	peace
sntephap	snt8ph8p	សន្តិភាព	peace
sntephab	snt8ph8b	សន្តិភាព	peace
sntepheap	snt8ph8p	សន្តិភាព	peace
sntepheab	snt8ph8b	សន្តិភាព	peace
sntephaap	snt8ph8p	សន្តិភាព	peace
sntephaab	snt8ph8b	សន្តិភាព	peace
sntebhap	snt8bh8p	សន្តិភាព	peace
sntebhab	snt8bh8b	សន្តិភាព	peace
sntebheap	snt8bh8p	សន្តិភាព	peace
sntebheab	snt8bh8b	សន្តិភាព	peace
sntebhaap	snt8bh8p	សន្តិភាព	peace
sntebhaab	snt8bh8b	សន្តិភាព	peace
sndiphap	snd8ph8p	សន្តិភាព	peace
sndiphab	snd8ph8b	សន្តិភាព	peace
sndipheap	snd8ph8p	សន្តិភាព	peace
sndipheab	snd8ph8b	សន្តិភាព	peace
sndiphaap	snd8ph8p	សន្តិភាព	peace
sndiphaab	snd8ph8b	សន្តិភាព	peace
sndibhap	snd8bh8p	សន្តិភាព	peace
sndibhab	snd8bh8b	សន្តិភាព	peace
sndibheap	snd8bh8p	សន្តិភាព	peace
sndibheab	snd8bh8b	សន្តិភាព	peace
sndibhaap	snd8bh8p	សន្តិភាព	peace
sndibhaab	snd8bh8b	សន្តិភាព	peace
sndephap	snd8ph8p	សន្តិភាព	peace
sndephab	snd8ph8b	សន្តិភាព	peace
sndepheap	snd8ph8p	សន្តិភាព	peace
sndepheab	snd8ph8b	សន្តិភាព	peace
sndephaap	snd8ph8p	សន្តិភាព	peace
sndephaab	snd8ph8b	សន្តិភាព	peace
sndebhap	snd8bh8p	សន្តិភាព	peace
sndebhab	snd8bh8b	សន្តិភាព	peace
sndebheap	snd8bh8p	សន្តិភាព	peace
sndebheab	snd8bh8b	សន្តិភាព	peace
sndebhaap	snd8bh8p	សន្តិភាព	peace
sndebhaab	snd8bh8b	សន្តិភាព	peace
sontiphap	s8nt8ph8p	សន្តិភាព	peace
sontiphab	s8nt8ph8b	សន្តិភាព	peace
sontipheap	s8nt8ph8p	សន្តិភាព	peace
sontipheab	s8nt8ph8b	សន្តិភាព	peace
sontiphaap	s8nt8ph8p	សន្តិភាព	peace
sontiphaab	s8nt8ph8b	សន្តិភាព	peace
sontibhap	s8nt8bh8p	សន្តិភាព	peace
sontibhab	s8nt8bh8b	សន្តិភាព	peace
sontibheap	s8nt8bh8p	សន្តិភាព	peace
sontibheab	s8nt8bh8b	សន្តិភាព	peace
sontibhaap	s8nt8bh8p	សន្តិភាព	peace
sontibhaab	s8nt8bh8b	សន្តិភាព	peace
sontephap	s8nt8ph8p	សន្តិភាព	peace
sontephab	s8nt8ph8b	សន្តិភាព	peace
sontepheap	s8nt8ph8p	សន្តិភាព	peace
sontepheab	s8nt8ph8b	សន្តិភាព	peace
sontephaap	s8nt8ph8p	សន្តិភាព	peace
sontephaab	s8nt8ph8b	សន្តិភាព	peace
sontebhap	s8nt8bh8p	សន្តិភាព	peace
sontebhab	s8nt8bh8b	សន្តិភាព	peace
sontebheap	s8nt8bh8p	សន្តិភាព	peace
sontebheab	s8nt8bh8b	សន្តិភាព	peace
sontebhaap	s8nt8bh8p	សន្តិភាព	peace
sontebhaab	s8nt8bh8b	សន្តិភាព	peace
sondiphap	s8nd8ph8p	សន្តិភាព	peace
sondiphab	s8nd8ph8b	សន្តិភាព	peace
sondipheap	s8nd8ph8p	សន្តិភាព	peace
sondipheab	s8nd8ph8b	សន្តិភាព	peace
sondiphaap	s8nd8ph8p	សន្តិភាព	peace
sondiphaab	s8nd8ph8b	សន្តិភាព	peace
sondibhap	s8nd8bh8p	សន្តិភាព	peace
sondibhab	s8nd8bh8b	សន្តិភាព	peace
sondibheap	s8nd8bh8p	សន្តិភាព	peace
sondibheab	s8nd8bh8b	សន្តិភាព	peace
sondibhaap	s8nd8bh8p	សន្តិភាព	peace
sondibhaab	s8nd8bh8b	សន្តិភាព	peace
sondephap	s8nd8ph8p	សន្តិភាព	peace
sondephab	s8nd8ph8b	សន្តិភាព	peace
sondepheap	s8nd8ph8p	សន្តិភាព	peace
sondepheab	s8nd8ph8b	សន្តិភាព	peace
sondephaap	s8nd8ph8p	សន្តិភាព	peace
sondephaab	s8nd8ph8b	សន្តិភាព	peace
sondebhap	s8nd8bh8p	សន្តិភាព	peace
sondebhab	s8nd8bh8b	សន្តិភាព	peace
sondebheap	s8nd8bh8p	សន្តិភាព	peace
sondebheab	s8nd8bh8b	សន្តិភាព	peace
sondebhaap	s8nd8bh8p	សន្តិភាព	peace
sondebhaab	s8nd8bh8b	សន្តិភាព	peace
santiphap	s8nt8ph8p	សន្តិភាព	peace
santiphab	s8nt8ph8b	សន្តិភាព	peace
santipheap	s8nt8ph8p	សន្តិភាព	peace
santipheab	s8nt8ph8b	សន្តិភាព	peace
santiphaap	s8nt8ph8p	សន្តិភាព	peace
santiphaab	s8nt8ph8b	សន្តិភាព	peace
santibhap	s8nt8bh8p	សន្តិភាព	peace
santibhab	s8nt8bh8b	សន្តិភាព	peace
santibheap	s8nt8bh8p	សន្តិភាព	peace
santibheab	s8nt8bh8b	សន្តិភាព	peace
santibhaap	s8nt8bh8p	សន្តិភាព	peace
santibhaab	s8nt8bh8b	សន្តិភាព	peace
santephap	s8nt8ph8p	សន្តិភាព	peace
santephab	s8nt8ph8b	សន្តិភាព	peace
santepheap	s8nt8ph8p	សន្តិភាព	peace
santepheab	s8nt8ph8b	សន្តិភាព	peace
santephaap	s8nt8ph8p	សន្តិភាព	peace
santephaab	s8nt8ph8b	សន្តិភាព	peace
santebhap	s8nt8bh8p	សន្តិភាព	peace
santebhab	s8nt8bh8b	សន្តិភាព	peace
santebheap	s8nt8bh8p	សន្តិភាព	peace
santebheab	s8nt8bh8b	សន្តិភាព	peace
santebhaap	s8nt8bh8p	សន្តិភាព	peace
santebhaab	s8nt8bh8b	សន្តិភាព	peace
sereyphap	s8r8ph8p	សេរីភាព	freedom
sereyphab	s8r8ph8b	សេរីភាព	freedom
sereypheap	s8r8ph8p	សេរីភាព	freedom
sereypheab	s8r8ph8b	សេរីភាព	freedom
sereyphaap	s8r8ph8p	សេរីភាព	freedom
sereyphaab	s8r8ph8b	សេរីភាព	freedom
sereybhap	s8r8bh8p	សេរីភាព	freedom
sereybhab	s8r8bh8b	សេរីភាព	freedom
sereybheap	s8r8bh8p	សេរីភាព	freedom
sereybheab	s8r8bh8b	សេរីភាព	freedom
sereybhaap	s8r8bh8p	សេរីភាព	freedom
sereybhaab	s8r8bh8b	សេរីភាព	freedom
seriphap	s8r8ph8p	សេរីភាព	freedom
seriphab	s8r8ph8b	សេរីភាព	freedom
seripheap	s8r8ph8p	សេរីភាព	freedom
seripheab	s8r8ph8b	សេរីភាព	freedom
seriphaap	s8r8ph8p	សេរីភាព	freedom
seriphaab	s8r8ph8b	សេរីភាព	freedom
seribhap	s8r8bh8p	សេរីភាព	freedom
seribhab	s8r8bh8b	សេរីភាព	freedom
seribheap	s8r8bh8p	សេរីភាព	freedom
seribheab	s8r8bh8b	សេរីភាព	freedom
seribhaap	s8r8bh8p	សេរីភាព	freedom
seribhaab	s8r8bh8b	សេរីភាព	freedom
seriiphap	s8r8ph8p	សេរីភាព	freedom
seriiphab	s8r8ph8b	សេរីភាព	freedom
seriipheap	s8r8ph8p	សេរីភាព	freedom
seriipheab	s8r8ph8b	សេរីភាព	freedom
seriiphaap	s8r8ph8p	សេរីភាព	freedom
seriiphaab	s8r8ph8b	សេរីភាព	freedom
seriibhap	s8r8bh8p	សេរីភាព	freedom
seriibhab	s8r8bh8b	សេរីភាព	freedom
seriibheap	s8r8bh8p	សេរីភាព	freedom
seriibheab	s8r8bh8b	សេរីភាព	freedom
seriibhaap	s8r8bh8p	សេរីភាព	freedom
seriibhaab	s8r8bh8b	សេរីភាព	freedom
seireyphap	s8r8ph8p	សេរីភាព	freedom
seireyphab	s8r8ph8b	សេរីភាព	freedom
seireypheap	s8r8ph8p	សេរីភាព	freedom
seireypheab	s8r8ph8b	សេរីភាព	freedom
seireyphaap	s8r8ph8p	សេរីភាព	freedom
seireyphaab	s8r8ph8b	សេរីភាព	freedom
seireybhap	s8r8bh8p	សេរីភាព	freedom
seireybhab	s8r8bh8b	សេរីភាព	freedom
seireybheap	s8r8bh8p	សេរីភាព	freedom
seireybheab	s8r8bh8b	សេរីភាព	freedom
seireybhaap	s8r8bh8p	សេរីភាព	freedom
seireybhaab	s8r8bh8b	សេរីភាព	freedom
seiriphap	s8r8ph8p	សេរីភាព	freedom
seiriphab	s8r8ph8b	សេរីភាព	freedom
seiripheap	s8r8ph8p	សេរីភាព	freedom
seiripheab	s8r8ph8b	សេរីភាព	freedom
seiriphaap	s8r8ph8p	សេរីភាព	freedom
seiriphaab	s8r8ph8b	សេរីភាព	freedom
seiribhap	s8r8bh8p	សេរីភាព	freedom
seiribhab	s8r8bh8b	សេរីភាព	freedom
seiribheap	s8r8bh8p	សេរីភាព	freedom
seiribheab	s8r8bh8b	សេរីភាព	freedom
seiribhaap	s8r8bh8p	សេរីភាព	freedom
seiribhaab	s8r8bh8b	សេរីភាព	freedom
seiriiphap	s8r8ph8p	សេរីភាព	freedom
seiriiphab	s8r8ph8b	សេរីភាព	freedom
seiriipheap	s8r8ph8p	សេរីភាព	freedom
seiriipheab	s8r8ph8b	សេរីភាព	freedom
seiriiphaap	s8r8ph8p	សេរីភាព	freedom
seiriiphaab	s8r8ph8b	សេរីភាព	freedom
seiriibhap	s8r8bh8p	សេរីភាព	freedom
seiriibhab	s8r8bh8b	សេរីភាព	freedom
seiriibheap	s8r8bh8p	សេរីភាព	freedom
seiriibheab	s8r8bh8b	សេរីភាព	freedom
seiriibhaap	s8r8bh8p	សេរីភាព	freedom
seiriibhaab	s8r8bh8b	សេរីភាព	freedom
sereipheap	s8r8ph8p	សេរីភាព	freedom
boulis	b8l8s	ប៉ូលិស	police
boules	b8l8s	ប៉ូលិស	police
bulis	b8l8s	ប៉ូលិស	police
bules	b8l8s	ប៉ូលិស	police
bolis	b8l8s	ប៉ូលិស	police
boles	b8l8s	ប៉ូលិស	police
buulis	b8l8s	ប៉ូលិស	police
buules	b8l8s	ប៉ូលិស	police
poulis	p8l8s	ប៉ូលិស	police
poules	p8l8s	ប៉ូលិស	police
pulis	p8l8s	ប៉ូលិស	police
pules	p8l8s	ប៉ូលិស	police
polis	p8l8s	ប៉ូលិស	police
poles	p8l8s	ប៉ូលិស	police
puulis	p8l8s	ប៉ូលិស	police
puules	p8l8s	ប៉ូលិស	police
police	p8l8c8	ប៉ូលិស	police
nkrbal	nkrb8l	នគរបាល	police (formal)
nkrbeal	nkrb8l	នគរបាល	police (formal)
nkrbaal	nkrb8l	នគរបាល	police (formal)
nkrpal	nkrp8l	នគរបាល	police (formal)
nkrpeal	nkrp8l	នគរបាល	police (formal)
nkrpaal	nkrp8l	នគរបាល	police (formal)
nkrobal	nkr8b8l	នគរបាល	police (formal)
nkrobeal	nkr8b8l	នគរបាល	police (formal)
nkrobaal	nkr8b8l	នគរបាល	police (formal)
nkropal	nkr8p8l	នគរបាល	police (formal)
nkropeal	nkr8p8l	នគរបាល	police (formal)
nkropaal	nkr8p8l	នគរបាល	police (formal)
nkrabal	nkr8b8l	នគរបាល	police (formal)
nkrabeal	nkr8b8l	នគរបាល	police (formal)
nkrabaal	nkr8b8l	នគរបាល	police (formal)
nkrapal	nkr8p8l	នគរបាល	police (formal)
nkrapeal	nkr8p8l	នគរបាល	police (formal)
nkrapaal	nkr8p8l	នគរបាល	police (formal)
nkorbal	nk8rb8l	នគរបាល	police (formal)
nkorbeal	nk8rb8l	នគរបាល	police (formal)
nkorbaal	nk8rb8l	នគរបាល	police (formal)
nkorpal	nk8rp8l	នគរបាល	police (formal)
nkorpeal	nk8rp8l	នគរបាល	police (formal)
nkorpaal	nk8rp8l	នគរបាល	police (formal)
nkorobal	nk8r8b8l	នគរបាល	police (formal)
nkorobeal	nk8r8b8l	នគរបាល	police (formal)
nkorobaal	nk8r8b8l	នគរបាល	police (formal)
nkoropal	nk8r8p8l	នគរបាល	police (formal)
nkoropeal	nk8r8p8l	នគរបាល	police (formal)
nkoropaal	nk8r8p8l	នគរបាល	police (formal)
nkorabal	nk8r8b8l	នគរបាល	police (formal)
nkorabeal	nk8r8b8l	នគរបាល	police (formal)
nkorabaal	nk8r8b8l	នគរបាល	police (formal)
nkorapal	nk8r8p8l	នគរបាល	police (formal)
nkorapeal	nk8r8p8l	នគរបាល	police (formal)
nkorapaal	nk8r8p8l	នគរបាល	police (formal)
nkarbal	nk8rb8l	នគរបាល	police (formal)
nkarbeal	nk8rb8l	នគរបាល	police (formal)
nkarbaal	nk8rb8l	នគរបាល	police (formal)
nkarpal	nk8rp8l	នគរបាល	police (formal)
nkarpeal	nk8rp8l	នគរបាល	police (formal)
nkarpaal	nk8rp8l	នគរបាល	police (formal)
nkarobal	nk8r8b8l	នគរបាល	police (formal)
nkarobeal	nk8r8b8l	នគរបាល	police (formal)
nkarobaal	nk8r8b8l	នគរបាល	police (formal)
nkaropal	nk8r8p8l	នគរបាល	police (formal)
nkaropeal	nk8r8p8l	នគរបាល	police (formal)
nkaropaal	nk8r8p8l	នគរបាល	police (formal)
nkarabal	nk8r8b8l	នគរបាល	police (formal)
nkarabeal	nk8r8b8l	នគរបាល	police (formal)
nkarabaal	nk8r8b8l	នគរបាល	police (formal)
nkarapal	nk8r8p8l	នគរបាល	police (formal)
nkarapeal	nk8r8p8l	នគរបាល	police (formal)
nkarapaal	nk8r8p8l	នគរបាល	police (formal)
ngrbal	ngrb8l	នគរបាល	police (formal)
ngrbeal	ngrb8l	នគរបាល	police (formal)
ngrbaal	ngrb8l	នគរបាល	police (formal)
ngrpal	ngrp8l	នគរបាល	police (formal)
ngrpeal	ngrp8l	នគរបាល	police (formal)
ngrpaal	ngrp8l	នគរបាល	police (formal)
ngrobal	ngr8b8l	នគរបាល	police (formal)
ngrobeal	ngr8b8l	នគរបាល	police (formal)
ngrobaal	ngr8b8l	នគរបាល	police (formal)
ngropal	ngr8p8l	នគរបាល	police (formal)
ngropeal	ngr8p8l	នគរបាល	police (formal)
ngropaal	ngr8p8l	នគរបាល	police (formal)
ngrabal	ngr8b8l	នគរបាល	police (formal)
ngrabeal	ngr8b8l	នគរបាល	police (formal)
ngrabaal	ngr8b8l	នគរបាល	police (formal)
ngrapal	ngr8p8l	នគរបាល	police (formal)
ngrapeal	ngr8p8l	នគរបាល	police (formal)
ngrapaal	ngr8p8l	នគរបាល	police (formal)
ngorbal	ng8rb8l	នគរបាល	police (formal)
ngorbeal	ng8rb8l	នគរបាល	police (formal)
ngorbaal	ng8rb8l	នគរបាល	police (formal)
ngorpal	ng8rp8l	នគរបាល	police (formal)
ngorpeal	ng8rp8l	នគរបាល	police (formal)
ngorpaal	ng8rp8l	នគរបាល	police (formal)
ngorobal	ng8r8b8l	នគរបាល	police (formal)
ngorobeal	ng8r8b8l	នគរបាល	police (formal)
ngorobaal	ng8r8b8l	នគរបាល	police (formal)
ngoropal	ng8r8p8l	នគរបាល	police (formal)
ngoropeal	ng8r8p8l	នគរបាល	police (formal)
ngoropaal	ng8r8p8l	នគរបាល	police (formal)
ngorabal	ng8r8b8l	នគរបាល	police (formal)
ngorabeal	ng8r8b8l	នគរបាល	police (formal)
ngorabaal	ng8r8b8l	នគរបាល	police (formal)
ngorapal	ng8r8p8l	នគរបាល	police (formal)
ngorapeal	ng8r8p8l	នគរបាល	police (formal)
ngorapaal	ng8r8p8l	នគរបាល	police (formal)
ngarbal	ng8rb8l	នគរបាល	police (formal)
ngarbeal	ng8rb8l	នគរបាល	police (formal)
ngarbaal	ng8rb8l	នគរបាល	police (formal)
ngarpal	ng8rp8l	នគរបាល	police (formal)
ngarpeal	ng8rp8l	នគរបាល	police (formal)
ngarpaal	ng8rp8l	នគរបាល	police (formal)
ngarobal	ng8r8b8l	នគរបាល	police (formal)
ngarobeal	ng8r8b8l	នគរបាល	police (formal)
ngarobaal	ng8r8b8l	នគរបាល	police (formal)
ngaropal	ng8r8p8l	នគរបាល	police (formal)
ngaropeal	ng8r8p8l	នគរបាល	police (formal)
ngaropaal	ng8r8p8l	នគរបាល	police (formal)
ngarabal	ng8r8b8l	នគរបាល	police (formal)
ngarabeal	ng8r8b8l	នគរបាល	police (formal)
ngarabaal	ng8r8b8l	នគរបាល	police (formal)
ngarapal	ng8r8p8l	នគរបាល	police (formal)
ngarapeal	ng8r8p8l	នគរបាល	police (formal)
ngarapaal	ng8r8p8l	នគរបាល	police (formal)
nokrbal	n8krb8l	នគរបាល	police (formal)
nokrbeal	n8krb8l	នគរបាល	police (formal)
nokrbaal	n8krb8l	នគរបាល	police (formal)
nokrpal	n8krp8l	នគរបាល	police (formal)
nokrpeal	n8krp8l	នគរបាល	police (formal)
nokrpaal	n8krp8l	នគរបាល	police (formal)
nokrobal	n8kr8b8l	នគរបាល	police (formal)
nokrobeal	n8kr8b8l	នគរបាល	police (formal)
nokrobaal	n8kr8b8l	នគរបាល	police (formal)
nokropal	n8kr8p8l	នគរបាល	police (formal)
nokropeal	n8kr8p8l	នគរបាល	police (formal)
nokropaal	n8kr8p8l	នគរបាល	police (formal)
nokorbal	n8k8rb8l	នគរបាល	police (formal)
rbaykarn	rb8k8rn	របាយការណ៍	report
rbaykaron	rb8k8r8n	របាយការណ៍	report
rbaykaran	rb8k8r8n	របាយការណ៍	report
rbaykearn	rb8k8rn	របាយការណ៍	report
rbaykearon	rb8k8r8n	របាយការណ៍	report
rbaykearan	rb8k8r8n	របាយការណ៍	report
rbaykaarn	rb8k8rn	របាយការណ៍	report
rbaykaaron	rb8k8r8n	របាយការណ៍	report
rbaykaaran	rb8k8r8n	របាយការណ៍	report
rbayokarn	rb8k8rn	របាយការណ៍	report
rbayokaron	rb8k8r8n	របាយការណ៍	report
rbayokaran	rb8k8r8n	របាយការណ៍	report
rbayokearn	rb8k8rn	របាយការណ៍	report
rbayokearon	rb8k8r8n	របាយការណ៍	report
rbayokearan	rb8k8r8n	របាយការណ៍	report
rbayokaarn	rb8k8rn	របាយការណ៍	report
rbayokaaron	rb8k8r8n	របាយការណ៍	report
rbayokaaran	rb8k8r8n	របាយការណ៍	report
rbayakarn	rb8k8rn	របាយការណ៍	report
rbayakaron	rb8k8r8n	របាយការណ៍	report
rbayakaran	rb8k8r8n	របាយការណ៍	report
rbayakearn	rb8k8rn	របាយការណ៍	report
rbayakearon	rb8k8r8n	របាយការណ៍	report
rbayakearan	rb8k8r8n	របាយការណ៍	report
rbayakaarn	rb8k8rn	របាយការណ៍	report
rbayakaaron	rb8k8r8n	របាយការណ៍	report
rbayakaaran	rb8k8r8n	របាយការណ៍	report
rbeaykarn	rb8k8rn	របាយការណ៍	report
rbeaykaron	rb8k8r8n	របាយការណ៍	report
rbeaykaran	rb8k8r8n	របាយការណ៍	report
rbeaykearn	rb8k8rn	របាយការណ៍	report
rbeaykearon	rb8k8r8n	របាយការណ៍	report
rbeaykearan	rb8k8r8n	របាយការណ៍	report
rbeaykaarn	rb8k8rn	របាយការណ៍	report
rbeaykaaron	rb8k8r8n	របាយការណ៍	report
rbeaykaaran	rb8k8r8n	របាយការណ៍	report
rbeayokarn	rb8k8rn	របាយការណ៍	report
rbeayokaron	rb8k8r8n	របាយការណ៍	report
rbeayokaran	rb8k8r8n	របាយការណ៍	report
rbeayokearn	rb8k8rn	របាយការណ៍	report
rbeayokearon	rb8k8r8n	របាយការណ៍	report
rbeayokearan	rb8k8r8n	របាយការណ៍	report
rbeayokaarn	rb8k8rn	របាយការណ៍	report
rbeayokaaron	rb8k8r8n	របាយការណ៍	report
rbeayokaaran	rb8k8r8n	របាយការណ៍	report
rbeayakarn	rb8k8rn	របាយការណ៍	report
rbeayakaron	rb8k8r8n	របាយការណ៍	report
rbeayakaran	rb8k8r8n	របាយការណ៍	report
rbeayakearn	rb8k8rn	របាយការណ៍	report
rbeayakearon	rb8k8r8n	របាយការណ៍	report
rbeayakearan	rb8k8r8n	របាយការណ៍	report
rbeayakaarn	rb8k8rn	របាយការណ៍	report
rbeayakaaron	rb8k8r8n	របាយការណ៍	report
rbeayakaaran	rb8k8r8n	របាយការណ៍	report
rbaaykarn	rb8k8rn	របាយការណ៍	report
rbaaykaron	rb8k8r8n	របាយការណ៍	report
rbaaykaran	rb8k8r8n	របាយការណ៍	report
rbaaykearn	rb8k8rn	របាយការណ៍	report
rbaaykearon	rb8k8r8n	របាយការណ៍	report
rbaaykearan	rb8k8r8n	របាយការណ៍	report
rbaaykaarn	rb8k8rn	របាយការណ៍	report
rbaaykaaron	rb8k8r8n	របាយការណ៍	report
rbaaykaaran	rb8k8r8n	របាយការណ៍	report
rbaayokarn	rb8k8rn	របាយការណ៍	report
rbaayokaron	rb8k8r8n	របាយការណ៍	report
rbaayokaran	rb8k8r8n	របាយការណ៍	report
rbaayokearn	rb8k8rn	របាយការណ៍	report
rbaayokearon	rb8k8r8n	របាយការណ៍	report
rbaayokearan	rb8k8r8n	របាយការណ៍	report
rbaayokaarn	rb8k8rn	របាយការណ៍	report
rbaayokaaron	rb8k8r8n	របាយការណ៍	report
rbaayokaaran	rb8k8r8n	របាយការណ៍	report
rbaayakarn	rb8k8rn	របាយការណ៍	report
rbaayakaron	rb8k8r8n	របាយការណ៍	report
rbaayakaran	rb8k8r8n	របាយការណ៍	report
rbaayakearn	rb8k8rn	របាយការណ៍	report
rbaayakearon	rb8k8r8n	របាយការណ៍	report
rbaayakearan	rb8k8r8n	របាយការណ៍	report
rbaayakaarn	rb8k8rn	របាយការណ៍	report
rbaayakaaron	rb8k8r8n	របាយការណ៍	report
rbaayakaaran	rb8k8r8n	របាយការណ៍	report
rpaykarn	rp8k8rn	របាយការណ៍	report
rpaykaron	rp8k8r8n	របាយការណ៍	report
rpaykaran	rp8k8r8n	របាយការណ៍	report
rpaykearn	rp8k8rn	របាយការណ៍	report
rpaykearon	rp8k8r8n	របាយការណ៍	report
rpaykearan	rp8k8r8n	របាយការណ៍	report
rpaykaarn	rp8k8rn	របាយការណ៍	report
rpaykaaron	rp8k8r8n	របាយការណ៍	report
rpaykaaran	rp8k8r8n	របាយការណ៍	report
rpayokarn	rp8k8rn	របាយការណ៍	report
rpayokaron	rp8k8r8n	របាយការណ៍	report
rpayokaran	rp8k8r8n	របាយការណ៍	report
rpayokearn	rp8k8rn	របាយការណ៍	report
rpayokearon	rp8k8r8n	របាយការណ៍	report
rpayokearan	rp8k8r8n	របាយការណ៍	report
rpayokaarn	rp8k8rn	របាយការណ៍	report
rpayokaaron	rp8k8r8n	របាយការណ៍	report
rpayokaaran	rp8k8r8n	របាយការណ៍	report
rpayakarn	rp8k8rn	របាយការណ៍	report
rpayakaron	rp8k8r8n	របាយការណ៍	report
rpayakaran	rp8k8r8n	របាយការណ៍	report
rpayakearn	rp8k8rn	របាយការណ៍	report
rpayakearon	rp8k8r8n	របាយការណ៍	report
rpayakearan	rp8k8r8n	របាយការណ៍	report
rpayakaarn	rp8k8rn	របាយការណ៍	report
rpayakaaron	rp8k8r8n	របាយការណ៍	report
rpayakaaran	rp8k8r8n	របាយការណ៍	report
rpeaykarn	rp8k8rn	របាយការណ៍	report
rpeaykaron	rp8k8r8n	របាយការណ៍	report
rpeaykaran	rp8k8r8n	របាយការណ៍	report
rpeaykearn	rp8k8rn	របាយការណ៍	report
rpeaykearon	rp8k8r8n	របាយការណ៍	report
rpeaykearan	rp8k8r8n	របាយការណ៍	report
rpeaykaarn	rp8k8rn	របាយការណ៍	report
rpeaykaaron	rp8k8r8n	របាយការណ៍	report
rpeaykaaran	rp8k8r8n	របាយការណ៍	report
rpeayokarn	rp8k8rn	របាយការណ៍	report
rpeayokaron	rp8k8r8n	របាយការណ៍	report
rpeayokaran	rp8k8r8n	របាយការណ៍	report
robaykar	r8b8k8r	របាយការណ៍	report
rabaykarn	r8b8k8rn	របាយការណ៍	report
robaykarn	r8b8k8rn	របាយការណ៍	report
phstutang	phst8t8ng	ភស្តុតាង	evidence
phstuteang	phst8t8ng	ភស្តុតាង	evidence
phstutaang	phst8t8ng	ភស្តុតាង	evidence
phstudang	phst8d8ng	ភស្តុតាង	evidence
phstudeang	phst8d8ng	ភស្តុតាង	evidence
phstudaang	phst8d8ng	ភស្តុតាង	evidence
phstotang	phst8t8ng	ភស្តុតាង	evidence
phstoteang	phst8t8ng	ភស្តុតាង	evidence
phstotaang	phst8t8ng	ភស្តុតាង	evidence
phstodang	phst8d8ng	ភស្តុតាង	evidence
phstodeang	phst8d8ng	ភស្តុតាង	evidence
phstodaang	phst8d8ng	ភស្តុតាង	evidence
phsdutang	phsd8t8ng	ភស្តុតាង	evidence
phsduteang	phsd8t8ng	ភស្តុតាង	evidence
phsdutaang	phsd8t8ng	ភស្តុតាង	evidence
phsdudang	phsd8d8ng	ភស្តុតាង	evidence
phsdudeang	phsd8d8ng	ភស្តុតាង	evidence
phsdudaang	phsd8d8ng	ភស្តុតាង	evidence
phsdotang	phsd8t8ng	ភស្តុតាង	evidence
phsdoteang	phsd8t8ng	ភស្តុតាង	evidence
phsdotaang	phsd8t8ng	ភស្តុតាង	evidence
phsdodang	phsd8d8ng	ភស្តុតាង	evidence
phsdodeang	phsd8d8ng	ភស្តុតាង	evidence
phsdodaang	phsd8d8ng	ភស្តុតាង	evidence
phostutang	ph8st8t8ng	ភស្តុតាង	evidence
phostuteang	ph8st8t8ng	ភស្តុតាង	evidence
phostutaang	ph8st8t8ng	ភស្តុតាង	evidence
phostudang	ph8st8d8ng	ភស្តុតាង	evidence
phostudeang	ph8st8d8ng	ភស្តុតាង	evidence
phostudaang	ph8st8d8ng	ភស្តុតាង	evidence
phostotang	ph8st8t8ng	ភស្តុតាង	evidence
phostoteang	ph8st8t8ng	ភស្តុតាង	evidence
phostotaang	ph8st8t8ng	ភស្តុតាង	evidence
phostodang	ph8st8d8ng	ភស្តុតាង	evidence
phostodeang	ph8st8d8ng	ភស្តុតាង	evidence
phostodaang	ph8st8d8ng	ភស្តុតាង	evidence
phosdutang	ph8sd8t8ng	ភស្តុតាង	evidence
phosduteang	ph8sd8t8ng	ភស្តុតាង	evidence
phosdutaang	ph8sd8t8ng	ភស្តុតាង	evidence
phosdudang	ph8sd8d8ng	ភស្តុតាង	evidence
phosdudeang	ph8sd8d8ng	ភស្តុតាង	evidence
phosdudaang	ph8sd8d8ng	ភស្តុតាង	evidence
phosdotang	ph8sd8t8ng	ភស្តុតាង	evidence
phosdoteang	ph8sd8t8ng	ភស្តុតាង	evidence
phosdotaang	ph8sd8t8ng	ភស្តុតាង	evidence
phosdodang	ph8sd8d8ng	ភស្តុតាង	evidence
phosdodeang	ph8sd8d8ng	ភស្តុតាង	evidence
phosdodaang	ph8sd8d8ng	ភស្តុតាង	evidence
phastutang	ph8st8t8ng	ភស្តុតាង	evidence
phastuteang	ph8st8t8ng	ភស្តុតាង	evidence
phastutaang	ph8st8t8ng	ភស្តុតាង	evidence
phastudang	ph8st8d8ng	ភស្តុតាង	evidence
phastudeang	ph8st8d8ng	ភស្តុតាង	evidence
phastudaang	ph8st8d8ng	ភស្តុតាង	evidence
phastotang	ph8st8t8ng	ភស្តុតាង	evidence
phastoteang	ph8st8t8ng	ភស្តុតាង	evidence
phastotaang	ph8st8t8ng	ភស្តុតាង	evidence
phastodang	ph8st8d8ng	ភស្តុតាង	evidence
phastodeang	ph8st8d8ng	ភស្តុតាង	evidence
phastodaang	ph8st8d8ng	ភស្តុតាង	evidence
phasdutang	ph8sd8t8ng	ភស្តុតាង	evidence
phasduteang	ph8sd8t8ng	ភស្តុតាង	evidence
phasdutaang	ph8sd8t8ng	ភស្តុតាង	evidence
phasdudang	ph8sd8d8ng	ភស្តុតាង	evidence
phasdudeang	ph8sd8d8ng	ភស្តុតាង	evidence
phasdudaang	ph8sd8d8ng	ភស្តុតាង	evidence
phasdotang	ph8sd8t8ng	ភស្តុតាង	evidence
phasdoteang	ph8sd8t8ng	ភស្តុតាង	evidence
phasdotaang	ph8sd8t8ng	ភស្តុតាង	evidence
phasdodang	ph8sd8d8ng	ភស្តុតាង	evidence
phasdodeang	ph8sd8d8ng	ភស្តុតាង	evidence
phasdodaang	ph8sd8d8ng	ភស្តុតាង	evidence
bhstutang	bhst8t8ng	ភស្តុតាង	evidence
bhstuteang	bhst8t8ng	ភស្តុតាង	evidence
bhstutaang	bhst8t8ng	ភស្តុតាង	evidence
bhstudang	bhst8d8ng	ភស្តុតាង	evidence
bhstudeang	bhst8d8ng	ភស្តុតាង	evidence
bhstudaang	bhst8d8ng	ភស្តុតាង	evidence
bhstotang	bhst8t8ng	ភស្តុតាង	evidence
bhstoteang	bhst8t8ng	ភស្តុតាង	evidence
bhstotaang	bhst8t8ng	ភស្តុតាង	evidence
bhstodang	bhst8d8ng	ភស្តុតាង	evidence
bhstodeang	bhst8d8ng	ភស្តុតាង	evidence
bhstodaang	bhst8d8ng	ភស្តុតាង	evidence
bhsdutang	bhsd8t8ng	ភស្តុតាង	evidence
bhsduteang	bhsd8t8ng	ភស្តុតាង	evidence
bhsdutaang	bhsd8t8ng	ភស្តុតាង	evidence
bhsdudang	bhsd8d8ng	ភស្តុតាង	evidence
bhsdudeang	bhsd8d8ng	ភស្តុតាង	evidence
bhsdudaang	bhsd8d8ng	ភស្តុតាង	evidence
bhsdotang	bhsd8t8ng	ភស្តុតាង	evidence
bhsdoteang	bhsd8t8ng	ភស្តុតាង	evidence
bhsdotaang	bhsd8t8ng	ភស្តុតាង	evidence
bhsdodang	bhsd8d8ng	ភស្តុតាង	evidence
bhsdodeang	bhsd8d8ng	ភស្តុតាង	evidence
bhsdodaang	bhsd8d8ng	ភស្តុតាង	evidence
bhostutang	bh8st8t8ng	ភស្តុតាង	evidence
bhostuteang	bh8st8t8ng	ភស្តុតាង	evidence
bhostutaang	bh8st8t8ng	ភស្តុតាង	evidence
bhostudang	bh8st8d8ng	ភស្តុតាង	evidence
bhostudeang	bh8st8d8ng	ភស្តុតាង	evidence
bhostudaang	bh8st8d8ng	ភស្តុតាង	evidence
bhostotang	bh8st8t8ng	ភស្តុតាង	evidence
bhostoteang	bh8st8t8ng	ភស្តុតាង	evidence
bhostotaang	bh8st8t8ng	ភស្តុតាង	evidence
bhostodang	bh8st8d8ng	ភស្តុតាង	evidence
bhostodeang	bh8st8d8ng	ភស្តុតាង	evidence
bhostodaang	bh8st8d8ng	ភស្តុតាង	evidence
bhosdutang	bh8sd8t8ng	ភស្តុតាង	evidence
bhosduteang	bh8sd8t8ng	ភស្តុតាង	evidence
bhosdutaang	bh8sd8t8ng	ភស្តុតាង	evidence
bhosdudang	bh8sd8d8ng	ភស្តុតាង	evidence
bhosdudeang	bh8sd8d8ng	ភស្តុតាង	evidence
bhosdudaang	bh8sd8d8ng	ភស្តុតាង	evidence
bhosdotang	bh8sd8t8ng	ភស្តុតាង	evidence
bhosdoteang	bh8sd8t8ng	ភស្តុតាង	evidence
bhosdotaang	bh8sd8t8ng	ភស្តុតាង	evidence
bhosdodang	bh8sd8d8ng	ភស្តុតាង	evidence
bhosdodeang	bh8sd8d8ng	ភស្តុតាង	evidence
bhosdodaang	bh8sd8d8ng	ភស្តុតាង	evidence
knlaeng	knl8ng	កន្លែង	place
knleng	knl8ng	កន្លែង	place
knleang	knl8ng	កន្លែង	place
konlaeng	k8nl8ng	កន្លែង	place
konleng	k8nl8ng	កន្លែង	place
konleang	k8nl8ng	កន្លែង	place
kanlaeng	k8nl8ng	កន្លែង	place
kanleng	k8nl8ng	កន្លែង	place
kanleang	k8nl8ng	កន្លែង	place
knlaengkaethetu	knl8ngk8th8t8	កន្លែងកើតហេតុ	crime scene
knlaengkaetheto	knl8ngk8th8t8	កន្លែងកើតហេតុ	crime scene
knlaengkaethedu	knl8ngk8th8d8	កន្លែងកើតហេតុ	crime scene
knlaengkaethedo	knl8ngk8th8d8	កន្លែងកើតហេតុ	crime scene
knlaengkaetheitu	knl8ngk8th8t8	កន្លែងកើតហេតុ	crime scene
knlaengkaetheito	knl8ngk8th8t8	កន្លែងកើតហេតុ	crime scene
knlaengkaetheidu	knl8ngk8th8d8	កន្លែងកើតហេតុ	crime scene
knlaengkaetheido	knl8ngk8th8d8	កន្លែងកើតហេតុ	crime scene
knlaengkaetohetu	knl8ngk8t8h8t8	កន្លែងកើតហេតុ	crime scene
knlaengkaetoheto	knl8ngk8t8h8t8	កន្លែងកើតហេតុ	crime scene
knlaengkaetohedu	knl8ngk8t8h8d8	កន្លែងកើតហេតុ	crime scene
knlaengkaetohedo	knl8ngk8t8h8d8	កន្លែងកើតហេតុ	crime scene
knlaengkaetoheitu	knl8ngk8t8h8t8	កន្លែងកើតហេតុ	crime scene
knlaengkaetoheito	knl8ngk8t8h8t8	កន្លែងកើតហេតុ	crime scene
knlaengkaetoheidu	knl8ngk8t8h8d8	កន្លែងកើតហេតុ	crime scene
knlaengkaetoheido	knl8ngk8t8h8d8	កន្លែងកើតហេតុ	crime scene
knlaengkaetahetu	knl8ngk8t8h8t8	កន្លែងកើតហេតុ	crime scene
knlaengkaetaheto	knl8ngk8t8h8t8	កន្លែងកើតហេតុ	crime scene
knlaengkaetahedu	knl8ngk8t8h8d8	កន្លែងកើតហេតុ	crime scene
knlaengkaetahedo	knl8ngk8t8h8d8	កន្លែងកើតហេតុ	crime scene
knlaengkaetaheitu	knl8ngk8t8h8t8	កន្លែងកើតហេតុ	crime scene
knlaengkaetaheito	knl8ngk8t8h8t8	កន្លែងកើតហេតុ	crime scene
knlaengkaetaheidu	knl8ngk8t8h8d8	កន្លែងកើតហេតុ	crime scene
knlaengkaetaheido	knl8ngk8t8h8d8	កន្លែងកើតហេតុ	crime scene
knlaengkaedhetu	knl8ngk8dh8t8	កន្លែងកើតហេតុ	crime scene
knlaengkaedheto	knl8ngk8dh8t8	កន្លែងកើតហេតុ	crime scene
knlaengkaedhedu	knl8ngk8dh8d8	កន្លែងកើតហេតុ	crime scene
knlaengkaedhedo	knl8ngk8dh8d8	កន្លែងកើតហេតុ	crime scene
knlaengkaedheitu	knl8ngk8dh8t8	កន្លែងកើតហេតុ	crime scene
knlaengkaedheito	knl8ngk8dh8t8	កន្លែងកើតហេតុ	crime scene
knlaengkaedheidu	knl8ngk8dh8d8	កន្លែងកើតហេតុ	crime scene
knlaengkaedheido	knl8ngk8dh8d8	កន្លែងកើតហេតុ	crime scene
knlaengkaedohetu	knl8ngk8d8h8t8	កន្លែងកើតហេតុ	crime scene
knlaengkaedoheto	knl8ngk8d8h8t8	កន្លែងកើតហេតុ	crime scene
knlaengkaedohedu	knl8ngk8d8h8d8	កន្លែងកើតហេតុ	crime scene
knlaengkaedohedo	knl8ngk8d8h8d8	កន្លែងកើតហេតុ	crime scene
knlaengkaedoheitu	knl8ngk8d8h8t8	កន្លែងកើតហេតុ	crime scene
knlaengkaedoheito	knl8ngk8d8h8t8	កន្លែងកើតហេតុ	crime scene
knlaengkaedoheidu	knl8ngk8d8h8d8	កន្លែងកើតហេតុ	crime scene
knlaengkaedoheido	knl8ngk8d8h8d8	កន្លែងកើតហេតុ	crime scene
knlaengkaedahetu	knl8ngk8d8h8t8	កន្លែងកើតហេតុ	crime scene
knlaengkaedaheto	knl8ngk8d8h8t8	កន្លែងកើតហេតុ	crime scene
knlaengkaedahedu	knl8ngk8d8h8d8	កន្លែងកើតហេតុ	crime scene
knlaengkaedahedo	knl8ngk8d8h8d8	កន្លែងកើតហេតុ	crime scene
knlaengkaedaheitu	knl8ngk8d8h8t8	កន្លែងកើតហេតុ	crime scene
knlaengkaedaheito	knl8ngk8d8h8t8	កន្លែងកើតហេតុ	crime scene
knlaengkaedaheidu	knl8ngk8d8h8d8	កន្លែងកើតហេតុ	crime scene
knlaengkaedaheido	knl8ngk8d8h8d8	កន្លែងកើតហេតុ	crime scene
knlaengkerthetu	knl8ngk8rth8t8	កន្លែងកើតហេតុ	crime scene
knlaengkertheto	knl8ngk8rth8t8	កន្លែងកើតហេតុ	crime scene
knlaengkerthedu	knl8ngk8rth8d8	កន្លែងកើតហេតុ	crime scene
knlaengkerthedo	knl8ngk8rth8d8	កន្លែងកើតហេតុ	crime scene
knlaengkertheitu	knl8ngk8rth8t8	កន្លែងកើតហេតុ	crime scene
knlaengkertheito	knl8ngk8rth8t8	កន្លែងកើតហេតុ	crime scene
knlaengkertheidu	knl8ngk8rth8d8	កន្លែងកើតហេតុ	crime scene
knlaengkertheido	knl8ngk8rth8d8	កន្លែងកើតហេតុ	crime scene
knlaengkertohetu	knl8ngk8rt8h8t8	កន្លែងកើតហេតុ	crime scene
knlaengkertoheto	knl8ngk8rt8h8t8	កន្លែងកើតហេតុ	crime scene
knlaengkertohedu	knl8ngk8rt8h8d8	កន្លែងកើតហេតុ	crime scene
knlaengkertohedo	knl8ngk8rt8h8d8	កន្លែងកើតហេតុ	crime scene
knlaengkertoheitu	knl8ngk8rt8h8t8	កន្លែងកើតហេតុ	crime scene
knlaengkertoheito	knl8ngk8rt8h8t8	កន្លែងកើតហេតុ	crime scene
knlaengkertoheidu	knl8ngk8rt8h8d8	កន្លែងកើតហេតុ	crime scene
knlaengkertoheido	knl8ngk8rt8h8d8	កន្លែងកើតហេតុ	crime scene
knlaengkertahetu	knl8ngk8rt8h8t8	កន្លែងកើតហេតុ	crime scene
knlaengkertaheto	knl8ngk8rt8h8t8	កន្លែងកើតហេតុ	crime scene
knlaengkertahedu	knl8ngk8rt8h8d8	កន្លែងកើតហេតុ	crime scene
knlaengkertahedo	knl8ngk8rt8h8d8	កន្លែងកើតហេតុ	crime scene
knlaengkertaheitu	knl8ngk8rt8h8t8	កន្លែងកើតហេតុ	crime scene
knlaengkertaheito	knl8ngk8rt8h8t8	កន្លែងកើតហេតុ	crime scene
knlaengkertaheidu	knl8ngk8rt8h8d8	កន្លែងកើតហេតុ	crime scene
knlaengkertaheido	knl8ngk8rt8h8d8	កន្លែងកើតហេតុ	crime scene
knlaengkerdhetu	knl8ngk8rdh8t8	កន្លែងកើតហេតុ	crime scene
knlaengkerdheto	knl8ngk8rdh8t8	កន្លែងកើតហេតុ	crime scene
knlaengkerdhedu	knl8ngk8rdh8d8	កន្លែងកើតហេតុ	crime scene
knlaengkerdhedo	knl8ngk8rdh8d8	កន្លែងកើតហេតុ	crime scene
knlaengkerdheitu	knl8ngk8rdh8t8	កន្លែងកើតហេតុ	crime scene
knlaengkerdheito	knl8ngk8rdh8t8	កន្លែងកើតហេតុ	crime scene
knlaengkerdheidu	knl8ngk8rdh8d8	កន្លែងកើតហេតុ	crime scene
knlaengkerdheido	knl8ngk8rdh8d8	កន្លែងកើតហេតុ	crime scene
knlaengkerdohetu	knl8ngk8rd8h8t8	កន្លែងកើតហេតុ	crime scene
knlaengkerdoheto	knl8ngk8rd8h8t8	កន្លែងកើតហេតុ	crime scene
knlaengkerdohedu	knl8ngk8rd8h8d8	កន្លែងកើតហេតុ	crime scene
knlaengkerdohedo	knl8ngk8rd8h8d8	កន្លែងកើតហេតុ	crime scene
knlaengkerdoheitu	knl8ngk8rd8h8t8	កន្លែងកើតហេតុ	crime scene
knlaengkerdoheito	knl8ngk8rd8h8t8	កន្លែងកើតហេតុ	crime scene
knlaengkerdoheidu	knl8ngk8rd8h8d8	កន្លែងកើតហេតុ	crime scene
knlaengkerdoheido	knl8ngk8rd8h8d8	កន្លែងកើតហេតុ	crime scene
knlaengkerdahetu	knl8ngk8rd8h8t8	កន្លែងកើតហេតុ	crime scene
knlaengkerdaheto	knl8ngk8rd8h8t8	កន្លែងកើតហេតុ	crime scene
knlaengkerdahedu	knl8ngk8rd8h8d8	កន្លែងកើតហេតុ	crime scene
knlaengkerdahedo	knl8ngk8rd8h8d8	កន្លែងកើតហេតុ	crime scene
knlaengkerdaheitu	knl8ngk8rd8h8t8	កន្លែងកើតហេតុ	crime scene
knlaengkerdaheito	knl8ngk8rd8h8t8	កន្លែងកើតហេតុ	crime scene
knlaengkerdaheidu	knl8ngk8rd8h8d8	កន្លែងកើតហេតុ	crime scene
knlaengkerdaheido	knl8ngk8rd8h8d8	កន្លែងកើតហេតុ	crime scene
knlaengkeuthetu	knl8ngk8th8t8	កន្លែងកើតហេតុ	crime scene
knlaengkeutheto	knl8ngk8th8t8	កន្លែងកើតហេតុ	crime scene
knlaengkeuthedu	knl8ngk8th8d8	កន្លែងកើតហេតុ	crime scene
knlaengkeuthedo	knl8ngk8th8d8	កន្លែងកើតហេតុ	crime scene
knlaengkeutheitu	knl8ngk8th8t8	កន្លែងកើតហេតុ	crime scene
knlaengkeutheito	knl8ngk8th8t8	កន្លែងកើតហេតុ	crime scene
knlaengkeutheidu	knl8ngk8th8d8	កន្លែងកើតហេតុ	crime scene
knlaengkeutheido	knl8ngk8th8d8	កន្លែងកើតហេតុ	crime scene
knlaengkeutohetu	knl8ngk8t8h8t8	កន្លែងកើតហេតុ	crime scene
knlaengkeutoheto	knl8ngk8t8h8t8	កន្លែងកើតហេតុ	crime scene
knlaengkeutohedu	knl8ngk8t8h8d8	កន្លែងកើតហេតុ	crime scene
knlaengkeutohedo	knl8ngk8t8h8d8	កន្លែងកើតហេតុ	crime scene
knlaengkeutoheitu	knl8ngk8t8h8t8	កន្លែងកើតហេតុ	crime scene
knlaengkeutoheito	knl8ngk8t8h8t8	កន្លែងកើតហេតុ	crime scene
knlaengkeutoheidu	knl8ngk8t8h8d8	កន្លែងកើតហេតុ	crime scene
knlaengkeutoheido	knl8ngk8t8h8d8	កន្លែងកើតហេតុ	crime scene
knlaengkeutahetu	knl8ngk8t8h8t8	កន្លែងកើតហេតុ	crime scene
knlaengkeutaheto	knl8ngk8t8h8t8	កន្លែងកើតហេតុ	crime scene
knlaengkeutahedu	knl8ngk8t8h8d8	កន្លែងកើតហេតុ	crime scene
knlaengkeutahedo	knl8ngk8t8h8d8	កន្លែងកើតហេតុ	crime scene
knlaengkeutaheitu	knl8ngk8t8h8t8	កន្លែងកើតហេតុ	crime scene
knlaengkeutaheito	knl8ngk8t8h8t8	កន្លែងកើតហេតុ	crime scene
knlaengkeutaheidu	knl8ngk8t8h8d8	កន្លែងកើតហេតុ	crime scene
knlaengkeutaheido	knl8ngk8t8h8d8	កន្លែងកើតហេតុ	crime scene
kanlaengkaethetu	k8nl8ngk8th8t8	កន្លែងកើតហេតុ	crime scene
kanlaengkoethetu	k8nl8ngk8th8t8	កន្លែងកើតហេតុ	crime scene
btlmaes	btlm8s	បទល្មើស	offense, crime
btlmers	btlm8rs	បទល្មើស	offense, crime
btlmeus	btlm8s	បទល្មើស	offense, crime
btlmaeus	btlm8s	បទល្មើស	offense, crime
btolmaes	bt8lm8s	បទល្មើស	offense, crime
btolmers	bt8lm8rs	បទល្មើស	offense, crime
btolmeus	bt8lm8s	បទល្មើស	offense, crime
btolmaeus	bt8lm8s	បទល្មើស	offense, crime
btalmaes	bt8lm8s	បទល្មើស	offense, crime
btalmers	bt8lm8rs	បទល្មើស	offense, crime
btalmeus	bt8lm8s	បទល្មើស	offense, crime
btalmaeus	bt8lm8s	បទល្មើស	offense, crime
bdlmaes	bdlm8s	បទល្មើស	offense, crime
bdlmers	bdlm8rs	បទល្មើស	offense, crime
bdlmeus	bdlm8s	បទល្មើស	offense, crime
bdlmaeus	bdlm8s	បទល្មើស	offense, crime
bdolmaes	bd8lm8s	បទល្មើស	offense, crime
bdolmers	bd8lm8rs	បទល្មើស	offense, crime
bdolmeus	bd8lm8s	បទល្មើស	offense, crime
bdolmaeus	bd8lm8s	បទល្មើស	offense, crime
bdalmaes	bd8lm8s	បទល្មើស	offense, crime
bdalmers	bd8lm8rs	បទល្មើស	offense, crime
bdalmeus	bd8lm8s	បទល្មើស	offense, crime
bdalmaeus	bd8lm8s	បទល្មើស	offense, crime
bddlmaes	bddlm8s	បទល្មើស	offense, crime
bddlmers	bddlm8rs	បទល្មើស	offense, crime
bddlmeus	bddlm8s	បទល្មើស	offense, crime
bddlmaeus	bddlm8s	បទល្មើស	offense, crime
bddolmaes	bdd8lm8s	បទល្មើស	offense, crime
bddolmers	bdd8lm8rs	បទល្មើស	offense, crime
bddolmeus	bdd8lm8s	បទល្មើស	offense, crime
bddolmaeus	bdd8lm8s	បទល្មើស	offense, crime
bddalmaes	bdd8lm8s	បទល្មើស	offense, crime
bddalmers	bdd8lm8rs	បទល្មើស	offense, crime
bddalmeus	bdd8lm8s	បទល្មើស	offense, crime
bddalmaeus	bdd8lm8s	បទល្មើស	offense, crime
botlmaes	b8tlm8s	បទល្មើស	offense, crime
botlmers	b8tlm8rs	បទល្មើស	offense, crime
botlmeus	b8tlm8s	បទល្មើស	offense, crime
botlmaeus	b8tlm8s	បទល្មើស	offense, crime
botolmaes	b8t8lm8s	បទល្មើស	offense, crime
botolmers	b8t8lm8rs	បទល្មើស	offense, crime
botolmeus	b8t8lm8s	បទល្មើស	offense, crime
botolmaeus	b8t8lm8s	បទល្មើស	offense, crime
botalmaes	b8t8lm8s	បទល្មើស	offense, crime
botalmers	b8t8lm8rs	បទល្មើស	offense, crime
botalmeus	b8t8lm8s	បទល្មើស	offense, crime
botalmaeus	b8t8lm8s	បទល្មើស	offense, crime
bodlmaes	b8dlm8s	បទល្មើស	offense, crime
bodlmers	b8dlm8rs	បទល្មើស	offense, crime
bodlmeus	b8dlm8s	បទល្មើស	offense, crime
bodlmaeus	b8dlm8s	បទល្មើស	offense, crime
bodolmaes	b8d8lm8s	បទល្មើស	offense, crime
bodolmers	b8d8lm8rs	បទល្មើស	offense, crime
bodolmeus	b8d8lm8s	បទល្មើស	offense, crime
bodolmaeus	b8d8lm8s	បទល្មើស	offense, crime
bodalmaes	b8d8lm8s	បទល្មើស	offense, crime
bodalmers	b8d8lm8rs	បទល្មើស	offense, crime
bodalmeus	b8d8lm8s	បទល្មើស	offense, crime
bodalmaeus	b8d8lm8s	បទល្មើស	offense, crime
boddlmaes	b8ddlm8s	បទល្មើស	offense, crime
boddlmers	b8ddlm8rs	បទល្មើស	offense, crime
boddlmeus	b8ddlm8s	បទល្មើស	offense, crime
boddlmaeus	b8ddlm8s	បទល្មើស	offense, crime
boddolmaes	b8dd8lm8s	បទល្មើស	offense, crime
boddolmers	b8dd8lm8rs	បទល្មើស	offense, crime
boddolmeus	b8dd8lm8s	បទល្មើស	offense, crime
boddolmaeus	b8dd8lm8s	បទល្មើស	offense, crime
boddalmaes	b8dd8lm8s	បទល្មើស	offense, crime
boddalmers	b8dd8lm8rs	បទល្មើស	offense, crime
boddalmeus	b8dd8lm8s	បទល្មើស	offense, crime
boddalmaeus	b8dd8lm8s	បទល្មើស	offense, crime
batlmaes	b8tlm8s	បទល្មើស	offense, crime
batlmers	b8tlm8rs	បទល្មើស	offense, crime
batlmeus	b8tlm8s	បទល្មើស	offense, crime
batlmaeus	b8tlm8s	បទល្មើស	offense, crime
batolmaes	b8t8lm8s	បទល្មើស	offense, crime
batolmers	b8t8lm8rs	បទល្មើស	offense, crime
batolmeus	b8t8lm8s	បទល្មើស	offense, crime
batolmaeus	b8t8lm8s	បទល្មើស	offense, crime
batalmaes	b8t8lm8s	បទល្មើស	offense, crime
batalmers	b8t8lm8rs	បទល្មើស	offense, crime
batalmeus	b8t8lm8s	បទល្មើស	offense, crime
batalmaeus	b8t8lm8s	បទល្មើស	offense, crime
badlmaes	b8dlm8s	បទល្មើស	offense, crime
badlmers	b8dlm8rs	បទល្មើស	offense, crime
badlmeus	b8dlm8s	បទល្មើស	offense, crime
badlmaeus	b8dlm8s	បទល្មើស	offense, crime
badolmaes	b8d8lm8s	បទល្មើស	offense, crime
badolmers	b8d8lm8rs	បទល្មើស	offense, crime
badolmeus	b8d8lm8s	បទល្មើស	offense, crime
badolmaeus	b8d8lm8s	បទល្មើស	offense, crime
badalmaes	b8d8lm8s	បទល្មើស	offense, crime
badalmers	b8d8lm8rs	បទល្មើស	offense, crime
badalmeus	b8d8lm8s	បទល្មើស	offense, crime
badalmaeus	b8d8lm8s	បទល្មើស	offense, crime
baddlmaes	b8ddlm8s	បទល្មើស	offense, crime
baddlmers	b8ddlm8rs	បទល្មើស	offense, crime
baddlmeus	b8ddlm8s	បទល្មើស	offense, crime
baddlmaeus	b8ddlm8s	បទល្មើស	offense, crime
baddolmaes	b8dd8lm8s	បទល្មើស	offense, crime
baddolmers	b8dd8lm8rs	បទល្មើស	offense, crime
baddolmeus	b8dd8lm8s	បទល្មើស	offense, crime
baddolmaeus	b8dd8lm8s	បទល្មើស	offense, crime
baddalmaes	b8dd8lm8s	បទល្មើស	offense, crime
baddalmers	b8dd8lm8rs	បទល្មើស	offense, crime
baddalmeus	b8dd8lm8s	បទល្មើស	offense, crime
baddalmaeus	b8dd8lm8s	បទល្មើស	offense, crime
ptlmaes	ptlm8s	បទល្មើស	offense, crime
ptlmers	ptlm8rs	បទល្មើស	offense, crime
ptlmeus	ptlm8s	បទល្មើស	offense, crime
ptlmaeus	ptlm8s	បទល្មើស	offense, crime
ptolmaes	pt8lm8s	បទល្មើស	offense, crime
ptolmers	pt8lm8rs	បទល្មើស	offense, crime
ptolmeus	pt8lm8s	បទល្មើស	offense, crime
ptolmaeus	pt8lm8s	បទល្មើស	offense, crime
ptalmaes	pt8lm8s	បទល្មើស	offense, crime
ptalmers	pt8lm8rs	បទល្មើស	offense, crime
ptalmeus	pt8lm8s	បទល្មើស	offense, crime
ptalmaeus	pt8lm8s	បទល្មើស	offense, crime
botlmoeh	b8tlm8h	បទល្មើស	offense, crime
tulakar	t8l8k8r	តុលាការ	court
tulakear	t8l8k8r	តុលាការ	court
tulakaar	t8l8k8r	តុលាការ	court
tuleakar	t8l8k8r	តុលាការ	court
tuleakear	t8l8k8r	តុលាការ	court
tuleakaar	t8l8k8r	តុលាការ	court
tulaakar	t8l8k8r	តុលាការ	court
tulaakear	t8l8k8r	តុលាការ	court
tulaakaar	t8l8k8r	តុលាការ	court
tolakar	t8l8k8r	តុលាការ	court
tolakear	t8l8k8r	តុលាការ	court
tolakaar	t8l8k8r	តុលាការ	court
toleakar	t8l8k8r	តុលាការ	court
toleakear	t8l8k8r	តុលាការ	court
toleakaar	t8l8k8r	តុលាការ	court
tolaakar	t8l8k8r	តុលាការ	court
tolaakear	t8l8k8r	តុលាការ	court
tolaakaar	t8l8k8r	តុលាការ	court
dulakar	d8l8k8r	តុលាការ	court
dulakear	d8l8k8r	តុលាការ	court
dulakaar	d8l8k8r	តុលាការ	court
duleakar	d8l8k8r	តុលាការ	court
duleakear	d8l8k8r	តុលាការ	court
duleakaar	d8l8k8r	តុលាការ	court
dulaakar	d8l8k8r	តុលាការ	court
dulaakear	d8l8k8r	តុលាការ	court
dulaakaar	d8l8k8r	តុលាការ	court
dolakar	d8l8k8r	តុលាការ	court
dolakear	d8l8k8r	តុលាការ	court
dolakaar	d8l8k8r	តុលាការ	court
doleakar	d8l8k8r	តុលាការ	court
doleakear	d8l8k8r	តុលាការ	court
doleakaar	d8l8k8r	តុលាការ	court
dolaakar	d8l8k8r	តុលាការ	court
dolaakear	d8l8k8r	តុលាការ	court
dolaakaar	d8l8k8r	តុលាការ	court
tolaka	t8l8k8	តុលាការ	court
chbab	chb8b	ច្បាប់	law
chbab'	chb8b'	ច្បាប់	law
chbap	chb8p	ច្បាប់	law
chbap'	chb8p'	ច្បាប់	law
chbeab	chb8b	ច្បាប់	law
chbeab'	chb8b'	ច្បាប់	law
chbeap	chb8p	ច្បាប់	law
chbeap'	chb8p'	ច្បាប់	law
chbaab	chb8b	ច្បាប់	law
chbaab'	chb8b'	ច្បាប់	law
chbaap	chb8p	ច្បាប់	law
chbaap'	chb8p'	ច្បាប់	law
chpab	chp8b	ច្បាប់	law
chpab'	chp8b'	ច្បាប់	law
chpap	chp8p	ច្បាប់	law
chpap'	chp8p'	ច្បាប់	law
chpeab	chp8b	ច្បាប់	law
chpeab'	chp8b'	ច្បាប់	law
chpeap	chp8p	ច្បាប់	law
chpeap'	chp8p'	ច្បាប់	law
chpaab	chp8b	ច្បាប់	law
chpaab'	chp8b'	ច្បាប់	law
chpaap	chp8p	ច្បាប់	law
chpaap'	chp8p'	ច្បាប់	law
jbab	jb8b	ច្បាប់	law
jbab'	jb8b'	ច្បាប់	law
jbap	jb8p	ច្បាប់	law
jbap'	jb8p'	ច្បាប់	law
jbeab	jb8b	ច្បាប់	law
jbeab'	jb8b'	ច្បាប់	law
jbeap	jb8p	ច្បាប់	law
jbeap'	jb8p'	ច្បាប់	law
jbaab	jb8b	ច្បាប់	law
jbaab'	jb8b'	ច្បាប់	law
jbaap	jb8p	ច្បាប់	law
jbaap'	jb8p'	ច្បាប់	law
jpab	jp8b	ច្បាប់	law
jpab'	jp8b'	ច្បាប់	law
jpap	jp8p	ច្បាប់	law
jpap'	jp8p'	ច្បាប់	law
jpeab	jp8b	ច្បាប់	law
jpeab'	jp8b'	ច្បាប់	law
jpeap	jp8p	ច្បាប់	law
jpeap'	jp8p'	ច្បាប់	law
jpaab	jp8b	ច្បាប់	law
jpaab'	jp8b'	ច្បាប់	law
jpaap	jp8p	ច្បាប់	law
jpaap'	jp8p'	ច្បាប់	law
saksey	s8ks8	សាក្សី	witness
saksi	s8ks8	សាក្សី	witness
saksii	s8ks8	សាក្សី	witness
seaksey	s8ks8	សាក្សី	witness
seaksi	s8ks8	សាក្សី	witness
seaksii	s8ks8	សាក្សី	witness
saaksey	s8ks8	សាក្សី	witness
saaksi	s8ks8	សាក្សី	witness
saaksii	s8ks8	សាក្សី	witness
saksei	s8ks8	សាក្សី	witness
chnsngsy	chnsngs8	ជនសង្ស័យ	suspect
chnsngsay	chnsngs8	ជនសង្ស័យ	suspect
chnsngsoay	chnsngs8	ជនសង្ស័យ	suspect
chnsongsy	chns8ngs8	ជនសង្ស័យ	suspect
chnsongsay	chns8ngs8	ជនសង្ស័យ	suspect
chnsongsoay	chns8ngs8	ជនសង្ស័យ	suspect
chnsangsy	chns8ngs8	ជនសង្ស័យ	suspect
chnsangsay	chns8ngs8	ជនសង្ស័យ	suspect
chnsangsoay	chns8ngs8	ជនសង្ស័យ	suspect
chnosngsy	chn8sngs8	ជនសង្ស័យ	suspect
chnosngsay	chn8sngs8	ជនសង្ស័យ	suspect
chnosngsoay	chn8sngs8	ជនសង្ស័យ	suspect
chnosongsy	chn8s8ngs8	ជនសង្ស័យ	suspect
chnosongsay	chn8s8ngs8	ជនសង្ស័យ	suspect
chnosongsoay	chn8s8ngs8	ជនសង្ស័យ	suspect
chnosangsy	chn8s8ngs8	ជនសង្ស័យ	suspect
chnosangsay	chn8s8ngs8	ជនសង្ស័យ	suspect
chnosangsoay	chn8s8ngs8	ជនសង្ស័យ	suspect
chnasngsy	chn8sngs8	ជនសង្ស័យ	suspect
chnasngsay	chn8sngs8	ជនសង្ស័យ	suspect
chnasngsoay	chn8sngs8	ជនសង្ស័យ	suspect
chnasongsy	chn8s8ngs8	ជនសង្ស័យ	suspect
chnasongsay	chn8s8ngs8	ជនសង្ស័យ	suspect
chnasongsoay	chn8s8ngs8	ជនសង្ស័យ	suspect
chnasangsy	chn8s8ngs8	ជនសង្ស័យ	suspect
chnasangsay	chn8s8ngs8	ជនសង្ស័យ	suspect
chnasangsoay	chn8s8ngs8	ជនសង្ស័យ	suspect
chonsngsy	ch8nsngs8	ជនសង្ស័យ	suspect
chonsngsay	ch8nsngs8	ជនសង្ស័យ	suspect
chonsngsoay	ch8nsngs8	ជនសង្ស័យ	suspect
chonsongsy	ch8ns8ngs8	ជនសង្ស័យ	suspect
chonsongsay	ch8ns8ngs8	ជនសង្ស័យ	suspect
chonsongsoay	ch8ns8ngs8	ជនសង្ស័យ	suspect
chonsangsy	ch8ns8ngs8	ជនសង្ស័យ	suspect
chonsangsay	ch8ns8ngs8	ជនសង្ស័យ	suspect
chonsangsoay	ch8ns8ngs8	ជនសង្ស័យ	suspect
chonosngsy	ch8n8sngs8	ជនសង្ស័យ	suspect
chonosngsay	ch8n8sngs8	ជនសង្ស័យ	suspect
chonosngsoay	ch8n8sngs8	ជនសង្ស័យ	suspect
chonosongsy	ch8n8s8ngs8	ជនសង្ស័យ	suspect
chonosongsay	ch8n8s8ngs8	ជនសង្ស័យ	suspect
chonosongsoay	ch8n8s8ngs8	ជនសង្ស័យ	suspect
chonosangsy	ch8n8s8ngs8	ជនសង្ស័យ	suspect
chonosangsay	ch8n8s8ngs8	ជនសង្ស័យ	suspect
chonosangsoay	ch8n8s8ngs8	ជនសង្ស័យ	suspect
chonasngsy	ch8n8sngs8	ជនសង្ស័យ	suspect
chonasngsay	ch8n8sngs8	ជនសង្ស័យ	suspect
chonasngsoay	ch8n8sngs8	ជនសង្ស័យ	suspect
chonasongsy	ch8n8s8ngs8	ជនសង្ស័យ	suspect
chonasongsay	ch8n8s8ngs8	ជនសង្ស័យ	suspect
chonasongsoay	ch8n8s8ngs8	ជនសង្ស័យ	suspect
chonasangsy	ch8n8s8ngs8	ជនសង្ស័យ	suspect
chonasangsay	ch8n8s8ngs8	ជនសង្ស័យ	suspect
chonasangsoay	ch8n8s8ngs8	ជនសង្ស័យ	suspect
chansngsy	ch8nsngs8	ជនសង្ស័យ	suspect
chansngsay	ch8nsngs8	ជនសង្ស័យ	suspect
chansngsoay	ch8nsngs8	ជនសង្ស័យ	suspect
chansongsy	ch8ns8ngs8	ជនសង្ស័យ	suspect
chansongsay	ch8ns8ngs8	ជនសង្ស័យ	suspect
chansongsoay	ch8ns8ngs8	ជនសង្ស័យ	suspect
chansangsy	ch8ns8ngs8	ជនសង្ស័យ	suspect
chansangsay	ch8ns8ngs8	ជនសង្ស័យ	suspect
chansangsoay	ch8ns8ngs8	ជនសង្ស័យ	suspect
chanosngsy	ch8n8sngs8	ជនសង្ស័យ	suspect
chanosngsay	ch8n8sngs8	ជនសង្ស័យ	suspect
chanosngsoay	ch8n8sngs8	ជនសង្ស័យ	suspect
chanosongsy	ch8n8s8ngs8	ជនសង្ស័យ	suspect
chanosongsay	ch8n8s8ngs8	ជនសង្ស័យ	suspect
chanosongsoay	ch8n8s8ngs8	ជនសង្ស័យ	suspect
chanosangsy	ch8n8s8ngs8	ជនសង្ស័យ	suspect
chanosangsay	ch8n8s8ngs8	ជនសង្ស័យ	suspect
chanosangsoay	ch8n8s8ngs8	ជនសង្ស័យ	suspect
chanasngsy	ch8n8sngs8	ជនសង្ស័យ	suspect
chanasngsay	ch8n8sngs8	ជនសង្ស័យ	suspect
chanasngsoay	ch8n8sngs8	ជនសង្ស័យ	suspect
chanasongsy	ch8n8s8ngs8	ជនសង្ស័យ	suspect
chanasongsay	ch8n8s8ngs8	ជនសង្ស័យ	suspect
chanasongsoay	ch8n8s8ngs8	ជនសង្ស័យ	suspect
chanasangsy	ch8n8s8ngs8	ជនសង្ស័យ	suspect
chanasangsay	ch8n8s8ngs8	ជនសង្ស័យ	suspect
chanasangsoay	ch8n8s8ngs8	ជនសង្ស័យ	suspect
jnsngsy	jnsngs8	ជនសង្ស័យ	suspect
jnsngsay	jnsngs8	ជនសង្ស័យ	suspect
jnsngsoay	jnsngs8	ជនសង្ស័យ	suspect
jnsongsy	jns8ngs8	ជនសង្ស័យ	suspect
jnsongsay	jns8ngs8	ជនសង្ស័យ	suspect
jnsongsoay	jns8ngs8	ជនសង្ស័យ	suspect
jnsangsy	jns8ngs8	ជនសង្ស័យ	suspect
jnsangsay	jns8ngs8	ជនសង្ស័យ	suspect
jnsangsoay	jns8ngs8	ជនសង្ស័យ	suspect
jnosngsy	jn8sngs8	ជនសង្ស័យ	suspect
jnosngsay	jn8sngs8	ជនសង្ស័យ	suspect
jnosngsoay	jn8sngs8	ជនសង្ស័យ	suspect
jnosongsy	jn8s8ngs8	ជនសង្ស័យ	suspect
jnosongsay	jn8s8ngs8	ជនសង្ស័យ	suspect
jnosongsoay	jn8s8ngs8	ជនសង្ស័យ	suspect
jnosangsy	jn8s8ngs8	ជនសង្ស័យ	suspect
jnosangsay	jn8s8ngs8	ជនសង្ស័យ	suspect
jnosangsoay	jn8s8ngs8	ជនសង្ស័យ	suspect
jnasngsy	jn8sngs8	ជនសង្ស័យ	suspect
jnasngsay	jn8sngs8	ជនសង្ស័យ	suspect
jnasngsoay	jn8sngs8	ជនសង្ស័យ	suspect
jnasongsy	jn8s8ngs8	ជនសង្ស័យ	suspect
jnasongsay	jn8s8ngs8	ជនសង្ស័យ	suspect
jnasongsoay	jn8s8ngs8	ជនសង្ស័យ	suspect
jnasangsy	jn8s8ngs8	ជនសង្ស័យ	suspect
jnasangsay	jn8s8ngs8	ជនសង្ស័យ	suspect
jnasangsoay	jn8s8ngs8	ជនសង្ស័យ	suspect
jonsngsy	j8nsngs8	ជនសង្ស័យ	suspect
jonsngsay	j8nsngs8	ជនសង្ស័យ	suspect
jonsngsoay	j8nsngs8	ជនសង្ស័យ	suspect
jonsongsy	j8ns8ngs8	ជនសង្ស័យ	suspect
jonsongsay	j8ns8ngs8	ជនសង្ស័យ	suspect
jonsongsoay	j8ns8ngs8	ជនសង្ស័យ	suspect
jonsangsy	j8ns8ngs8	ជនសង្ស័យ	suspect
jonsangsay	j8ns8ngs8	ជនសង្ស័យ	suspect
jonsangsoay	j8ns8ngs8	ជនសង្ស័យ	suspect
jonosngsy	j8n8sngs8	ជនសង្ស័យ	suspect
jonosngsay	j8n8sngs8	ជនសង្ស័យ	suspect
jonosngsoay	j8n8sngs8	ជនសង្ស័យ	suspect
chunsangsay	ch8ns8ngs8	ជនសង្ស័យ	suspect
junsongsay	j8ns8ngs8	ជនសង្ស័យ	suspect
saebangket	s8b8ngk8t	ស៊ើបអង្កេត	investigate
saebangked	s8b8ngk8d	ស៊ើបអង្កេត	investigate
saebangkeit	s8b8ngk8t	ស៊ើបអង្កេត	investigate
saebangkeid	s8b8ngk8d	ស៊ើបអង្កេត	investigate
saebaongket	s8b8ngk8t	ស៊ើបអង្កេត	investigate
saebaongked	s8b8ngk8d	ស៊ើបអង្កេត	investigate
saebaongkeit	s8b8ngk8t	ស៊ើបអង្កេត	investigate
saebaongkeid	s8b8ngk8d	ស៊ើបអង្កេត	investigate
saebaangket	s8b8ngk8t	ស៊ើបអង្កេត	investigate
saebaangked	s8b8ngk8d	ស៊ើបអង្កេត	investigate
saebaangkeit	s8b8ngk8t	ស៊ើបអង្កេត	investigate
saebaangkeid	s8b8ngk8d	ស៊ើបអង្កេត	investigate
saebongket	s8b8ngk8t	ស៊ើបអង្កេត	investigate
saebongked	s8b8ngk8d	ស៊ើបអង្កេត	investigate
saebongkeit	s8b8ngk8t	ស៊ើបអង្កេត	investigate
saebongkeid	s8b8ngk8d	ស៊ើបអង្កេត	investigate
saeboongket	s8b8ngk8t	ស៊ើបអង្កេត	investigate
saeboongked	s8b8ngk8d	ស៊ើបអង្កេត	investigate
saeboongkeit	s8b8ngk8t	ស៊ើបអង្កេត	investigate
saeboongkeid	s8b8ngk8d	ស៊ើបអង្កេត	investigate
saeboangket	s8b8ngk8t	ស៊ើបអង្កេត	investigate
saeboangked	s8b8ngk8d	ស៊ើបអង្កេត	investigate
saeboangkeit	s8b8ngk8t	ស៊ើបអង្កេត	investigate
saeboangkeid	s8b8ngk8d	ស៊ើបអង្កេត	investigate
saebqngket	s8bqngk8t	ស៊ើបអង្កេត	investigate
saebqngked	s8bqngk8d	ស៊ើបអង្កេត	investigate
saebqngkeit	s8bqngk8t	ស៊ើបអង្កេត	investigate
saebqngkeid	s8bqngk8d	ស៊ើបអង្កេត	investigate
saebqongket	s8bq8ngk8t	ស៊ើបអង្កេត	investigate
saebqongked	s8bq8ngk8d	ស៊ើបអង្កេត	investigate
saebqongkeit	s8bq8ngk8t	ស៊ើបអង្កេត	investigate
saebqongkeid	s8bq8ngk8d	ស៊ើបអង្កេត	investigate
saebqangket	s8bq8ngk8t	ស៊ើបអង្កេត	investigate
saebqangked	s8bq8ngk8d	ស៊ើបអង្កេត	investigate
saebqangkeit	s8bq8ngk8t	ស៊ើបអង្កេត	investigate
saebqangkeid	s8bq8ngk8d	ស៊ើបអង្កេត	investigate
saebngket	s8bngk8t	ស៊ើបអង្កេត	investigate
saebngked	s8bngk8d	ស៊ើបអង្កេត	investigate
saebngkeit	s8bngk8t	ស៊ើបអង្កេត	investigate
saebngkeid	s8bngk8d	ស៊ើបអង្កេត	investigate
saeboaongket	s8b8ngk8t	ស៊ើបអង្កេត	investigate
saeboaongked	s8b8ngk8d	ស៊ើបអង្កេត	investigate
saeboaongkeit	s8b8ngk8t	ស៊ើបអង្កេត	investigate
saeboaongkeid	s8b8ngk8d	ស៊ើបអង្កេត	investigate
saeboaangket	s8b8ngk8t	ស៊ើបអង្កេត	investigate
saeboaangked	s8b8ngk8d	ស៊ើបអង្កេត	investigate
saeboaangkeit	s8b8ngk8t	ស៊ើបអង្កេត	investigate
saeboaangkeid	s8b8ngk8d	ស៊ើបអង្កេត	investigate
saebooongket	s8b8ngk8t	ស៊ើបអង្កេត	investigate
saebooongked	s8b8ngk8d	ស៊ើបអង្កេត	investigate
saebooongkeit	s8b8ngk8t	ស៊ើបអង្កេត	investigate
saebooongkeid	s8b8ngk8d	ស៊ើបអង្កេត	investigate
saebooangket	s8b8ngk8t	ស៊ើបអង្កេត	investigate
saebooangked	s8b8ngk8d	ស៊ើបអង្កេត	investigate
saebooangkeit	s8b8ngk8t	ស៊ើបអង្កេត	investigate
saebooangkeid	s8b8ngk8d	ស៊ើបអង្កេត	investigate
saeboqngket	s8b8qngk8t	ស៊ើបអង្កេត	investigate
saeboqngked	s8b8qngk8d	ស៊ើបអង្កេត	investigate
saeboqngkeit	s8b8qngk8t	ស៊ើបអង្កេត	investigate
saeboqngkeid	s8b8qngk8d	ស៊ើបអង្កេត	investigate
saeboqongket	s8b8q8ngk8t	ស៊ើបអង្កេត	investigate
saeboqongked	s8b8q8ngk8d	ស៊ើបអង្កេត	investigate
saeboqongkeit	s8b8q8ngk8t	ស៊ើបអង្កេត	investigate
saeboqongkeid	s8b8q8ngk8d	ស៊ើបអង្កេត	investigate
saeboqangket	s8b8q8ngk8t	ស៊ើបអង្កេត	investigate
saeboqangked	s8b8q8ngk8d	ស៊ើបអង្កេត	investigate
saeboqangkeit	s8b8q8ngk8t	ស៊ើបអង្កេត	investigate
saeboqangkeid	s8b8q8ngk8d	ស៊ើបអង្កេត	investigate
saebaaongket	s8b8ngk8t	ស៊ើបអង្កេត	investigate
saebaaongked	s8b8ngk8d	ស៊ើបអង្កេត	investigate
saebaaongkeit	s8b8ngk8t	ស៊ើបអង្កេត	investigate
saebaaongkeid	s8b8ngk8d	ស៊ើបអង្កេត	investigate
saebaaangket	s8b8ngk8t	ស៊ើបអង្កេត	investigate
saebaaangked	s8b8ngk8d	ស៊ើបអង្កេត	investigate
saebaaangkeit	s8b8ngk8t	ស៊ើបអង្កេត	investigate
saebaaangkeid	s8b8ngk8d	ស៊ើបអង្កេត	investigate
saebaoongket	s8b8ngk8t	ស៊ើបអង្កេត	investigate
saebaoongked	s8b8ngk8d	ស៊ើបអង្កេត	investigate
saebaoongkeit	s8b8ngk8t	ស៊ើបអង្កេត	investigate
saebaoongkeid	s8b8ngk8d	ស៊ើបអង្កេត	investigate
saebaoangket	s8b8ngk8t	ស៊ើបអង្កេត	investigate
saebaoangked	s8b8ngk8d	ស៊ើបអង្កេត	investigate
saebaoangkeit	s8b8ngk8t	ស៊ើបអង្កេត	investigate
saebaoangkeid	s8b8ngk8d	ស៊ើបអង្កេត	investigate
seubangket	s8b8ngk8t	ស៊ើបអង្កេត	investigate
serbangket	s8rb8ngk8t	ស៊ើបអង្កេត	investigate
kroahthnak	kr8hthn8k	គ្រោះថ្នាក់	accident, danger
kroahthnak'	kr8hthn8k'	គ្រោះថ្នាក់	accident, danger
kroahthneak	kr8hthn8k	គ្រោះថ្នាក់	accident, danger
kroahthneak'	kr8hthn8k'	គ្រោះថ្នាក់	accident, danger
kroahthnaak	kr8hthn8k	គ្រោះថ្នាក់	accident, danger
kroahthnaak'	kr8hthn8k'	គ្រោះថ្នាក់	accident, danger
kroathnak	kr8thn8k	គ្រោះថ្នាក់	accident, danger
kroathnak'	kr8thn8k'	គ្រោះថ្នាក់	accident, danger
kroathneak	kr8thn8k	គ្រោះថ្នាក់	accident, danger
kroathneak'	kr8thn8k'	គ្រោះថ្នាក់	accident, danger
kroathnaak	kr8thn8k	គ្រោះថ្នាក់	accident, danger
kroathnaak'	kr8thn8k'	គ្រោះថ្នាក់	accident, danger
krohthnak	kr8hthn8k	គ្រោះថ្នាក់	accident, danger
krohthnak'	kr8hthn8k'	គ្រោះថ្នាក់	accident, danger
krohthneak	kr8hthn8k	គ្រោះថ្នាក់	accident, danger
krohthneak'	kr8hthn8k'	គ្រោះថ្នាក់	accident, danger
krohthnaak	kr8hthn8k	គ្រោះថ្នាក់	accident, danger
krohthnaak'	kr8hthn8k'	គ្រោះថ្នាក់	accident, danger
kraoahthnak	kr8hthn8k	គ្រោះថ្នាក់	accident, danger
kraoahthnak'	kr8hthn8k'	គ្រោះថ្នាក់	accident, danger
kraoahthneak	kr8hthn8k	គ្រោះថ្នាក់	accident, danger
kraoahthneak'	kr8hthn8k'	គ្រោះថ្នាក់	accident, danger
kraoahthnaak	kr8hthn8k	គ្រោះថ្នាក់	accident, danger
kraoahthnaak'	kr8hthn8k'	គ្រោះថ្នាក់	accident, danger
kraoathnak	kr8thn8k	គ្រោះថ្នាក់	accident, danger
kraoathnak'	kr8thn8k'	គ្រោះថ្នាក់	accident, danger
kraoathneak	kr8thn8k	គ្រោះថ្នាក់	accident, danger
kraoathneak'	kr8thn8k'	គ្រោះថ្នាក់	accident, danger
kraoathnaak	kr8thn8k	គ្រោះថ្នាក់	accident, danger
kraoathnaak'	kr8thn8k'	គ្រោះថ្នាក់	accident, danger
kraohthnak	kr8hthn8k	គ្រោះថ្នាក់	accident, danger
kraohthnak'	kr8hthn8k'	គ្រោះថ្នាក់	accident, danger
kraohthneak	kr8hthn8k	គ្រោះថ្នាក់	accident, danger
kraohthneak'	kr8hthn8k'	គ្រោះថ្នាក់	accident, danger
kraohthnaak	kr8hthn8k	គ្រោះថ្នាក់	accident, danger
kraohthnaak'	kr8hthn8k'	គ្រោះថ្នាក់	accident, danger
krouahthnak	kr8hthn8k	គ្រោះថ្នាក់	accident, danger
krouahthnak'	kr8hthn8k'	គ្រោះថ្នាក់	accident, danger
krouahthneak	kr8hthn8k	គ្រោះថ្នាក់	accident, danger
krouahthneak'	kr8hthn8k'	គ្រោះថ្នាក់	accident, danger
krouahthnaak	kr8hthn8k	គ្រោះថ្នាក់	accident, danger
krouahthnaak'	kr8hthn8k'	គ្រោះថ្នាក់	accident, danger
krouathnak	kr8thn8k	គ្រោះថ្នាក់	accident, danger
krouathnak'	kr8thn8k'	គ្រោះថ្នាក់	accident, danger
krouathneak	kr8thn8k	គ្រោះថ្នាក់	accident, danger
krouathneak'	kr8thn8k'	គ្រោះថ្នាក់	accident, danger
krouathnaak	kr8thn8k	គ្រោះថ្នាក់	accident, danger
krouathnaak'	kr8thn8k'	គ្រោះថ្នាក់	accident, danger
krouhthnak	kr8hthn8k	គ្រោះថ្នាក់	accident, danger
krouhthnak'	kr8hthn8k'	គ្រោះថ្នាក់	accident, danger
krouhthneak	kr8hthn8k	គ្រោះថ្នាក់	accident, danger
krouhthneak'	kr8hthn8k'	គ្រោះថ្នាក់	accident, danger
krouhthnaak	kr8hthn8k	គ្រោះថ្នាក់	accident, danger
krouhthnaak'	kr8hthn8k'	គ្រោះថ្នាក់	accident, danger
kroaahthnak	kr8hthn8k	គ្រោះថ្នាក់	accident, danger
kroaahthnak'	kr8hthn8k'	គ្រោះថ្នាក់	accident, danger
kroaahthneak	kr8hthn8k	គ្រោះថ្នាក់	accident, danger
kroaahthneak'	kr8hthn8k'	គ្រោះថ្នាក់	accident, danger
kroaahthnaak	kr8hthn8k	គ្រោះថ្នាក់	accident, danger
kroaahthnaak'	kr8hthn8k'	គ្រោះថ្នាក់	accident, danger
kroaathnak	kr8thn8k	គ្រោះថ្នាក់	accident, danger
kroaathnak'	kr8thn8k'	គ្រោះថ្នាក់	accident, danger
kroaathneak	kr8thn8k	គ្រោះថ្នាក់	accident, danger
kroaathneak'	kr8thn8k'	គ្រោះថ្នាក់	accident, danger
kroaathnaak	kr8thn8k	គ្រោះថ្នាក់	accident, danger
kroaathnaak'	kr8thn8k'	គ្រោះថ្នាក់	accident, danger
groahthnak	gr8hthn8k	គ្រោះថ្នាក់	accident, danger
groahthnak'	gr8hthn8k'	គ្រោះថ្នាក់	accident, danger
groahthneak	gr8hthn8k	គ្រោះថ្នាក់	accident, danger
groahthneak'	gr8hthn8k'	គ្រោះថ្នាក់	accident, danger
groahthnaak	gr8hthn8k	គ្រោះថ្នាក់	accident, danger
groahthnaak'	gr8hthn8k'	គ្រោះថ្នាក់	accident, danger
groathnak	gr8thn8k	គ្រោះថ្នាក់	accident, danger
groathnak'	gr8thn8k'	គ្រោះថ្នាក់	accident, danger
groathneak	gr8thn8k	គ្រោះថ្នាក់	accident, danger
groathneak'	gr8thn8k'	គ្រោះថ្នាក់	accident, danger
groathnaak	gr8thn8k	គ្រោះថ្នាក់	accident, danger
groathnaak'	gr8thn8k'	គ្រោះថ្នាក់	accident, danger
grohthnak	gr8hthn8k	គ្រោះថ្នាក់	accident, danger
grohthnak'	gr8hthn8k'	គ្រោះថ្នាក់	accident, danger
grohthneak	gr8hthn8k	គ្រោះថ្នាក់	accident, danger
grohthneak'	gr8hthn8k'	គ្រោះថ្នាក់	accident, danger
grohthnaak	gr8hthn8k	គ្រោះថ្នាក់	accident, danger
grohthnaak'	gr8hthn8k'	គ្រោះថ្នាក់	accident, danger
graoahthnak	gr8hthn8k	គ្រោះថ្នាក់	accident, danger
graoahthnak'	gr8hthn8k'	គ្រោះថ្នាក់	accident, danger
graoahthneak	gr8hthn8k	គ្រោះថ្នាក់	accident, danger
graoahthneak'	gr8hthn8k'	គ្រោះថ្នាក់	accident, danger
graoahthnaak	gr8hthn8k	គ្រោះថ្នាក់	accident, danger
graoahthnaak'	gr8hthn8k'	គ្រោះថ្នាក់	accident, danger
graoathnak	gr8thn8k	គ្រោះថ្នាក់	accident, danger
graoathnak'	gr8thn8k'	គ្រោះថ្នាក់	accident, danger
graoathneak	gr8thn8k	គ្រោះថ្នាក់	accident, danger
graoathneak'	gr8thn8k'	គ្រោះថ្នាក់	accident, danger
graoathnaak	gr8thn8k	គ្រោះថ្នាក់	accident, danger
graoathnaak'	gr8thn8k'	គ្រោះថ្នាក់	accident, danger
graohthnak	gr8hthn8k	គ្រោះថ្នាក់	accident, danger
graohthnak'	gr8hthn8k'	គ្រោះថ្នាក់	accident, danger
graohthneak	gr8hthn8k	គ្រោះថ្នាក់	accident, danger
graohthneak'	gr8hthn8k'	គ្រោះថ្នាក់	accident, danger
graohthnaak	gr8hthn8k	គ្រោះថ្នាក់	accident, danger
graohthnaak'	gr8hthn8k'	គ្រោះថ្នាក់	accident, danger
grouahthnak	gr8hthn8k	គ្រោះថ្នាក់	accident, danger
grouahthnak'	gr8hthn8k'	គ្រោះថ្នាក់	accident, danger
grouahthneak	gr8hthn8k	គ្រោះថ្នាក់	accident, danger
grouahthneak'	gr8hthn8k'	គ្រោះថ្នាក់	accident, danger
grouahthnaak	gr8hthn8k	គ្រោះថ្នាក់	accident, danger
grouahthnaak'	gr8hthn8k'	គ្រោះថ្នាក់	accident, danger
grouathnak	gr8thn8k	គ្រោះថ្នាក់	accident, danger
grouathnak'	gr8thn8k'	គ្រោះថ្នាក់	accident, danger
grouathneak	gr8thn8k	គ្រោះថ្នាក់	accident, danger
grouathneak'	gr8thn8k'	គ្រោះថ្នាក់	accident, danger
grouathnaak	gr8thn8k	គ្រោះថ្នាក់	accident, danger
grouathnaak'	gr8thn8k'	គ្រោះថ្នាក់	accident, danger
kruohthnak	kr8hthn8k	គ្រោះថ្នាក់	accident, danger
krohtnak	kr8htn8k	គ្រោះថ្នាក់	accident, danger
chor	ch8r	ចោរ	thief
chaor	ch8r	ចោរ	thief
chour	ch8r	ចោរ	thief
choar	ch8r	ចោរ	thief
jor	j8r	ចោរ	thief
jaor	j8r	ចោរ	thief
jour	j8r	ចោរ	thief
joar	j8r	ចោរ	thief
chao	ch8	ចោរ	thief
jao	j8	ចោរ	thief
suvtthiphap	s8vtth8ph8p	សុវត្ថិភាព	safety
suvtthiphab	s8vtth8ph8b	សុវត្ថិភាព	safety
suvtthipheap	s8vtth8ph8p	សុវត្ថិភាព	safety
suvtthipheab	s8vtth8ph8b	សុវត្ថិភាព	safety
suvtthiphaap	s8vtth8ph8p	សុវត្ថិភាព	safety
suvtthiphaab	s8vtth8ph8b	សុវត្ថិភាព	safety
suvtthibhap	s8vtth8bh8p	សុវត្ថិភាព	safety
suvtthibhab	s8vtth8bh8b	សុវត្ថិភាព	safety
suvtthibheap	s8vtth8bh8p	សុវត្ថិភាព	safety
suvtthibheab	s8vtth8bh8b	សុវត្ថិភាព	safety
suvtthibhaap	s8vtth8bh8p	សុវត្ថិភាព	safety
suvtthibhaab	s8vtth8bh8b	សុវត្ថិភាព	safety
suvtthephap	s8vtth8ph8p	សុវត្ថិភាព	safety
suvtthephab	s8vtth8ph8b	សុវត្ថិភាព	safety
suvtthepheap	s8vtth8ph8p	សុវត្ថិភាព	safety
suvtthepheab	s8vtth8ph8b	សុវត្ថិភាព	safety
suvtthephaap	s8vtth8ph8p	សុវត្ថិភាព	safety
suvtthephaab	s8vtth8ph8b	សុវត្ថិភាព	safety
suvtthebhap	s8vtth8bh8p	សុវត្ថិភាព	safety
suvtthebhab	s8vtth8bh8b	សុវត្ថិភាព	safety
suvtthebheap	s8vtth8bh8p	សុវត្ថិភាព	safety
suvtthebheab	s8vtth8bh8b	សុវត្ថិភាព	safety
suvtthebhaap	s8vtth8bh8p	សុវត្ថិភាព	safety
suvtthebhaab	s8vtth8bh8b	សុវត្ថិភាព	safety
suvdthiphap	s8vdth8ph8p	សុវត្ថិភាព	safety
suvdthiphab	s8vdth8ph8b	សុវត្ថិភាព	safety
suvdthipheap	s8vdth8ph8p	សុវត្ថិភាព	safety
suvdthipheab	s8vdth8ph8b	សុវត្ថិភាព	safety
suvdthiphaap	s8vdth8ph8p	សុវត្ថិភាព	safety
suvdthiphaab	s8vdth8ph8b	សុវត្ថិភាព	safety
suvdthibhap	s8vdth8bh8p	សុវត្ថិភាព	safety
suvdthibhab	s8vdth8bh8b	សុវត្ថិភាព	safety
suvdthibheap	s8vdth8bh8p	សុវត្ថិភាព	safety
suvdthibheab	s8vdth8bh8b	សុវត្ថិភាព	safety
suvdthibhaap	s8vdth8bh8p	សុវត្ថិភាព	safety
suvdthibhaab	s8vdth8bh8b	សុវត្ថិភាព	safety
suvdthephap	s8vdth8ph8p	សុវត្ថិភាព	safety
suvdthephab	s8vdth8ph8b	សុវត្ថិភាព	safety
suvdthepheap	s8vdth8ph8p	សុវត្ថិភាព	safety
suvdthepheab	s8vdth8ph8b	សុវត្ថិភាព	safety
suvdthephaap	s8vdth8ph8p	សុវត្ថិភាព	safety
suvdthephaab	s8vdth8ph8b	សុវត្ថិភាព	safety
suvdthebhap	s8vdth8bh8p	សុវត្ថិភាព	safety
suvdthebhab	s8vdth8bh8b	សុវត្ថិភាព	safety
suvdthebheap	s8vdth8bh8p	សុវត្ថិភាព	safety
suvdthebheab	s8vdth8bh8b	សុវត្ថិភាព	safety
suvdthebhaap	s8vdth8bh8p	សុវត្ថិភាព	safety
suvdthebhaab	s8vdth8bh8b	សុវត្ថិភាព	safety
suvotthiphap	s8v8tth8ph8p	សុវត្ថិភាព	safety
suvotthiphab	s8v8tth8ph8b	សុវត្ថិភាព	safety
suvotthipheap	s8v8tth8ph8p	សុវត្ថិភាព	safety
suvotthipheab	s8v8tth8ph8b	សុវត្ថិភាព	safety
suvotthiphaap	s8v8tth8ph8p	សុវត្ថិភាព	safety
suvotthiphaab	s8v8tth8ph8b	សុវត្ថិភាព	safety
suvotthibhap	s8v8tth8bh8p	សុវត្ថិភាព	safety
suvotthibhab	s8v8tth8bh8b	សុវត្ថិភាព	safety
suvotthibheap	s8v8tth8bh8p	សុវត្ថិភាព	safety
suvotthibheab	s8v8tth8bh8b	សុវត្ថិភាព	safety
suvotthibhaap	s8v8tth8bh8p	សុវត្ថិភាព	safety
suvotthibhaab	s8v8tth8bh8b	សុវត្ថិភាព	safety
suvotthephap	s8v8tth8ph8p	សុវត្ថិភាព	safety
suvotthephab	s8v8tth8ph8b	សុវត្ថិភាព	safety
suvotthepheap	s8v8tth8ph8p	សុវត្ថិភាព	safety
suvotthepheab	s8v8tth8ph8b	សុវត្ថិភាព	safety
suvotthephaap	s8v8tth8ph8p	សុវត្ថិភាព	safety
suvotthephaab	s8v8tth8ph8b	សុវត្ថិភាព	safety
suvotthebhap	s8v8tth8bh8p	សុវត្ថិភាព	safety
suvotthebhab	s8v8tth8bh8b	សុវត្ថិភាព	safety
suvotthebheap	s8v8tth8bh8p	សុវត្ថិភាព	safety
suvotthebheab	s8v8tth8bh8b	សុវត្ថិភាព	safety
suvotthebhaap	s8v8tth8bh8p	សុវត្ថិភាព	safety
suvotthebhaab	s8v8tth8bh8b	សុវត្ថិភាព	safety
suvodthiphap	s8v8dth8ph8p	សុវត្ថិភាព	safety
suvodthiphab	s8v8dth8ph8b	សុវត្ថិភាព	safety
suvodthipheap	s8v8dth8ph8p	សុវត្ថិភាព	safety
suvodthipheab	s8v8dth8ph8b	សុវត្ថិភាព	safety
suvodthiphaap	s8v8dth8ph8p	សុវត្ថិភាព	safety
suvodthiphaab	s8v8dth8ph8b	សុវត្ថិភាព	safety
suvodthibhap	s8v8dth8bh8p	សុវត្ថិភាព	safety
suvodthibhab	s8v8dth8bh8b	សុវត្ថិភាព	safety
suvodthibheap	s8v8dth8bh8p	សុវត្ថិភាព	safety
suvodthibheab	s8v8dth8bh8b	សុវត្ថិភាព	safety
suvodthibhaap	s8v8dth8bh8p	សុវត្ថិភាព	safety
suvodthibhaab	s8v8dth8bh8b	សុវត្ថិភាព	safety
suvodthephap	s8v8dth8ph8p	សុវត្ថិភាព	safety
suvodthephab	s8v8dth8ph8b	សុវត្ថិភាព	safety
suvodthepheap	s8v8dth8ph8p	សុវត្ថិភាព	safety
suvodthepheab	s8v8dth8ph8b	សុវត្ថិភាព	safety
suvodthephaap	s8v8dth8ph8p	សុវត្ថិភាព	safety
suvodthephaab	s8v8dth8ph8b	សុវត្ថិភាព	safety
suvodthebhap	s8v8dth8bh8p	សុវត្ថិភាព	safety
suvodthebhab	s8v8dth8bh8b	សុវត្ថិភាព	safety
suvodthebheap	s8v8dth8bh8p	សុវត្ថិភាព	safety
suvodthebheab	s8v8dth8bh8b	សុវត្ថិភាព	safety
suvodthebhaap	s8v8dth8bh8p	សុវត្ថិភាព	safety
suvodthebhaab	s8v8dth8bh8b	សុវត្ថិភាព	safety
suvatthiphap	s8v8tth8ph8p	សុវត្ថិភាព	safety
suvatthiphab	s8v8tth8ph8b	សុវត្ថិភាព	safety
suvatthipheap	s8v8tth8ph8p	សុវត្ថិភាព	safety
suvatthipheab	s8v8tth8ph8b	សុវត្ថិភាព	safety
suvatthiphaap	s8v8tth8ph8p	សុវត្ថិភាព	safety
suvatthiphaab	s8v8tth8ph8b	សុវត្ថិភាព	safety
suvatthibhap	s8v8tth8bh8p	សុវត្ថិភាព	safety
suvatthibhab	s8v8tth8bh8b	សុវត្ថិភាព	safety
suvatthibheap	s8v8tth8bh8p	សុវត្ថិភាព	safety
suvatthibheab	s8v8tth8bh8b	សុវត្ថិភាព	safety
suvatthibhaap	s8v8tth8bh8p	សុវត្ថិភាព	safety
suvatthibhaab	s8v8tth8bh8b	សុវត្ថិភាព	safety
suvatthephap	s8v8tth8ph8p	សុវត្ថិភាព	safety
suvatthephab	s8v8tth8ph8b	សុវត្ថិភាព	safety
suvatthepheap	s8v8tth8ph8p	សុវត្ថិភាព	safety
suvatthepheab	s8v8tth8ph8b	សុវត្ថិភាព	safety
suvatthephaap	s8v8tth8ph8p	សុវត្ថិភាព	safety
suvatthephaab	s8v8tth8ph8b	សុវត្ថិភាព	safety
suvatthebhap	s8v8tth8bh8p	សុវត្ថិភាព	safety
suvatthebhab	s8v8tth8bh8b	សុវត្ថិភាព	safety
suvatthebheap	s8v8tth8bh8p	សុវត្ថិភាព	safety
suvatthebheab	s8v8tth8bh8b	សុវត្ថិភាព	safety
suvatthebhaap	s8v8tth8bh8p	សុវត្ថិភាព	safety
suvatthebhaab	s8v8tth8bh8b	សុវត្ថិភាព	safety
sovathipheap	s8v8th8ph8p	សុវត្ថិភាព	safety
rdthaphibal	rdth8ph8b8l	រដ្ឋាភិបាល	government
rdthaphibeal	rdth8ph8b8l	រដ្ឋាភិបាល	government
rdthaphibaal	rdth8ph8b8l	រដ្ឋាភិបាល	government
rdthaphipal	rdth8ph8p8l	រដ្ឋាភិបាល	government
rdthaphipeal	rdth8ph8p8l	រដ្ឋាភិបាល	government
rdthaphipaal	rdth8ph8p8l	រដ្ឋាភិបាល	government
rdthaphebal	rdth8ph8b8l	រដ្ឋាភិបាល	government
rdthaphebeal	rdth8ph8b8l	រដ្ឋាភិបាល	government
rdthaphebaal	rdth8ph8b8l	រដ្ឋាភិបាល	government
rdthaphepal	rdth8ph8p8l	រដ្ឋាភិបាល	government
rdthaphepeal	rdth8ph8p8l	រដ្ឋាភិបាល	government
rdthaphepaal	rdth8ph8p8l	រដ្ឋាភិបាល	government
rdthabhibal	rdth8bh8b8l	រដ្ឋាភិបាល	government
rdthabhibeal	rdth8bh8b8l	រដ្ឋាភិបាល	government
rdthabhibaal	rdth8bh8b8l	រដ្ឋាភិបាល	government
rdthabhipal	rdth8bh8p8l	រដ្ឋាភិបាល	government
rdthabhipeal	rdth8bh8p8l	រដ្ឋាភិបាល	government
rdthabhipaal	rdth8bh8p8l	រដ្ឋាភិបាល	government
rdthabhebal	rdth8bh8b8l	រដ្ឋាភិបាល	government
rdthabhebeal	rdth8bh8b8l	រដ្ឋាភិបាល	government
rdthabhebaal	rdth8bh8b8l	រដ្ឋាភិបាល	government
rdthabhepal	rdth8bh8p8l	រដ្ឋាភិបាល	government
rdthabhepeal	rdth8bh8p8l	រដ្ឋាភិបាល	government
rdthabhepaal	rdth8bh8p8l	រដ្ឋាភិបាល	government
rdtheaphibal	rdth8ph8b8l	រដ្ឋាភិបាល	government
rdtheaphibeal	rdth8ph8b8l	រដ្ឋាភិបាល	government
rdtheaphibaal	rdth8ph8b8l	រដ្ឋាភិបាល	government
rdtheaphipal	rdth8ph8p8l	រដ្ឋាភិបាល	government
rdtheaphipeal	rdth8ph8p8l	រដ្ឋាភិបាល	government
rdtheaphipaal	rdth8ph8p8l	រដ្ឋាភិបាល	government
rdtheaphebal	rdth8ph8b8l	រដ្ឋាភិបាល	government
rdtheaphebeal	rdth8ph8b8l	រដ្ឋាភិបាល	government
rdtheaphebaal	rdth8ph8b8l	រដ្ឋាភិបាល	government
rdtheaphepal	rdth8ph8p8l	រដ្ឋាភិបាល	government
rdtheaphepeal	rdth8ph8p8l	រដ្ឋាភិបាល	government
rdtheaphepaal	rdth8ph8p8l	រដ្ឋាភិបាល	government
rdtheabhibal	rdth8bh8b8l	រដ្ឋាភិបាល	government
rdtheabhibeal	rdth8bh8b8l	រដ្ឋាភិបាល	government
rdtheabhibaal	rdth8bh8b8l	រដ្ឋាភិបាល	government
rdtheabhipal	rdth8bh8p8l	រដ្ឋាភិបាល	government
rdtheabhipeal	rdth8bh8p8l	រដ្ឋាភិបាល	government
rdtheabhipaal	rdth8bh8p8l	រដ្ឋាភិបាល	government
rdtheabhebal	rdth8bh8b8l	រដ្ឋាភិបាល	government
rdtheabhebeal	rdth8bh8b8l	រដ្ឋាភិបាល	government
rdtheabhebaal	rdth8bh8b8l	រដ្ឋាភិបាល	government
rdtheabhepal	rdth8bh8p8l	រដ្ឋាភិបាល	government
rdtheabhepeal	rdth8bh8p8l	រដ្ឋាភិបាល	government
rdtheabhepaal	rdth8bh8p8l	រដ្ឋាភិបាល	government
rdthaaphibal	rdth8ph8b8l	រដ្ឋាភិបាល	government
rdthaaphibeal	rdth8ph8b8l	រដ្ឋាភិបាល	government
rdthaaphibaal	rdth8ph8b8l	រដ្ឋាភិបាល	government
rdthaaphipal	rdth8ph8p8l	រដ្ឋាភិបាល	government
rdthaaphipeal	rdth8ph8p8l	រដ្ឋាភិបាល	government
rdthaaphipaal	rdth8ph8p8l	រដ្ឋាភិបាល	government
rdthaaphebal	rdth8ph8b8l	រដ្ឋាភិបាល	government
rdthaaphebeal	rdth8ph8b8l	រដ្ឋាភិបាល	government
rdthaaphebaal	rdth8ph8b8l	រដ្ឋាភិបាល	government
rdthaaphepal	rdth8ph8p8l	រដ្ឋាភិបាល	government
rdthaaphepeal	rdth8ph8p8l	រដ្ឋាភិបាល	government
rdthaaphepaal	rdth8ph8p8l	រដ្ឋាភិបាល	government
rdthaabhibal	rdth8bh8b8l	រដ្ឋាភិបាល	government
rdthaabhibeal	rdth8bh8b8l	រដ្ឋាភិបាល	government
rdthaabhibaal	rdth8bh8b8l	រដ្ឋាភិបាល	government
rdthaabhipal	rdth8bh8p8l	រដ្ឋាភិបាល	government
rdthaabhipeal	rdth8bh8p8l	រដ្ឋាភិបាល	government
rdthaabhipaal	rdth8bh8p8l	រដ្ឋាភិបាល	government
rdthaabhebal	rdth8bh8b8l	រដ្ឋាភិបាល	government
rdthaabhebeal	rdth8bh8b8l	រដ្ឋាភិបាល	government
rdthaabhebaal	rdth8bh8b8l	រដ្ឋាភិបាល	government
rdthaabhepal	rdth8bh8p8l	រដ្ឋាភិបាល	government
rdthaabhepeal	rdth8bh8p8l	រដ្ឋាភិបាល	government
rdthaabhepaal	rdth8bh8p8l	រដ្ឋាភិបាល	government
rodthaphibal	r8dth8ph8b8l	រដ្ឋាភិបាល	government
rodthaphibeal	r8dth8ph8b8l	រដ្ឋាភិបាល	government
rodthaphibaal	r8dth8ph8b8l	រដ្ឋាភិបាល	government
rodthaphipal	r8dth8ph8p8l	រដ្ឋាភិបាល	government
rodthaphipeal	r8dth8ph8p8l	រដ្ឋាភិបាល	government
rodthaphipaal	r8dth8ph8p8l	រដ្ឋាភិបាល	government
rodthaphebal	r8dth8ph8b8l	រដ្ឋាភិបាល	government
rodthaphebeal	r8dth8ph8b8l	រដ្ឋាភិបាល	government
rodthaphebaal	r8dth8ph8b8l	រដ្ឋាភិបាល	government
rodthaphepal	r8dth8ph8p8l	រដ្ឋាភិបាល	government
rodthaphepeal	r8dth8ph8p8l	រដ្ឋាភិបាល	government
rodthaphepaal	r8dth8ph8p8l	រដ្ឋាភិបាល	government
rodthabhibal	r8dth8bh8b8l	រដ្ឋាភិបាល	government
rodthabhibeal	r8dth8bh8b8l	រដ្ឋាភិបាល	government
rodthabhibaal	r8dth8bh8b8l	រដ្ឋាភិបាល	government
rodthabhipal	r8dth8bh8p8l	រដ្ឋាភិបាល	government
rodthabhipeal	r8dth8bh8p8l	រដ្ឋាភិបាល	government
rodthabhipaal	r8dth8bh8p8l	រដ្ឋាភិបាល	government
rodthabhebal	r8dth8bh8b8l	រដ្ឋាភិបាល	government
rodthabhebeal	r8dth8bh8b8l	រដ្ឋាភិបាល	government
rodthabhebaal	r8dth8bh8b8l	រដ្ឋាភិបាល	government
rodthabhepal	r8dth8bh8p8l	រដ្ឋាភិបាល	government
rodthabhepeal	r8dth8bh8p8l	រដ្ឋាភិបាល	government
rodthabhepaal	r8dth8bh8p8l	រដ្ឋាភិបាល	government
rodtheaphibal	r8dth8ph8b8l	រដ្ឋាភិបាល	government
rodtheaphibeal	r8dth8ph8b8l	រដ្ឋាភិបាល	government
rodtheaphibaal	r8dth8ph8b8l	រដ្ឋាភិបាល	government
rodtheaphipal	r8dth8ph8p8l	រដ្ឋាភិបាល	government
rodtheaphipeal	r8dth8ph8p8l	រដ្ឋាភិបាល	government
rodtheaphipaal	r8dth8ph8p8l	រដ្ឋាភិបាល	government
rodtheaphebal	r8dth8ph8b8l	រដ្ឋាភិបាល	government
rodtheaphebeal	r8dth8ph8b8l	រដ្ឋាភិបាល	government
rodtheaphebaal	r8dth8ph8b8l	រដ្ឋាភិបាល	government
rodtheaphepal	r8dth8ph8p8l	រដ្ឋាភិបាល	government
rodtheaphepeal	r8dth8ph8p8l	រដ្ឋាភិបាល	government
rodtheaphepaal	r8dth8ph8p8l	រដ្ឋាភិបាល	government
rodtheabhibal	r8dth8bh8b8l	រដ្ឋាភិបាល	government
rodtheabhibeal	r8dth8bh8b8l	រដ្ឋាភិបាល	government
rodtheabhibaal	r8dth8bh8b8l	រដ្ឋាភិបាល	government
rodtheabhipal	r8dth8bh8p8l	រដ្ឋាភិបាល	government
rodtheabhipeal	r8dth8bh8p8l	រដ្ឋាភិបាល	government
rodtheabhipaal	r8dth8bh8p8l	រដ្ឋាភិបាល	government
rodtheabhebal	r8dth8bh8b8l	រដ្ឋាភិបាល	government
rodtheabhebeal	r8dth8bh8b8l	រដ្ឋាភិបាល	government
rodtheabhebaal	r8dth8bh8b8l	រដ្ឋាភិបាល	government
rodtheabhepal	r8dth8bh8p8l	រដ្ឋាភិបាល	government
rodtheabhepeal	r8dth8bh8p8l	រដ្ឋាភិបាល	government
rodtheabhepaal	r8dth8bh8p8l	រដ្ឋាភិបាល	government
rathaphibal	r8th8ph8b8l	រដ្ឋាភិបាល	government
rothaphibal	r8th8ph8b8l	រដ្ឋាភិបាល	government
mntrey	mntr8	មន្ត្រី	official, officer
mntri	mntr8	មន្ត្រី	official, officer
mntrii	mntr8	មន្ត្រី	official, officer
mndrey	mndr8	មន្ត្រី	official, officer
mndri	mndr8	មន្ត្រី	official, officer
mndrii	mndr8	មន្ត្រី	official, officer
montrey	m8ntr8	មន្ត្រី	official, officer
montri	m8ntr8	មន្ត្រី	official, officer
montrii	m8ntr8	មន្ត្រី	official, officer
mondrey	m8ndr8	មន្ត្រី	official, officer
mondri	m8ndr8	មន្ត្រី	official, officer
mondrii	m8ndr8	មន្ត្រី	official, officer
mantrey	m8ntr8	មន្ត្រី	official, officer
mantri	m8ntr8	មន្ត្រី	official, officer
mantrii	m8ntr8	មន្ត្រី	official, officer
mandrey	m8ndr8	មន្ត្រី	official, officer
mandri	m8ndr8	មន្ត្រី	official, officer
mandrii	m8ndr8	មន្ត្រី	official, officer
muntrey	m8ntr8	មន្ត្រី	official, officer
montrei	m8ntr8	មន្ត្រី	official, officer
aavuth	8v8th	អាវុធ	weapon
aavudh	8v8dh	អាវុធ	weapon
aavoth	8v8th	អាវុធ	weapon
aavodh	8v8dh	អាវុធ	weapon
aawuth	8w8th	អាវុធ	weapon
aawudh	8w8dh	អាវុធ	weapon
aawoth	8w8th	អាវុធ	weapon
aawodh	8w8dh	អាវុធ	weapon
aeavuth	8v8th	អាវុធ	weapon
aeavudh	8v8dh	អាវុធ	weapon
aeavoth	8v8th	អាវុធ	weapon
aeavodh	8v8dh	អាវុធ	weapon
aeawuth	8w8th	អាវុធ	weapon
aeawudh	8w8dh	អាវុធ	weapon
aeawoth	8w8th	អាវុធ	weapon
aeawodh	8w8dh	អាវុធ	weapon
aaavuth	8v8th	អាវុធ	weapon
aaavudh	8v8dh	អាវុធ	weapon
aaavoth	8v8th	អាវុធ	weapon
aaavodh	8v8dh	អាវុធ	weapon
aaawuth	8w8th	អាវុធ	weapon
aaawudh	8w8dh	អាវុធ	weapon
aaawoth	8w8th	អាវុធ	weapon
aaawodh	8w8dh	អាវុធ	weapon
oavuth	8v8th	អាវុធ	weapon
oavudh	8v8dh	អាវុធ	weapon
oavoth	8v8th	អាវុធ	weapon
oavodh	8v8dh	អាវុធ	weapon
oawuth	8w8th	អាវុធ	weapon
oawudh	8w8dh	អាវុធ	weapon
oawoth	8w8th	អាវុធ	weapon
oawodh	8w8dh	អាវុធ	weapon
oeavuth	8v8th	អាវុធ	weapon
oeavudh	8v8dh	អាវុធ	weapon
oeavoth	8v8th	អាវុធ	weapon
oeavodh	8v8dh	អាវុធ	weapon
oeawuth	8w8th	អាវុធ	weapon
oeawudh	8w8dh	អាវុធ	weapon
oeawoth	8w8th	អាវុធ	weapon
oeawodh	8w8dh	អាវុធ	weapon
oaavuth	8v8th	អាវុធ	weapon
oaavudh	8v8dh	អាវុធ	weapon
oaavoth	8v8th	អាវុធ	weapon
oaavodh	8v8dh	អាវុធ	weapon
oaawuth	8w8th	អាវុធ	weapon
oaawudh	8w8dh	អាវុធ	weapon
oaawoth	8w8th	អាវុធ	weapon
oaawodh	8w8dh	អាវុធ	weapon
qavuth	q8v8th	អាវុធ	weapon
qavudh	q8v8dh	អាវុធ	weapon
qavoth	q8v8th	អាវុធ	weapon
qavodh	q8v8dh	អាវុធ	weapon
qawuth	q8w8th	អាវុធ	weapon
qawudh	q8w8dh	អាវុធ	weapon
qawoth	q8w8th	អាវុធ	weapon
qawodh	q8w8dh	អាវុធ	weapon
qeavuth	q8v8th	អាវុធ	weapon
qeavudh	q8v8dh	អាវុធ	weapon
qeavoth	q8v8th	អាវុធ	weapon
qeavodh	q8v8dh	អាវុធ	weapon
qeawuth	q8w8th	អាវុធ	weapon
qeawudh	q8w8dh	អាវុធ	weapon
qeawoth	q8w8th	អាវុធ	weapon
qeawodh	q8w8dh	អាវុធ	weapon
qaavuth	q8v8th	អាវុធ	weapon
qaavudh	q8v8dh	អាវុធ	weapon
qaavoth	q8v8th	អាវុធ	weapon
qaavodh	q8v8dh	អាវុធ	weapon
qaawuth	q8w8th	អាវុធ	weapon
qaawudh	q8w8dh	អាវុធ	weapon
qaawoth	q8w8th	អាវុធ	weapon
qaawodh	q8w8dh	អាវុធ	weapon
avuth	8v8th	អាវុធ	weapon
avudh	8v8dh	អាវុធ	weapon
avoth	8v8th	អាវុធ	weapon
avodh	8v8dh	អាវុធ	weapon
awuth	8w8th	អាវុធ	weapon
awudh	8w8dh	អាវុធ	weapon
awoth	8w8th	អាវុធ	weapon
awodh	8w8dh	អាវុធ	weapon
eavuth	8v8th	អាវុធ	weapon
eavudh	8v8dh	អាវុធ	weapon
eavoth	8v8th	អាវុធ	weapon
eavodh	8v8dh	អាវុធ	weapon
eawuth	8w8th	អាវុធ	weapon
eawudh	8w8dh	អាវុធ	weapon
eawoth	8w8th	អាវុធ	weapon
eawodh	8w8dh	អាវុធ	weapon
awut	8w8t	អាវុធ	weapon
thnaam	thn8m	ថ្នាំ	medicine / drug
thnaom	thn8m	ថ្នាំ	medicine / drug
thnaum	thn8m	ថ្នាំ	medicine / drug
thneaam	thn8m	ថ្នាំ	medicine / drug
thneaom	thn8m	ថ្នាំ	medicine / drug
thneaum	thn8m	ថ្នាំ	medicine / drug
thnaaam	thn8m	ថ្នាំ	medicine / drug
thnaaom	thn8m	ថ្នាំ	medicine / drug
thnaaum	thn8m	ថ្នាំ	medicine / drug
thnam	thn8m	ថ្នាំ	medicine / drug
tnam	tn8m	ថ្នាំ	medicine / drug
rthynt	rth8nt	រថយន្ត	vehicle
rthynd	rth8nd	រថយន្ត	vehicle
rthyont	rth8nt	រថយន្ត	vehicle
rthyond	rth8nd	រថយន្ត	vehicle
rthyant	rth8nt	រថយន្ត	vehicle
rthyand	rth8nd	រថយន្ត	vehicle
rthoynt	rth8nt	រថយន្ត	vehicle
rthoynd	rth8nd	រថយន្ត	vehicle
rthoyont	rth8nt	រថយន្ត	vehicle
rthoyond	rth8nd	រថយន្ត	vehicle
rthoyant	rth8nt	រថយន្ត	vehicle
rthoyand	rth8nd	រថយន្ត	vehicle
rthaynt	rth8nt	រថយន្ត	vehicle
rthaynd	rth8nd	រថយន្ត	vehicle
rthayont	rth8nt	រថយន្ត	vehicle
rthayond	rth8nd	រថយន្ត	vehicle
rthayant	rth8nt	រថយន្ត	vehicle
rthayand	rth8nd	រថយន្ត	vehicle
rothynt	r8th8nt	រថយន្ត	vehicle
rothynd	r8th8nd	រថយន្ត	vehicle
rothyont	r8th8nt	រថយន្ត	vehicle
rothyond	r8th8nd	រថយន្ត	vehicle
rothyant	r8th8nt	រថយន្ត	vehicle
rothyand	r8th8nd	រថយន្ត	vehicle
rothoynt	r8th8nt	រថយន្ត	vehicle
rothoynd	r8th8nd	រថយន្ត	vehicle
rothoyont	r8th8nt	រថយន្ត	vehicle
rothoyond	r8th8nd	រថយន្ត	vehicle
rothoyant	r8th8nt	រថយន្ត	vehicle
rothoyand	r8th8nd	រថយន្ត	vehicle
rothaynt	r8th8nt	រថយន្ត	vehicle
rothaynd	r8th8nd	រថយន្ត	vehicle
rothayont	r8th8nt	រថយន្ត	vehicle
rothayond	r8th8nd	រថយន្ត	vehicle
rothayant	r8th8nt	រថយន្ត	vehicle
rothayand	r8th8nd	រថយន្ត	vehicle
rathynt	r8th8nt	រថយន្ត	vehicle
rathynd	r8th8nd	រថយន្ត	vehicle
rathyont	r8th8nt	រថយន្ត	vehicle
rathyond	r8th8nd	រថយន្ត	vehicle
rathyant	r8th8nt	រថយន្ត	vehicle
rathyand	r8th8nd	រថយន្ត	vehicle
rathoynt	r8th8nt	រថយន្ត	vehicle
rathoynd	r8th8nd	រថយន្ត	vehicle
rathoyont	r8th8nt	រថយន្ត	vehicle
rathoyond	r8th8nd	រថយន្ត	vehicle
rathoyant	r8th8nt	រថយន្ត	vehicle
rathoyand	r8th8nd	រថយន្ត	vehicle
rathaynt	r8th8nt	រថយន្ត	vehicle
rathaynd	r8th8nd	រថយន្ត	vehicle
rathayont	r8th8nt	រថយន្ត	vehicle
rathayond	r8th8nd	រថយន្ត	vehicle
rathayant	r8th8nt	រថយន្ត	vehicle
rathayand	r8th8nd	រថយន្ត	vehicle
rothyun	r8th8n	រថយន្ត	vehicle
rotyon	r8t8n	រថយន្ត	vehicle
chrachrn	chr8chrn	ចរាចរណ៍	traffic
chrachron	chr8chr8n	ចរាចរណ៍	traffic
chrachran	chr8chr8n	ចរាចរណ៍	traffic
chrachorn	chr8ch8rn	ចរាចរណ៍	traffic
chrachoron	chr8ch8r8n	ចរាចរណ៍	traffic
chrachoran	chr8ch8r8n	ចរាចរណ៍	traffic
chracharn	chr8ch8rn	ចរាចរណ៍	traffic
chracharon	chr8ch8r8n	ចរាចរណ៍	traffic
chracharan	chr8ch8r8n	ចរាចរណ៍	traffic
chrajrn	chr8jrn	ចរាចរណ៍	traffic
chrajron	chr8jr8n	ចរាចរណ៍	traffic
chrajran	chr8jr8n	ចរាចរណ៍	traffic
chrajorn	chr8j8rn	ចរាចរណ៍	traffic
chrajoron	chr8j8r8n	ចរាចរណ៍	traffic
chrajoran	chr8j8r8n	ចរាចរណ៍	traffic
chrajarn	chr8j8rn	ចរាចរណ៍	traffic
chrajaron	chr8j8r8n	ចរាចរណ៍	traffic
chrajaran	chr8j8r8n	ចរាចរណ៍	traffic
chreachrn	chr8chrn	ចរាចរណ៍	traffic
chreachron	chr8chr8n	ចរាចរណ៍	traffic
chreachran	chr8chr8n	ចរាចរណ៍	traffic
chreachorn	chr8ch8rn	ចរាចរណ៍	traffic
chreachoron	chr8ch8r8n	ចរាចរណ៍	traffic
chreachoran	chr8ch8r8n	ចរាចរណ៍	traffic
chreacharn	chr8ch8rn	ចរាចរណ៍	traffic
chreacharon	chr8ch8r8n	ចរាចរណ៍	traffic
chreacharan	chr8ch8r8n	ចរាចរណ៍	traffic
chreajrn	chr8jrn	ចរាចរណ៍	traffic
chreajron	chr8jr8n	ចរាចរណ៍	traffic
chreajran	chr8jr8n	ចរាចរណ៍	traffic
chreajorn	chr8j8rn	ចរាចរណ៍	traffic
chreajoron	chr8j8r8n	ចរាចរណ៍	traffic
chreajoran	chr8j8r8n	ចរាចរណ៍	traffic
chreajarn	chr8j8rn	ចរាចរណ៍	traffic
chreajaron	chr8j8r8n	ចរាចរណ៍	traffic
chreajaran	chr8j8r8n	ចរាចរណ៍	traffic
chraachrn	chr8chrn	ចរាចរណ៍	traffic
chraachron	chr8chr8n	ចរាចរណ៍	traffic
chraachran	chr8chr8n	ចរាចរណ៍	traffic
chraachorn	chr8ch8rn	ចរាចរណ៍	traffic
chraachoron	chr8ch8r8n	ចរាចរណ៍	traffic
chraachoran	chr8ch8r8n	ចរាចរណ៍	traffic
chraacharn	chr8ch8rn	ចរាចរណ៍	traffic
chraacharon	chr8ch8r8n	ចរាចរណ៍	traffic
chraacharan	chr8ch8r8n	ចរាចរណ៍	traffic
chraajrn	chr8jrn	ចរាចរណ៍	traffic
chraajron	chr8jr8n	ចរាចរណ៍	traffic
chraajran	chr8jr8n	ចរាចរណ៍	traffic
chraajorn	chr8j8rn	ចរាចរណ៍	traffic
chraajoron	chr8j8r8n	ចរាចរណ៍	traffic
chraajoran	chr8j8r8n	ចរាចរណ៍	traffic
chraajarn	chr8j8rn	ចរាចរណ៍	traffic
chraajaron	chr8j8r8n	ចរាចរណ៍	traffic
chraajaran	chr8j8r8n	ចរាចរណ៍	traffic
chorachrn	ch8r8chrn	ចរាចរណ៍	traffic
chorachron	ch8r8chr8n	ចរាចរណ៍	traffic
chorachran	ch8r8chr8n	ចរាចរណ៍	traffic
chorachorn	ch8r8ch8rn	ចរាចរណ៍	traffic
chorachoron	ch8r8ch8r8n	ចរាចរណ៍	traffic
chorachoran	ch8r8ch8r8n	ចរាចរណ៍	traffic
choracharn	ch8r8ch8rn	ចរាចរណ៍	traffic
choracharon	ch8r8ch8r8n	ចរាចរណ៍	traffic
choracharan	ch8r8ch8r8n	ចរាចរណ៍	traffic
chorajrn	ch8r8jrn	ចរាចរណ៍	traffic
chorajron	ch8r8jr8n	ចរាចរណ៍	traffic
chorajran	ch8r8jr8n	ចរាចរណ៍	traffic
chorajorn	ch8r8j8rn	ចរាចរណ៍	traffic
chorajoron	ch8r8j8r8n	ចរាចរណ៍	traffic
chorajoran	ch8r8j8r8n	ចរាចរណ៍	traffic
chorajarn	ch8r8j8rn	ចរាចរណ៍	traffic
chorajaron	ch8r8j8r8n	ចរាចរណ៍	traffic
chorajaran	ch8r8j8r8n	ចរាចរណ៍	traffic
choreachrn	ch8r8chrn	ចរាចរណ៍	traffic
choreachron	ch8r8chr8n	ចរាចរណ៍	traffic
choreachran	ch8r8chr8n	ចរាចរណ៍	traffic
choreachorn	ch8r8ch8rn	ចរាចរណ៍	traffic
choreachoron	ch8r8ch8r8n	ចរាចរណ៍	traffic
choreachoran	ch8r8ch8r8n	ចរាចរណ៍	traffic
choreacharn	ch8r8ch8rn	ចរាចរណ៍	traffic
choreacharon	ch8r8ch8r8n	ចរាចរណ៍	traffic
choreacharan	ch8r8ch8r8n	ចរាចរណ៍	traffic
choreajrn	ch8r8jrn	ចរាចរណ៍	traffic
choreajron	ch8r8jr8n	ចរាចរណ៍	traffic
choreajran	ch8r8jr8n	ចរាចរណ៍	traffic
choreajorn	ch8r8j8rn	ចរាចរណ៍	traffic
choreajoron	ch8r8j8r8n	ចរាចរណ៍	traffic
choreajoran	ch8r8j8r8n	ចរាចរណ៍	traffic
choreajarn	ch8r8j8rn	ចរាចរណ៍	traffic
choreajaron	ch8r8j8r8n	ចរាចរណ៍	traffic
choreajaran	ch8r8j8r8n	ចរាចរណ៍	traffic
choraachrn	ch8r8chrn	ចរាចរណ៍	traffic
choraachron	ch8r8chr8n	ចរាចរណ៍	traffic
choraachran	ch8r8chr8n	ចរាចរណ៍	traffic
choraachorn	ch8r8ch8rn	ចរាចរណ៍	traffic
choraachoron	ch8r8ch8r8n	ចរាចរណ៍	traffic
choraachoran	ch8r8ch8r8n	ចរាចរណ៍	traffic
choraacharn	ch8r8ch8rn	ចរាចរណ៍	traffic
choraacharon	ch8r8ch8r8n	ចរាចរណ៍	traffic
choraacharan	ch8r8ch8r8n	ចរាចរណ៍	traffic
choraajrn	ch8r8jrn	ចរាចរណ៍	traffic
choraajron	ch8r8jr8n	ចរាចរណ៍	traffic
choraajran	ch8r8jr8n	ចរាចរណ៍	traffic
choraajorn	ch8r8j8rn	ចរាចរណ៍	traffic
choraajoron	ch8r8j8r8n	ចរាចរណ៍	traffic
choraajoran	ch8r8j8r8n	ចរាចរណ៍	traffic
choraajarn	ch8r8j8rn	ចរាចរណ៍	traffic
choraajaron	ch8r8j8r8n	ចរាចរណ៍	traffic
choraajaran	ch8r8j8r8n	ចរាចរណ៍	traffic
charachrn	ch8r8chrn	ចរាចរណ៍	traffic
charachron	ch8r8chr8n	ចរាចរណ៍	traffic
charachran	ch8r8chr8n	ចរាចរណ៍	traffic
charachorn	ch8r8ch8rn	ចរាចរណ៍	traffic
charachoron	ch8r8ch8r8n	ចរាចរណ៍	traffic
charachoran	ch8r8ch8r8n	ចរាចរណ៍	traffic
characharn	ch8r8ch8rn	ចរាចរណ៍	traffic
characharon	ch8r8ch8r8n	ចរាចរណ៍	traffic
characharan	ch8r8ch8r8n	ចរាចរណ៍	traffic
charajrn	ch8r8jrn	ចរាចរណ៍	traffic
charajron	ch8r8jr8n	ចរាចរណ៍	traffic
charajran	ch8r8jr8n	ចរាចរណ៍	traffic
charachar	ch8r8ch8r	ចរាចរណ៍	traffic
chorachor	ch8r8ch8r	ចរាចរណ៍	traffic
lbuen	lb8n	ល្បឿន	speed
lbuean	lb8n	ល្បឿន	speed
lboean	lb8n	ល្បឿន	speed
lpuen	lp8n	ល្បឿន	speed
lpuean	lp8n	ល្បឿន	speed
lpoean	lp8n	ល្បឿន	speed
lbuon	lb8n	ល្បឿន	speed
lbeun	lb8n	ល្បឿន	speed
muoy	m8	មួយ	one
muay	m8	មួយ	one
muy	m8	មួយ	one
mouy	m8	មួយ	one
peyr	p8r	ពីរ	two
pir	p8r	ពីរ	two
piir	p8r	ពីរ	two
beyr	b8r	ពីរ	two
bir	b8r	ពីរ	two
biir	b8r	ពីរ	two
pi	p8	ពីរ	two
py	p8	ពីរ	two
bey	b8	បី	three
bi	b8	បី	three
bii	b8	បី	three
pey	p8	បី	three
pi	p8	បី	three
pii	p8	បី	three
bei	b8	បី	three
buon	b8n	បួន	four
buan	b8n	បួន	four
bun	b8n	បួន	four
puon	p8n	បួន	four
puan	p8n	បួន	four
pun	p8n	បួន	four
boun	b8n	បួន	four
braam	br8m	ប្រាំ	five
braom	br8m	ប្រាំ	five
braum	br8m	ប្រាំ	five
breaam	br8m	ប្រាំ	five
breaom	br8m	ប្រាំ	five
breaum	br8m	ប្រាំ	five
braaam	br8m	ប្រាំ	five
braaom	br8m	ប្រាំ	five
braaum	br8m	ប្រាំ	five
praam	pr8m	ប្រាំ	five
praom	pr8m	ប្រាំ	five
praum	pr8m	ប្រាំ	five
preaam	pr8m	ប្រាំ	five
preaom	pr8m	ប្រាំ	five
preaum	pr8m	ប្រាំ	five
praaam	pr8m	ប្រាំ	five
praaom	pr8m	ប្រាំ	five
praaum	pr8m	ប្រាំ	five
pram	pr8m	ប្រាំ	five
bram	br8m	ប្រាំ	five
braammuoy	br8mm8	ប្រាំមួយ	six
braammuay	br8mm8	ប្រាំមួយ	six
braammuy	br8mm8	ប្រាំមួយ	six
braommuoy	br8mm8	ប្រាំមួយ	six
braommuay	br8mm8	ប្រាំមួយ	six
braommuy	br8mm8	ប្រាំមួយ	six
braummuoy	br8mm8	ប្រាំមួយ	six
braummuay	br8mm8	ប្រាំមួយ	six
braummuy	br8mm8	ប្រាំមួយ	six
breaammuoy	br8mm8	ប្រាំមួយ	six
breaammuay	br8mm8	ប្រាំមួយ	six
breaammuy	br8mm8	ប្រាំមួយ	six
breaommuoy	br8mm8	ប្រាំមួយ	six
breaommuay	br8mm8	ប្រាំមួយ	six
breaommuy	br8mm8	ប្រាំមួយ	six
breaummuoy	br8mm8	ប្រាំមួយ	six
breaummuay	br8mm8	ប្រាំមួយ	six
breaummuy	br8mm8	ប្រាំមួយ	six
braaammuoy	br8mm8	ប្រាំមួយ	six
braaammuay	br8mm8	ប្រាំមួយ	six
braaammuy	br8mm8	ប្រាំមួយ	six
braaommuoy	br8mm8	ប្រាំមួយ	six
braaommuay	br8mm8	ប្រាំមួយ	six
braaommuy	br8mm8	ប្រាំមួយ	six
braaummuoy	br8mm8	ប្រាំមួយ	six
braaummuay	br8mm8	ប្រាំមួយ	six
braaummuy	br8mm8	ប្រាំមួយ	six
praammuoy	pr8mm8	ប្រាំមួយ	six
praammuay	pr8mm8	ប្រាំមួយ	six
praammuy	pr8mm8	ប្រាំមួយ	six
praommuoy	pr8mm8	ប្រាំមួយ	six
praommuay	pr8mm8	ប្រាំមួយ	six
praommuy	pr8mm8	ប្រាំមួយ	six
praummuoy	pr8mm8	ប្រាំមួយ	six
praummuay	pr8mm8	ប្រាំមួយ	six
praummuy	pr8mm8	ប្រាំមួយ	six
preaammuoy	pr8mm8	ប្រាំមួយ	six
preaammuay	pr8mm8	ប្រាំមួយ	six
preaammuy	pr8mm8	ប្រាំមួយ	six
preaommuoy	pr8mm8	ប្រាំមួយ	six
preaommuay	pr8mm8	ប្រាំមួយ	six
preaommuy	pr8mm8	ប្រាំមួយ	six
preaummuoy	pr8mm8	ប្រាំមួយ	six
preaummuay	pr8mm8	ប្រាំមួយ	six
preaummuy	pr8mm8	ប្រាំមួយ	six
praaammuoy	pr8mm8	ប្រាំមួយ	six
praaammuay	pr8mm8	ប្រាំមួយ	six
praaammuy	pr8mm8	ប្រាំមួយ	six
praaommuoy	pr8mm8	ប្រាំមួយ	six
praaommuay	pr8mm8	ប្រាំមួយ	six
praaommuy	pr8mm8	ប្រាំមួយ	six
praaummuoy	pr8mm8	ប្រាំមួយ	six
praaummuay	pr8mm8	ប្រាំមួយ	six
praaummuy	pr8mm8	ប្រាំមួយ	six
prammuoy	pr8mm8	ប្រាំមួយ	six
prammuy	pr8mm8	ប្រាំមួយ	six
braampeyr	br8mp8r	ប្រាំពីរ	seven
braampir	br8mp8r	ប្រាំពីរ	seven
braampiir	br8mp8r	ប្រាំពីរ	seven
braambeyr	br8mb8r	ប្រាំពីរ	seven
braambir	br8mb8r	ប្រាំពីរ	seven
braambiir	br8mb8r	ប្រាំពីរ	seven
braompeyr	br8mp8r	ប្រាំពីរ	seven
braompir	br8mp8r	ប្រាំពីរ	seven
braompiir	br8mp8r	ប្រាំពីរ	seven
braombeyr	br8mb8r	ប្រាំពីរ	seven
braombir	br8mb8r	ប្រាំពីរ	seven
braombiir	br8mb8r	ប្រាំពីរ	seven
braumpeyr	br8mp8r	ប្រាំពីរ	seven
braumpir	br8mp8r	ប្រាំពីរ	seven
braumpiir	br8mp8r	ប្រាំពីរ	seven
braumbeyr	br8mb8r	ប្រាំពីរ	seven
braumbir	br8mb8r	ប្រាំពីរ	seven
braumbiir	br8mb8r	ប្រាំពីរ	seven
breaampeyr	br8mp8r	ប្រាំពីរ	seven
breaampir	br8mp8r	ប្រាំពីរ	seven
breaampiir	br8mp8r	ប្រាំពីរ	seven
breaambeyr	br8mb8r	ប្រាំពីរ	seven
breaambir	br8mb8r	ប្រាំពីរ	seven
breaambiir	br8mb8r	ប្រាំពីរ	seven
breaompeyr	br8mp8r	ប្រាំពីរ	seven
breaompir	br8mp8r	ប្រាំពីរ	seven
breaompiir	br8mp8r	ប្រាំពីរ	seven
breaombeyr	br8mb8r	ប្រាំពីរ	seven
breaombir	br8mb8r	ប្រាំពីរ	seven
breaombiir	br8mb8r	ប្រាំពីរ	seven
breaumpeyr	br8mp8r	ប្រាំពីរ	seven
breaumpir	br8mp8r	ប្រាំពីរ	seven
breaumpiir	br8mp8r	ប្រាំពីរ	seven
breaumbeyr	br8mb8r	ប្រាំពីរ	seven
breaumbir	br8mb8r	ប្រាំពីរ	seven
breaumbiir	br8mb8r	ប្រាំពីរ	seven
braaampeyr	br8mp8r	ប្រាំពីរ	seven
braaampir	br8mp8r	ប្រាំពីរ	seven
braaampiir	br8mp8r	ប្រាំពីរ	seven
braaambeyr	br8mb8r	ប្រាំពីរ	seven
braaambir	br8mb8r	ប្រាំពីរ	seven
braaambiir	br8mb8r	ប្រាំពីរ	seven
braaompeyr	br8mp8r	ប្រាំពីរ	seven
braaompir	br8mp8r	ប្រាំពីរ	seven
braaompiir	br8mp8r	ប្រាំពីរ	seven
braaombeyr	br8mb8r	ប្រាំពីរ	seven
braaombir	br8mb8r	ប្រាំពីរ	seven
braaombiir	br8mb8r	ប្រាំពីរ	seven
braaumpeyr	br8mp8r	ប្រាំពីរ	seven
braaumpir	br8mp8r	ប្រាំពីរ	seven
braaumpiir	br8mp8r	ប្រាំពីរ	seven
braaumbeyr	br8mb8r	ប្រាំពីរ	seven
braaumbir	br8mb8r	ប្រាំពីរ	seven
braaumbiir	br8mb8r	ប្រាំពីរ	seven
praampeyr	pr8mp8r	ប្រាំពីរ	seven
praampir	pr8mp8r	ប្រាំពីរ	seven
praampiir	pr8mp8r	ប្រាំពីរ	seven
praambeyr	pr8mb8r	ប្រាំពីរ	seven
praambir	pr8mb8r	ប្រាំពីរ	seven
praambiir	pr8mb8r	ប្រាំពីរ	seven
praompeyr	pr8mp8r	ប្រាំពីរ	seven
praompir	pr8mp8r	ប្រាំពីរ	seven
praompiir	pr8mp8r	ប្រាំពីរ	seven
praombeyr	pr8mb8r	ប្រាំពីរ	seven
praombir	pr8mb8r	ប្រាំពីរ	seven
praombiir	pr8mb8r	ប្រាំពីរ	seven
praumpeyr	pr8mp8r	ប្រាំពីរ	seven
praumpir	pr8mp8r	ប្រាំពីរ	seven
praumpiir	pr8mp8r	ប្រាំពីរ	seven
praumbeyr	pr8mb8r	ប្រាំពីរ	seven
praumbir	pr8mb8r	ប្រាំពីរ	seven
praumbiir	pr8mb8r	ប្រាំពីរ	seven
preaampeyr	pr8mp8r	ប្រាំពីរ	seven
preaampir	pr8mp8r	ប្រាំពីរ	seven
preaampiir	pr8mp8r	ប្រាំពីរ	seven
preaambeyr	pr8mb8r	ប្រាំពីរ	seven
preaambir	pr8mb8r	ប្រាំពីរ	seven
preaambiir	pr8mb8r	ប្រាំពីរ	seven
preaompeyr	pr8mp8r	ប្រាំពីរ	seven
preaompir	pr8mp8r	ប្រាំពីរ	seven
preaompiir	pr8mp8r	ប្រាំពីរ	seven
preaombeyr	pr8mb8r	ប្រាំពីរ	seven
preaombir	pr8mb8r	ប្រាំពីរ	seven
preaombiir	pr8mb8r	ប្រាំពីរ	seven
preaumpeyr	pr8mp8r	ប្រាំពីរ	seven
preaumpir	pr8mp8r	ប្រាំពីរ	seven
preaumpiir	pr8mp8r	ប្រាំពីរ	seven
preaumbeyr	pr8mb8r	ប្រាំពីរ	seven
preaumbir	pr8mb8r	ប្រាំពីរ	seven
preaumbiir	pr8mb8r	ប្រាំពីរ	seven
praaampeyr	pr8mp8r	ប្រាំពីរ	seven
praaampir	pr8mp8r	ប្រាំពីរ	seven
praaampiir	pr8mp8r	ប្រាំពីរ	seven
praaambeyr	pr8mb8r	ប្រាំពីរ	seven
praaambir	pr8mb8r	ប្រាំពីរ	seven
praaambiir	pr8mb8r	ប្រាំពីរ	seven
praaompeyr	pr8mp8r	ប្រាំពីរ	seven
praaompir	pr8mp8r	ប្រាំពីរ	seven
praaompiir	pr8mp8r	ប្រាំពីរ	seven
praaombeyr	pr8mb8r	ប្រាំពីរ	seven
praaombir	pr8mb8r	ប្រាំពីរ	seven
praaombiir	pr8mb8r	ប្រាំពីរ	seven
praaumpeyr	pr8mp8r	ប្រាំពីរ	seven
praaumpir	pr8mp8r	ប្រាំពីរ	seven
praaumpiir	pr8mp8r	ប្រាំពីរ	seven
praaumbeyr	pr8mb8r	ប្រាំពីរ	seven
praaumbir	pr8mb8r	ប្រាំពីរ	seven
praaumbiir	pr8mb8r	ប្រាំពីរ	seven
prampi	pr8mp8	ប្រាំពីរ	seven
prampir	pr8mp8r	ប្រាំពីរ	seven
braambey	br8mb8	ប្រាំបី	eight
braambi	br8mb8	ប្រាំបី	eight
braambii	br8mb8	ប្រាំបី	eight
braampey	br8mp8	ប្រាំបី	eight
braampi	br8mp8	ប្រាំបី	eight
braampii	br8mp8	ប្រាំបី	eight
braombey	br8mb8	ប្រាំបី	eight
braombi	br8mb8	ប្រាំបី	eight
braombii	br8mb8	ប្រាំបី	eight
braompey	br8mp8	ប្រាំបី	eight
braompi	br8mp8	ប្រាំបី	eight
braompii	br8mp8	ប្រាំបី	eight
braumbey	br8mb8	ប្រាំបី	eight
braumbi	br8mb8	ប្រាំបី	eight
braumbii	br8mb8	ប្រាំបី	eight
braumpey	br8mp8	ប្រាំបី	eight
braumpi	br8mp8	ប្រាំបី	eight
braumpii	br8mp8	ប្រាំបី	eight
breaambey	br8mb8	ប្រាំបី	eight
breaambi	br8mb8	ប្រាំបី	eight
breaambii	br8mb8	ប្រាំបី	eight
breaampey	br8mp8	ប្រាំបី	eight
breaampi	br8mp8	ប្រាំបី	eight
breaampii	br8mp8	ប្រាំបី	eight
breaombey	br8mb8	ប្រាំបី	eight
breaombi	br8mb8	ប្រាំបី	eight
breaombii	br8mb8	ប្រាំបី	eight
breaompey	br8mp8	ប្រាំបី	eight
breaompi	br8mp8	ប្រាំបី	eight
breaompii	br8mp8	ប្រាំបី	eight
breaumbey	br8mb8	ប្រាំបី	eight
breaumbi	br8mb8	ប្រាំបី	eight
breaumbii	br8mb8	ប្រាំបី	eight
breaumpey	br8mp8	ប្រាំបី	eight
breaumpi	br8mp8	ប្រាំបី	eight
breaumpii	br8mp8	ប្រាំបី	eight
braaambey	br8mb8	ប្រាំបី	eight
braaambi	br8mb8	ប្រាំបី	eight
braaambii	br8mb8	ប្រាំបី	eight
braaampey	br8mp8	ប្រាំបី	eight
braaampi	br8mp8	ប្រាំបី	eight
braaampii	br8mp8	ប្រាំបី	eight
braaombey	br8mb8	ប្រាំបី	eight
braaombi	br8mb8	ប្រាំបី	eight
braaombii	br8mb8	ប្រាំបី	eight
braaompey	br8mp8	ប្រាំបី	eight
braaompi	br8mp8	ប្រាំបី	eight
braaompii	br8mp8	ប្រាំបី	eight
braaumbey	br8mb8	ប្រាំបី	eight
braaumbi	br8mb8	ប្រាំបី	eight
braaumbii	br8mb8	ប្រាំបី	eight
braaumpey	br8mp8	ប្រាំបី	eight
braaumpi	br8mp8	ប្រាំបី	eight
braaumpii	br8mp8	ប្រាំបី	eight
praambey	pr8mb8	ប្រាំបី	eight
praambi	pr8mb8	ប្រាំបី	eight
praambii	pr8mb8	ប្រាំបី	eight
praampey	pr8mp8	ប្រាំបី	eight
praampi	pr8mp8	ប្រាំបី	eight
praampii	pr8mp8	ប្រាំបី	eight
praombey	pr8mb8	ប្រាំបី	eight
praombi	pr8mb8	ប្រាំបី	eight
praombii	pr8mb8	ប្រាំបី	eight
praompey	pr8mp8	ប្រាំបី	eight
praompi	pr8mp8	ប្រាំបី	eight
praompii	pr8mp8	ប្រាំបី	eight
praumbey	pr8mb8	ប្រាំបី	eight
praumbi	pr8mb8	ប្រាំបី	eight
praumbii	pr8mb8	ប្រាំបី	eight
praumpey	pr8mp8	ប្រាំបី	eight
praumpi	pr8mp8	ប្រាំបី	eight
praumpii	pr8mp8	ប្រាំបី	eight
preaambey	pr8mb8	ប្រាំបី	eight
preaambi	pr8mb8	ប្រាំបី	eight
preaambii	pr8mb8	ប្រាំបី	eight
preaampey	pr8mp8	ប្រាំបី	eight
preaampi	pr8mp8	ប្រាំបី	eight
preaampii	pr8mp8	ប្រាំបី	eight
preaombey	pr8mb8	ប្រាំបី	eight
preaombi	pr8mb8	ប្រាំបី	eight
preaombii	pr8mb8	ប្រាំបី	eight
preaompey	pr8mp8	ប្រាំបី	eight
preaompi	pr8mp8	ប្រាំបី	eight
preaompii	pr8mp8	ប្រាំបី	eight
preaumbey	pr8mb8	ប្រាំបី	eight
preaumbi	pr8mb8	ប្រាំបី	eight
preaumbii	pr8mb8	ប្រាំបី	eight
preaumpey	pr8mp8	ប្រាំបី	eight
preaumpi	pr8mp8	ប្រាំបី	eight
preaumpii	pr8mp8	ប្រាំបី	eight
praaambey	pr8mb8	ប្រាំបី	eight
praaambi	pr8mb8	ប្រាំបី	eight
praaambii	pr8mb8	ប្រាំបី	eight
praaampey	pr8mp8	ប្រាំបី	eight
praaampi	pr8mp8	ប្រាំបី	eight
praaampii	pr8mp8	ប្រាំបី	eight
praaombey	pr8mb8	ប្រាំបី	eight
praaombi	pr8mb8	ប្រាំបី	eight
praaombii	pr8mb8	ប្រាំបី	eight
praaompey	pr8mp8	ប្រាំបី	eight
praaompi	pr8mp8	ប្រាំបី	eight
praaompii	pr8mp8	ប្រាំបី	eight
praaumbey	pr8mb8	ប្រាំបី	eight
praaumbi	pr8mb8	ប្រាំបី	eight
praaumbii	pr8mb8	ប្រាំបី	eight
praaumpey	pr8mp8	ប្រាំបី	eight
praaumpi	pr8mp8	ប្រាំបី	eight
praaumpii	pr8mp8	ប្រាំបី	eight
prambey	pr8mb8	ប្រាំបី	eight
prambei	pr8mb8	ប្រាំបី	eight
braambuon	br8mb8n	ប្រាំបួន	nine
braambuan	br8mb8n	ប្រាំបួន	nine
braambun	br8mb8n	ប្រាំបួន	nine
braampuon	br8mp8n	ប្រាំបួន	nine
braampuan	br8mp8n	ប្រាំបួន	nine
braampun	br8mp8n	ប្រាំបួន	nine
braombuon	br8mb8n	ប្រាំបួន	nine
braombuan	br8mb8n	ប្រាំបួន	nine
braombun	br8mb8n	ប្រាំបួន	nine
braompuon	br8mp8n	ប្រាំបួន	nine
braompuan	br8mp8n	ប្រាំបួន	nine
braompun	br8mp8n	ប្រាំបួន	nine
braumbuon	br8mb8n	ប្រាំបួន	nine
braumbuan	br8mb8n	ប្រាំបួន	nine
braumbun	br8mb8n	ប្រាំបួន	nine
braumpuon	br8mp8n	ប្រាំបួន	nine
braumpuan	br8mp8n	ប្រាំបួន	nine
braumpun	br8mp8n	ប្រាំបួន	nine
breaambuon	br8mb8n	ប្រាំបួន	nine
breaambuan	br8mb8n	ប្រាំបួន	nine
breaambun	br8mb8n	ប្រាំបួន	nine
breaampuon	br8mp8n	ប្រាំបួន	nine
breaampuan	br8mp8n	ប្រាំបួន	nine
breaampun	br8mp8n	ប្រាំបួន	nine
breaombuon	br8mb8n	ប្រាំបួន	nine
breaombuan	br8mb8n	ប្រាំបួន	nine
breaombun	br8mb8n	ប្រាំបួន	nine
breaompuon	br8mp8n	ប្រាំបួន	nine
breaompuan	br8mp8n	ប្រាំបួន	nine
breaompun	br8mp8n	ប្រាំបួន	nine
breaumbuon	br8mb8n	ប្រាំបួន	nine
breaumbuan	br8mb8n	ប្រាំបួន	nine
breaumbun	br8mb8n	ប្រាំបួន	nine
breaumpuon	br8mp8n	ប្រាំបួន	nine
breaumpuan	br8mp8n	ប្រាំបួន	nine
breaumpun	br8mp8n	ប្រាំបួន	nine
braaambuon	br8mb8n	ប្រាំបួន	nine
braaambuan	br8mb8n	ប្រាំបួន	nine
braaambun	br8mb8n	ប្រាំបួន	nine
braaampuon	br8mp8n	ប្រាំបួន	nine
braaampuan	br8mp8n	ប្រាំបួន	nine
braaampun	br8mp8n	ប្រាំបួន	nine
braaombuon	br8mb8n	ប្រាំបួន	nine
braaombuan	br8mb8n	ប្រាំបួន	nine
braaombun	br8mb8n	ប្រាំបួន	nine
braaompuon	br8mp8n	ប្រាំបួន	nine
braaompuan	br8mp8n	ប្រាំបួន	nine
braaompun	br8mp8n	ប្រាំបួន	nine
braaumbuon	br8mb8n	ប្រាំបួន	nine
braaumbuan	br8mb8n	ប្រាំបួន	nine
braaumbun	br8mb8n	ប្រាំបួន	nine
braaumpuon	br8mp8n	ប្រាំបួន	nine
braaumpuan	br8mp8n	ប្រាំបួន	nine
braaumpun	br8mp8n	ប្រាំបួន	nine
praambuon	pr8mb8n	ប្រាំបួន	nine
praambuan	pr8mb8n	ប្រាំបួន	nine
praambun	pr8mb8n	ប្រាំបួន	nine
praampuon	pr8mp8n	ប្រាំបួន	nine
praampuan	pr8mp8n	ប្រាំបួន	nine
praampun	pr8mp8n	ប្រាំបួន	nine
praombuon	pr8mb8n	ប្រាំបួន	nine
praombuan	pr8mb8n	ប្រាំបួន	nine
praombun	pr8mb8n	ប្រាំបួន	nine
praompuon	pr8mp8n	ប្រាំបួន	nine
praompuan	pr8mp8n	ប្រាំបួន	nine
praompun	pr8mp8n	ប្រាំបួន	nine
praumbuon	pr8mb8n	ប្រាំបួន	nine
praumbuan	pr8mb8n	ប្រាំបួន	nine
praumbun	pr8mb8n	ប្រាំបួន	nine
praumpuon	pr8mp8n	ប្រាំបួន	nine
praumpuan	pr8mp8n	ប្រាំបួន	nine
praumpun	pr8mp8n	ប្រាំបួន	nine
preaambuon	pr8mb8n	ប្រាំបួន	nine
preaambuan	pr8mb8n	ប្រាំបួន	nine
preaambun	pr8mb8n	ប្រាំបួន	nine
preaampuon	pr8mp8n	ប្រាំបួន	nine
preaampuan	pr8mp8n	ប្រាំបួន	nine
preaampun	pr8mp8n	ប្រាំបួន	nine
preaombuon	pr8mb8n	ប្រាំបួន	nine
preaombuan	pr8mb8n	ប្រាំបួន	nine
preaombun	pr8mb8n	ប្រាំបួន	nine
preaompuon	pr8mp8n	ប្រាំបួន	nine
preaompuan	pr8mp8n	ប្រាំបួន	nine
preaompun	pr8mp8n	ប្រាំបួន	nine
preaumbuon	pr8mb8n	ប្រាំបួន	nine
preaumbuan	pr8mb8n	ប្រាំបួន	nine
preaumbun	pr8mb8n	ប្រាំបួន	nine
preaumpuon	pr8mp8n	ប្រាំបួន	nine
preaumpuan	pr8mp8n	ប្រាំបួន	nine
preaumpun	pr8mp8n	ប្រាំបួន	nine
praaambuon	pr8mb8n	ប្រាំបួន	nine
praaambuan	pr8mb8n	ប្រាំបួន	nine
praaambun	pr8mb8n	ប្រាំបួន	nine
praaampuon	pr8mp8n	ប្រាំបួន	nine
praaampuan	pr8mp8n	ប្រាំបួន	nine
praaampun	pr8mp8n	ប្រាំបួន	nine
praaombuon	pr8mb8n	ប្រាំបួន	nine
praaombuan	pr8mb8n	ប្រាំបួន	nine
praaombun	pr8mb8n	ប្រាំបួន	nine
praaompuon	pr8mp8n	ប្រាំបួន	nine
praaompuan	pr8mp8n	ប្រាំបួន	nine
praaompun	pr8mp8n	ប្រាំបួន	nine
praaumbuon	pr8mb8n	ប្រាំបួន	nine
praaumbuan	pr8mb8n	ប្រាំបួន	nine
praaumbun	pr8mb8n	ប្រាំបួន	nine
praaumpuon	pr8mp8n	ប្រាំបួន	nine
praaumpuan	pr8mp8n	ប្រាំបួន	nine
praaumpun	pr8mp8n	ប្រាំបួន	nine
prambuon	pr8mb8n	ប្រាំបួន	nine
pramboun	pr8mb8n	ប្រាំបួន	nine
db	db	ដប់	ten
db'	db'	ដប់	ten
dp	dp	ដប់	ten
dp'	dp'	ដប់	ten
dob	d8b	ដប់	ten
dob'	d8b'	ដប់	ten
dop	d8p	ដប់	ten
dop'	d8p'	ដប់	ten
dab	d8b	ដប់	ten
dab'	d8b'	ដប់	ten
dap	d8p	ដប់	ten
dap'	d8p'	ដប់	ten
mphai	mph8	ម្ភៃ	twenty
mphey	mph8	ម្ភៃ	twenty
mphei	mph8	ម្ភៃ	twenty
mbhai	mbh8	ម្ភៃ	twenty
mbhey	mbh8	ម្ភៃ	twenty
mbhei	mbh8	ម្ភៃ	twenty
mpei	mp8	ម្ភៃ	twenty
mapei	m8p8	ម្ភៃ	twenty
samsib	s8ms8b	សាមសិប	thirty
samsip	s8ms8p	សាមសិប	thirty
samseb	s8ms8b	សាមសិប	thirty
samsep	s8ms8p	សាមសិប	thirty
samosib	s8m8s8b	សាមសិប	thirty
samosip	s8m8s8p	សាមសិប	thirty
samoseb	s8m8s8b	សាមសិប	thirty
samosep	s8m8s8p	សាមសិប	thirty
samasib	s8m8s8b	សាមសិប	thirty
samasip	s8m8s8p	សាមសិប	thirty
samaseb	s8m8s8b	សាមសិប	thirty
samasep	s8m8s8p	សាមសិប	thirty
seamsib	s8ms8b	សាមសិប	thirty
seamsip	s8ms8p	សាមសិប	thirty
seamseb	s8ms8b	សាមសិប	thirty
seamsep	s8ms8p	សាមសិប	thirty
seamosib	s8m8s8b	សាមសិប	thirty
seamosip	s8m8s8p	សាមសិប	thirty
seamoseb	s8m8s8b	សាមសិប	thirty
seamosep	s8m8s8p	សាមសិប	thirty
seamasib	s8m8s8b	សាមសិប	thirty
seamasip	s8m8s8p	សាមសិប	thirty
seamaseb	s8m8s8b	សាមសិប	thirty
seamasep	s8m8s8p	សាមសិប	thirty
saamsib	s8ms8b	សាមសិប	thirty
saamsip	s8ms8p	សាមសិប	thirty
saamseb	s8ms8b	សាមសិប	thirty
saamsep	s8ms8p	សាមសិប	thirty
saamosib	s8m8s8b	សាមសិប	thirty
saamosip	s8m8s8p	សាមសិប	thirty
saamoseb	s8m8s8b	សាមសិប	thirty
saamosep	s8m8s8p	សាមសិប	thirty
saamasib	s8m8s8b	សាមសិប	thirty
saamasip	s8m8s8p	សាមសិប	thirty
saamaseb	s8m8s8b	សាមសិប	thirty
saamasep	s8m8s8p	សាមសិប	thirty
saesib	s8s8b	សែសិប	forty
saesip	s8s8p	សែសិប	forty
saeseb	s8s8b	សែសិប	forty
saesep	s8s8p	សែសិប	forty
sesib	s8s8b	សែសិប	forty
sesip	s8s8p	សែសិប	forty
seseb	s8s8b	សែសិប	forty
sesep	s8s8p	សែសិប	forty
seasib	s8s8b	សែសិប	forty
seasip	s8s8p	សែសិប	forty
seaseb	s8s8b	សែសិប	forty
seasep	s8s8p	សែសិប	forty
hasib	h8s8b	ហាសិប	fifty
hasip	h8s8p	ហាសិប	fifty
haseb	h8s8b	ហាសិប	fifty
hasep	h8s8p	ហាសិប	fifty
heasib	h8s8b	ហាសិប	fifty
heasip	h8s8p	ហាសិប	fifty
heaseb	h8s8b	ហាសិប	fifty
heasep	h8s8p	ហាសិប	fifty
haasib	h8s8b	ហាសិប	fifty
haasip	h8s8p	ហាសិប	fifty
haaseb	h8s8b	ហាសិប	fifty
haasep	h8s8p	ហាសិប	fifty
huksib	h8ks8b	ហុកសិប	sixty
huksip	h8ks8p	ហុកសិប	sixty
hukseb	h8ks8b	ហុកសិប	sixty
huksep	h8ks8p	ហុកសិប	sixty
hukosib	h8k8s8b	ហុកសិប	sixty
hukosip	h8k8s8p	ហុកសិប	sixty
hukoseb	h8k8s8b	ហុកសិប	sixty
hukosep	h8k8s8p	ហុកសិប	sixty
hukasib	h8k8s8b	ហុកសិប	sixty
hukasip	h8k8s8p	ហុកសិប	sixty
hukaseb	h8k8s8b	ហុកសិប	sixty
hukasep	h8k8s8p	ហុកសិប	sixty
hoksib	h8ks8b	ហុកសិប	sixty
hoksip	h8ks8p	ហុកសិប	sixty
hokseb	h8ks8b	ហុកសិប	sixty
hoksep	h8ks8p	ហុកសិប	sixty
hokosib	h8k8s8b	ហុកសិប	sixty
hokosip	h8k8s8p	ហុកសិប	sixty
hokoseb	h8k8s8b	ហុកសិប	sixty
hokosep	h8k8s8p	ហុកសិប	sixty
hokasib	h8k8s8b	ហុកសិប	sixty
hokasip	h8k8s8p	ហុកសិប	sixty
hokaseb	h8k8s8b	ហុកសិប	sixty
hokasep	h8k8s8p	ហុកសិប	sixty
chitsib	ch8ts8b	ចិតសិប	seventy
chitsip	ch8ts8p	ចិតសិប	seventy
chitseb	ch8ts8b	ចិតសិប	seventy
chitsep	ch8ts8p	ចិតសិប	seventy
chitosib	ch8t8s8b	ចិតសិប	seventy
chitosip	ch8t8s8p	ចិតសិប	seventy
chitoseb	ch8t8s8b	ចិតសិប	seventy
chitosep	ch8t8s8p	ចិតសិប	seventy
chitasib	ch8t8s8b	ចិតសិប	seventy
chitasip	ch8t8s8p	ចិតសិប	seventy
chitaseb	ch8t8s8b	ចិតសិប	seventy
chitasep	ch8t8s8p	ចិតសិប	seventy
chidsib	ch8ds8b	ចិតសិប	seventy
chidsip	ch8ds8p	ចិតសិប	seventy
chidseb	ch8ds8b	ចិតសិប	seventy
chidsep	ch8ds8p	ចិតសិប	seventy
chidosib	ch8d8s8b	ចិតសិប	seventy
chidosip	ch8d8s8p	ចិតសិប	seventy
chidoseb	ch8d8s8b	ចិតសិប	seventy
chidosep	ch8d8s8p	ចិតសិប	seventy
chidasib	ch8d8s8b	ចិតសិប	seventy
chidasip	ch8d8s8p	ចិតសិប	seventy
chidaseb	ch8d8s8b	ចិតសិប	seventy
chidasep	ch8d8s8p	ចិតសិប	seventy
chetsib	ch8ts8b	ចិតសិប	seventy
chetsip	ch8ts8p	ចិតសិប	seventy
chetseb	ch8ts8b	ចិតសិប	seventy
chetsep	ch8ts8p	ចិតសិប	seventy
chetosib	ch8t8s8b	ចិតសិប	seventy
chetosip	ch8t8s8p	ចិតសិប	seventy
chetoseb	ch8t8s8b	ចិតសិប	seventy
chetosep	ch8t8s8p	ចិតសិប	seventy
chetasib	ch8t8s8b	ចិតសិប	seventy
chetasip	ch8t8s8p	ចិតសិប	seventy
chetaseb	ch8t8s8b	ចិតសិប	seventy
chetasep	ch8t8s8p	ចិតសិប	seventy
chedsib	ch8ds8b	ចិតសិប	seventy
chedsip	ch8ds8p	ចិតសិប	seventy
chedseb	ch8ds8b	ចិតសិប	seventy
chedsep	ch8ds8p	ចិតសិប	seventy
chedosib	ch8d8s8b	ចិតសិប	seventy
chedosip	ch8d8s8p	ចិតសិប	seventy
chedoseb	ch8d8s8b	ចិតសិប	seventy
chedosep	ch8d8s8p	ចិតសិប	seventy
chedasib	ch8d8s8b	ចិតសិប	seventy
chedasip	ch8d8s8p	ចិតសិប	seventy
chedaseb	ch8d8s8b	ចិតសិប	seventy
chedasep	ch8d8s8p	ចិតសិប	seventy
jitsib	j8ts8b	ចិតសិប	seventy
jitsip	j8ts8p	ចិតសិប	seventy
jitseb	j8ts8b	ចិតសិប	seventy
jitsep	j8ts8p	ចិតសិប	seventy
jitosib	j8t8s8b	ចិតសិប	seventy
jitosip	j8t8s8p	ចិតសិប	seventy
jitoseb	j8t8s8b	ចិតសិប	seventy
jitosep	j8t8s8p	ចិតសិប	seventy
jitasib	j8t8s8b	ចិតសិប	seventy
jitasip	j8t8s8p	ចិតសិប	seventy
jitaseb	j8t8s8b	ចិតសិប	seventy
jitasep	j8t8s8p	ចិតសិប	seventy
jidsib	j8ds8b	ចិតសិប	seventy
jidsip	j8ds8p	ចិតសិប	seventy
jidseb	j8ds8b	ចិតសិប	seventy
jidsep	j8ds8p	ចិតសិប	seventy
jidosib	j8d8s8b	ចិតសិប	seventy
jidosip	j8d8s8p	ចិតសិប	seventy
jidoseb	j8d8s8b	ចិតសិប	seventy
jidosep	j8d8s8p	ចិតសិប	seventy
jidasib	j8d8s8b	ចិតសិប	seventy
jidasip	j8d8s8p	ចិតសិប	seventy
jidaseb	j8d8s8b	ចិតសិប	seventy
jidasep	j8d8s8p	ចិតសិប	seventy
jetsib	j8ts8b	ចិតសិប	seventy
jetsip	j8ts8p	ចិតសិប	seventy
jetseb	j8ts8b	ចិតសិប	seventy
jetsep	j8ts8p	ចិតសិប	seventy
jetosib	j8t8s8b	ចិតសិប	seventy
jetosip	j8t8s8p	ចិតសិប	seventy
jetoseb	j8t8s8b	ចិតសិប	seventy
jetosep	j8t8s8p	ចិតសិប	seventy
jetasib	j8t8s8b	ចិតសិប	seventy
jetasip	j8t8s8p	ចិតសិប	seventy
jetaseb	j8t8s8b	ចិតសិប	seventy
jetasep	j8t8s8p	ចិតសិប	seventy
jedsib	j8ds8b	ចិតសិប	seventy
jedsip	j8ds8p	ចិតសិប	seventy
jedseb	j8ds8b	ចិតសិប	seventy
jedsep	j8ds8p	ចិតសិប	seventy
jedosib	j8d8s8b	ចិតសិប	seventy
jedosip	j8d8s8p	ចិតសិប	seventy
jedoseb	j8d8s8b	ចិតសិប	seventy
jedosep	j8d8s8p	ចិតសិប	seventy
jedasib	j8d8s8b	ចិតសិប	seventy
jedasip	j8d8s8p	ចិតសិប	seventy
jedaseb	j8d8s8b	ចិតសិប	seventy
jedasep	j8d8s8p	ចិតសិប	seventy
baetsib	b8ts8b	ប៉ែតសិប	eighty
baetsip	b8ts8p	ប៉ែតសិប	eighty
baetseb	b8ts8b	ប៉ែតសិប	eighty
baetsep	b8ts8p	ប៉ែតសិប	eighty
baetosib	b8t8s8b	ប៉ែតសិប	eighty
baetosip	b8t8s8p	ប៉ែតសិប	eighty
baetoseb	b8t8s8b	ប៉ែតសិប	eighty
baetosep	b8t8s8p	ប៉ែតសិប	eighty
baetasib	b8t8s8b	ប៉ែតសិប	eighty
baetasip	b8t8s8p	ប៉ែតសិប	eighty
baetaseb	b8t8s8b	ប៉ែតសិប	eighty
baetasep	b8t8s8p	ប៉ែតសិប	eighty
baedsib	b8ds8b	ប៉ែតសិប	eighty
baedsip	b8ds8p	ប៉ែតសិប	eighty
baedseb	b8ds8b	ប៉ែតសិប	eighty
baedsep	b8ds8p	ប៉ែតសិប	eighty
baedosib	b8d8s8b	ប៉ែតសិប	eighty
baedosip	b8d8s8p	ប៉ែតសិប	eighty
baedoseb	b8d8s8b	ប៉ែតសិប	eighty
baedosep	b8d8s8p	ប៉ែតសិប	eighty
baedasib	b8d8s8b	ប៉ែតសិប	eighty
baedasip	b8d8s8p	ប៉ែតសិប	eighty
baedaseb	b8d8s8b	ប៉ែតសិប	eighty
baedasep	b8d8s8p	ប៉ែតសិប	eighty
betsib	b8ts8b	ប៉ែតសិប	eighty
betsip	b8ts8p	ប៉ែតសិប	eighty
betseb	b8ts8b	ប៉ែតសិប	eighty
betsep	b8ts8p	ប៉ែតសិប	eighty
betosib	b8t8s8b	ប៉ែតសិប	eighty
betosip	b8t8s8p	ប៉ែតសិប	eighty
betoseb	b8t8s8b	ប៉ែតសិប	eighty
betosep	b8t8s8p	ប៉ែតសិប	eighty
betasib	b8t8s8b	ប៉ែតសិប	eighty
betasip	b8t8s8p	ប៉ែតសិប	eighty
betaseb	b8t8s8b	ប៉ែតសិប	eighty
betasep	b8t8s8p	ប៉ែតសិប	eighty
bedsib	b8ds8b	ប៉ែតសិប	eighty
bedsip	b8ds8p	ប៉ែតសិប	eighty
bedseb	b8ds8b	ប៉ែតសិប	eighty
bedsep	b8ds8p	ប៉ែតសិប	eighty
bedosib	b8d8s8b	ប៉ែតសិប	eighty
bedosip	b8d8s8p	ប៉ែតសិប	eighty
bedoseb	b8d8s8b	ប៉ែតសិប	eighty
bedosep	b8d8s8p	ប៉ែតសិប	eighty
bedasib	b8d8s8b	ប៉ែតសិប	eighty
bedasip	b8d8s8p	ប៉ែតសិប	eighty
bedaseb	b8d8s8b	ប៉ែតសិប	eighty
bedasep	b8d8s8p	ប៉ែតសិប	eighty
beatsib	b8ts8b	ប៉ែតសិប	eighty
beatsip	b8ts8p	ប៉ែតសិប	eighty
beatseb	b8ts8b	ប៉ែតសិប	eighty
beatsep	b8ts8p	ប៉ែតសិប	eighty
beatosib	b8t8s8b	ប៉ែតសិប	eighty
beatosip	b8t8s8p	ប៉ែតសិប	eighty
beatoseb	b8t8s8b	ប៉ែតសិប	eighty
beatosep	b8t8s8p	ប៉ែតសិប	eighty
beatasib	b8t8s8b	ប៉ែតសិប	eighty
beatasip	b8t8s8p	ប៉ែតសិប	eighty
beataseb	b8t8s8b	ប៉ែតសិប	eighty
beatasep	b8t8s8p	ប៉ែតសិប	eighty
beadsib	b8ds8b	ប៉ែតសិប	eighty
beadsip	b8ds8p	ប៉ែតសិប	eighty
beadseb	b8ds8b	ប៉ែតសិប	eighty
beadsep	b8ds8p	ប៉ែតសិប	eighty
beadosib	b8d8s8b	ប៉ែតសិប	eighty
beadosip	b8d8s8p	ប៉ែតសិប	eighty
beadoseb	b8d8s8b	ប៉ែតសិប	eighty
beadosep	b8d8s8p	ប៉ែតសិប	eighty
beadasib	b8d8s8b	ប៉ែតសិប	eighty
beadasip	b8d8s8p	ប៉ែតសិប	eighty
beadaseb	b8d8s8b	ប៉ែតសិប	eighty
beadasep	b8d8s8p	ប៉ែតសិប	eighty
paetsib	p8ts8b	ប៉ែតសិប	eighty
paetsip	p8ts8p	ប៉ែតសិប	eighty
paetseb	p8ts8b	ប៉ែតសិប	eighty
paetsep	p8ts8p	ប៉ែតសិប	eighty
paetosib	p8t8s8b	ប៉ែតសិប	eighty
paetosip	p8t8s8p	ប៉ែតសិប	eighty
paetoseb	p8t8s8b	ប៉ែតសិប	eighty
paetosep	p8t8s8p	ប៉ែតសិប	eighty
paetasib	p8t8s8b	ប៉ែតសិប	eighty
paetasip	p8t8s8p	ប៉ែតសិប	eighty
paetaseb	p8t8s8b	ប៉ែតសិប	eighty
paetasep	p8t8s8p	ប៉ែតសិប	eighty
paedsib	p8ds8b	ប៉ែតសិប	eighty
paedsip	p8ds8p	ប៉ែតសិប	eighty
paedseb	p8ds8b	ប៉ែតសិប	eighty
paedsep	p8ds8p	ប៉ែតសិប	eighty
paedosib	p8d8s8b	ប៉ែតសិប	eighty
paedosip	p8d8s8p	ប៉ែតសិប	eighty
paedoseb	p8d8s8b	ប៉ែតសិប	eighty
paedosep	p8d8s8p	ប៉ែតសិប	eighty
paedasib	p8d8s8b	ប៉ែតសិប	eighty
paedasip	p8d8s8p	ប៉ែតសិប	eighty
paedaseb	p8d8s8b	ប៉ែតសិប	eighty
paedasep	p8d8s8p	ប៉ែតសិប	eighty
petsib	p8ts8b	ប៉ែតសិប	eighty
petsip	p8ts8p	ប៉ែតសិប	eighty
petseb	p8ts8b	ប៉ែតសិប	eighty
petsep	p8ts8p	ប៉ែតសិប	eighty
petosib	p8t8s8b	ប៉ែតសិប	eighty
petosip	p8t8s8p	ប៉ែតសិប	eighty
petoseb	p8t8s8b	ប៉ែតសិប	eighty
petosep	p8t8s8p	ប៉ែតសិប	eighty
petasib	p8t8s8b	ប៉ែតសិប	eighty
petasip	p8t8s8p	ប៉ែតសិប	eighty
petaseb	p8t8s8b	ប៉ែតសិប	eighty
petasep	p8t8s8p	ប៉ែតសិប	eighty
pedsib	p8ds8b	ប៉ែតសិប	eighty
pedsip	p8ds8p	ប៉ែតសិប	eighty
pedseb	p8ds8b	ប៉ែតសិប	eighty
pedsep	p8ds8p	ប៉ែតសិប	eighty
pedosib	p8d8s8b	ប៉ែតសិប	eighty
pedosip	p8d8s8p	ប៉ែតសិប	eighty
pedoseb	p8d8s8b	ប៉ែតសិប	eighty
pedosep	p8d8s8p	ប៉ែតសិប	eighty
pedasib	p8d8s8b	ប៉ែតសិប	eighty
pedasip	p8d8s8p	ប៉ែតសិប	eighty
pedaseb	p8d8s8b	ប៉ែតសិប	eighty
pedasep	p8d8s8p	ប៉ែតសិប	eighty
kovsib	k8vs8b	កៅសិប	ninety
kovsip	k8vs8p	កៅសិប	ninety
kovseb	k8vs8b	កៅសិប	ninety
kovsep	k8vs8p	កៅសិប	ninety
kausib	k8s8b	កៅសិប	ninety
kausip	k8s8p	កៅសិប	ninety
kauseb	k8s8b	កៅសិប	ninety
kausep	k8s8p	កៅសិប	ninety
kowsib	k8ws8b	កៅសិប	ninety
kowsip	k8ws8p	កៅសិប	ninety
kowseb	k8ws8b	កៅសិប	ninety
kowsep	k8ws8p	កៅសិប	ninety
kavsib	k8vs8b	កៅសិប	ninety
kavsip	k8vs8p	កៅសិប	ninety
kavseb	k8vs8b	កៅសិប	ninety
kavsep	k8vs8p	កៅសិប	ninety
kaoseb	k8s8b	កៅសិប	ninety
ry	r8	រយ	hundred
roy	r8	រយ	hundred
ray	r8	រយ	hundred
pan	p8n	ពាន់	thousand
pan'	p8n'	ពាន់	thousand
pean	p8n	ពាន់	thousand
pean'	p8n'	ពាន់	thousand
paan	p8n	ពាន់	thousand
paan'	p8n'	ពាន់	thousand
ban	b8n	ពាន់	thousand
ban'	b8n'	ពាន់	thousand
bean	b8n	ពាន់	thousand
bean'	b8n'	ពាន់	thousand
baan	b8n	ពាន់	thousand
baan'	b8n'	ពាន់	thousand
poan	p8n	ពាន់	thousand
meun	m8n	ម៉ឺន	ten thousand
meuun	m8n	ម៉ឺន	ten thousand
mun	m8n	ម៉ឺន	ten thousand
muen	m8n	ម៉ឺន	ten thousand
lan	l8n	លាន	million
lean	l8n	លាន	million
laan	l8n	លាន	million
lian	l8n	លាន	million
souny	s8n8	សូន្យ	zero
suny	s8n8	សូន្យ	zero
sony	s8n8	សូន្យ	zero
suuny	s8n8	សូន្យ	zero
son	s8n	សូន្យ	zero
soun	s8n	សូន្យ	zero
lekh	l8kh	លេខ	number
leikh	l8kh	លេខ	number
lek	l8k	លេខ	number
riel	r8l	រៀល	riel (money)
real	r8l	រៀល	riel (money)
dullar	d8ll8r	ដុល្លារ	dollar
dullear	d8ll8r	ដុល្លារ	dollar
dullaar	d8ll8r	ដុល្លារ	dollar
dollar	d8ll8r	ដុល្លារ	dollar
dollear	d8ll8r	ដុល្លារ	dollar
dollaar	d8ll8r	ដុល្លារ	dollar
dolla	d8ll8	ដុល្លារ	dollar
aoun	8n	អូន	dear, younger loved one
aun	8n	អូន	dear, younger loved one
aon	8n	អូន	dear, younger loved one
auun	8n	អូន	dear, younger loved one
ooun	8n	អូន	dear, younger loved one
oun	8n	អូន	dear, younger loved one
oon	8n	អូន	dear, younger loved one
ouun	8n	អូន	dear, younger loved one
qoun	q8n	អូន	dear, younger loved one
qun	q8n	អូន	dear, younger loved one
qon	q8n	អូន	dear, younger loved one
quun	q8n	អូន	dear, younger loved one
un	8n	អូន	dear, younger loved one
on	8n	អូន	dear, younger loved one
uun	8n	អូន	dear, younger loved one
own	8wn	អូន	dear, younger loved one
suam	s8m	សុំ	ask for / gimme (colloq.)
suom	s8m	សុំ	ask for / gimme (colloq.)
suum	s8m	សុំ	ask for / gimme (colloq.)
soam	s8m	សុំ	ask for / gimme (colloq.)
soom	s8m	សុំ	ask for / gimme (colloq.)
soum	s8m	សុំ	ask for / gimme (colloq.)
som	s8m	សុំ	ask for / gimme (colloq.)
sum	s8m	សុំ	ask for / gimme (colloq.)
saey	s8	ស្អី	what (colloq.)
sai	s8	ស្អី	what (colloq.)
saii	s8	ស្អី	what (colloq.)
soey	s8	ស្អី	what (colloq.)
soi	s8	ស្អី	what (colloq.)
soii	s8	ស្អី	what (colloq.)
sqey	sq8	ស្អី	what (colloq.)
sqi	sq8	ស្អី	what (colloq.)
sqii	sq8	ស្អី	what (colloq.)
sey	s8	ស្អី	what (colloq.)
si	s8	ស្អី	what (colloq.)
sii	s8	ស្អី	what (colloq.)
s'ey	s'8	ស្អី	what (colloq.)
aeychoeng	8ch8ng	អីចឹង	like that, so (colloq.)
aeycheung	8ch8ng	អីចឹង	like that, so (colloq.)
aeycheng	8ch8ng	អីចឹង	like that, so (colloq.)
aeyjoeng	8j8ng	អីចឹង	like that, so (colloq.)
aeyjeung	8j8ng	អីចឹង	like that, so (colloq.)
aeyjeng	8j8ng	អីចឹង	like that, so (colloq.)
aichoeng	8ch8ng	អីចឹង	like that, so (colloq.)
aicheung	8ch8ng	អីចឹង	like that, so (colloq.)
aicheng	8ch8ng	អីចឹង	like that, so (colloq.)
aijoeng	8j8ng	អីចឹង	like that, so (colloq.)
aijeung	8j8ng	អីចឹង	like that, so (colloq.)
aijeng	8j8ng	អីចឹង	like that, so (colloq.)
aiichoeng	8ch8ng	អីចឹង	like that, so (colloq.)
aiicheung	8ch8ng	អីចឹង	like that, so (colloq.)
aiicheng	8ch8ng	អីចឹង	like that, so (colloq.)
aiijoeng	8j8ng	អីចឹង	like that, so (colloq.)
aiijeung	8j8ng	អីចឹង	like that, so (colloq.)
aiijeng	8j8ng	អីចឹង	like that, so (colloq.)
oeychoeng	8ch8ng	អីចឹង	like that, so (colloq.)
oeycheung	8ch8ng	អីចឹង	like that, so (colloq.)
oeycheng	8ch8ng	អីចឹង	like that, so (colloq.)
oeyjoeng	8j8ng	អីចឹង	like that, so (colloq.)
oeyjeung	8j8ng	អីចឹង	like that, so (colloq.)
oeyjeng	8j8ng	អីចឹង	like that, so (colloq.)
oichoeng	8ch8ng	អីចឹង	like that, so (colloq.)
oicheung	8ch8ng	អីចឹង	like that, so (colloq.)
oicheng	8ch8ng	អីចឹង	like that, so (colloq.)
oijoeng	8j8ng	អីចឹង	like that, so (colloq.)
oijeung	8j8ng	អីចឹង	like that, so (colloq.)
oijeng	8j8ng	អីចឹង	like that, so (colloq.)
oiichoeng	8ch8ng	អីចឹង	like that, so (colloq.)
oiicheung	8ch8ng	អីចឹង	like that, so (colloq.)
oiicheng	8ch8ng	អីចឹង	like that, so (colloq.)
oiijoeng	8j8ng	អីចឹង	like that, so (colloq.)
oiijeung	8j8ng	អីចឹង	like that, so (colloq.)
oiijeng	8j8ng	អីចឹង	like that, so (colloq.)
qeychoeng	q8ch8ng	អីចឹង	like that, so (colloq.)
qeycheung	q8ch8ng	អីចឹង	like that, so (colloq.)
qeycheng	q8ch8ng	អីចឹង	like that, so (colloq.)
qeyjoeng	q8j8ng	អីចឹង	like that, so (colloq.)
qeyjeung	q8j8ng	អីចឹង	like that, so (colloq.)
qeyjeng	q8j8ng	អីចឹង	like that, so (colloq.)
qichoeng	q8ch8ng	អីចឹង	like that, so (colloq.)
qicheung	q8ch8ng	អីចឹង	like that, so (colloq.)
qicheng	q8ch8ng	អីចឹង	like that, so (colloq.)
qijoeng	q8j8ng	អីចឹង	like that, so (colloq.)
qijeung	q8j8ng	អីចឹង	like that, so (colloq.)
qijeng	q8j8ng	អីចឹង	like that, so (colloq.)
qiichoeng	q8ch8ng	អីចឹង	like that, so (colloq.)
qiicheung	q8ch8ng	អីចឹង	like that, so (colloq.)
qiicheng	q8ch8ng	អីចឹង	like that, so (colloq.)
qiijoeng	q8j8ng	អីចឹង	like that, so (colloq.)
qiijeung	q8j8ng	អីចឹង	like that, so (colloq.)
qiijeng	q8j8ng	អីចឹង	like that, so (colloq.)
eychoeng	8ch8ng	អីចឹង	like that, so (colloq.)
eycheung	8ch8ng	អីចឹង	like that, so (colloq.)
eycheng	8ch8ng	អីចឹង	like that, so (colloq.)
eyjoeng	8j8ng	អីចឹង	like that, so (colloq.)
eyjeung	8j8ng	អីចឹង	like that, so (colloq.)
eyjeng	8j8ng	អីចឹង	like that, so (colloq.)
ichoeng	8ch8ng	អីចឹង	like that, so (colloq.)
icheung	8ch8ng	អីចឹង	like that, so (colloq.)
icheng	8ch8ng	អីចឹង	like that, so (colloq.)
ijoeng	8j8ng	អីចឹង	like that, so (colloq.)
ijeung	8j8ng	អីចឹង	like that, so (colloq.)
ijeng	8j8ng	អីចឹង	like that, so (colloq.)
iichoeng	8ch8ng	អីចឹង	like that, so (colloq.)
iicheung	8ch8ng	អីចឹង	like that, so (colloq.)
iicheng	8ch8ng	អីចឹង	like that, so (colloq.)
iijoeng	8j8ng	អីចឹង	like that, so (colloq.)
iijeung	8j8ng	អីចឹង	like that, so (colloq.)
iijeng	8j8ng	អីចឹង	like that, so (colloq.)
eijeung	8j8ng	អីចឹង	like that, so (colloq.)
anhchoeng	8nhch8ng	អញ្ចឹង	so, in that case
anhcheung	8nhch8ng	អញ្ចឹង	so, in that case
anhcheng	8nhch8ng	អញ្ចឹង	so, in that case
anhjoeng	8nhj8ng	អញ្ចឹង	so, in that case
anhjeung	8nhj8ng	អញ្ចឹង	so, in that case
anhjeng	8nhj8ng	អញ្ចឹង	so, in that case
anychoeng	8n8ch8ng	អញ្ចឹង	so, in that case
anycheung	8n8ch8ng	អញ្ចឹង	so, in that case
anycheng	8n8ch8ng	អញ្ចឹង	so, in that case
anyjoeng	8n8j8ng	អញ្ចឹង	so, in that case
anyjeung	8n8j8ng	អញ្ចឹង	so, in that case
anyjeng	8n8j8ng	អញ្ចឹង	so, in that case
aonhchoeng	8nhch8ng	អញ្ចឹង	so, in that case
aonhcheung	8nhch8ng	អញ្ចឹង	so, in that case
aonhcheng	8nhch8ng	អញ្ចឹង	so, in that case
aonhjoeng	8nhj8ng	អញ្ចឹង	so, in that case
aonhjeung	8nhj8ng	អញ្ចឹង	so, in that case
aonhjeng	8nhj8ng	អញ្ចឹង	so, in that case
aonychoeng	8n8ch8ng	អញ្ចឹង	so, in that case
aonycheung	8n8ch8ng	អញ្ចឹង	so, in that case
aonycheng	8n8ch8ng	អញ្ចឹង	so, in that case
aonyjoeng	8n8j8ng	អញ្ចឹង	so, in that case
aonyjeung	8n8j8ng	អញ្ចឹង	so, in that case
aonyjeng	8n8j8ng	អញ្ចឹង	so, in that case
aanhchoeng	8nhch8ng	អញ្ចឹង	so, in that case
aanhcheung	8nhch8ng	អញ្ចឹង	so, in that case
aanhcheng	8nhch8ng	អញ្ចឹង	so, in that case
aanhjoeng	8nhj8ng	អញ្ចឹង	so, in that case
aanhjeung	8nhj8ng	អញ្ចឹង	so, in that case
aanhjeng	8nhj8ng	អញ្ចឹង	so, in that case
aanychoeng	8n8ch8ng	អញ្ចឹង	so, in that case
aanycheung	8n8ch8ng	អញ្ចឹង	so, in that case
aanycheng	8n8ch8ng	អញ្ចឹង	so, in that case
aanyjoeng	8n8j8ng	អញ្ចឹង	so, in that case
aanyjeung	8n8j8ng	អញ្ចឹង	so, in that case
aanyjeng	8n8j8ng	អញ្ចឹង	so, in that case
onhchoeng	8nhch8ng	អញ្ចឹង	so, in that case
onhcheung	8nhch8ng	អញ្ចឹង	so, in that case
onhcheng	8nhch8ng	អញ្ចឹង	so, in that case
onhjoeng	8nhj8ng	អញ្ចឹង	so, in that case
onhjeung	8nhj8ng	អញ្ចឹង	so, in that case
onhjeng	8nhj8ng	អញ្ចឹង	so, in that case
onychoeng	8n8ch8ng	អញ្ចឹង	so, in that case
onycheung	8n8ch8ng	អញ្ចឹង	so, in that case
onycheng	8n8ch8ng	អញ្ចឹង	so, in that case
onyjoeng	8n8j8ng	អញ្ចឹង	so, in that case
onyjeung	8n8j8ng	អញ្ចឹង	so, in that case
onyjeng	8n8j8ng	អញ្ចឹង	so, in that case
oonhchoeng	8nhch8ng	អញ្ចឹង	so, in that case
oonhcheung	8nhch8ng	អញ្ចឹង	so, in that case
oonhcheng	8nhch8ng	អញ្ចឹង	so, in that case
oonhjoeng	8nhj8ng	អញ្ចឹង	so, in that case
oonhjeung	8nhj8ng	អញ្ចឹង	so, in that case
oonhjeng	8nhj8ng	អញ្ចឹង	so, in that case
oonychoeng	8n8ch8ng	អញ្ចឹង	so, in that case
oonycheung	8n8ch8ng	អញ្ចឹង	so, in that case
oonycheng	8n8ch8ng	អញ្ចឹង	so, in that case
oonyjoeng	8n8j8ng	អញ្ចឹង	so, in that case
oonyjeung	8n8j8ng	អញ្ចឹង	so, in that case
oonyjeng	8n8j8ng	អញ្ចឹង	so, in that case
oanhchoeng	8nhch8ng	អញ្ចឹង	so, in that case
oanhcheung	8nhch8ng	អញ្ចឹង	so, in that case
oanhcheng	8nhch8ng	អញ្ចឹង	so, in that case
oanhjoeng	8nhj8ng	អញ្ចឹង	so, in that case
oanhjeung	8nhj8ng	អញ្ចឹង	so, in that case
oanhjeng	8nhj8ng	អញ្ចឹង	so, in that case
oanychoeng	8n8ch8ng	អញ្ចឹង	so, in that case
oanycheung	8n8ch8ng	អញ្ចឹង	so, in that case
oanycheng	8n8ch8ng	អញ្ចឹង	so, in that case
oanyjoeng	8n8j8ng	អញ្ចឹង	so, in that case
oanyjeung	8n8j8ng	អញ្ចឹង	so, in that case
oanyjeng	8n8j8ng	អញ្ចឹង	so, in that case
qnhchoeng	qnhch8ng	អញ្ចឹង	so, in that case
qnhcheung	qnhch8ng	អញ្ចឹង	so, in that case
qnhcheng	qnhch8ng	អញ្ចឹង	so, in that case
qnhjoeng	qnhj8ng	អញ្ចឹង	so, in that case
qnhjeung	qnhj8ng	អញ្ចឹង	so, in that case
qnhjeng	qnhj8ng	អញ្ចឹង	so, in that case
qnychoeng	qn8ch8ng	អញ្ចឹង	so, in that case
qnycheung	qn8ch8ng	អញ្ចឹង	so, in that case
qnycheng	qn8ch8ng	អញ្ចឹង	so, in that case
qnyjoeng	qn8j8ng	អញ្ចឹង	so, in that case
qnyjeung	qn8j8ng	អញ្ចឹង	so, in that case
qnyjeng	qn8j8ng	អញ្ចឹង	so, in that case
qonhchoeng	q8nhch8ng	អញ្ចឹង	so, in that case
qonhcheung	q8nhch8ng	អញ្ចឹង	so, in that case
qonhcheng	q8nhch8ng	អញ្ចឹង	so, in that case
qonhjoeng	q8nhj8ng	អញ្ចឹង	so, in that case
qonhjeung	q8nhj8ng	អញ្ចឹង	so, in that case
qonhjeng	q8nhj8ng	អញ្ចឹង	so, in that case
qonychoeng	q8n8ch8ng	អញ្ចឹង	so, in that case
qonycheung	q8n8ch8ng	អញ្ចឹង	so, in that case
qonycheng	q8n8ch8ng	អញ្ចឹង	so, in that case
qonyjoeng	q8n8j8ng	អញ្ចឹង	so, in that case
qonyjeung	q8n8j8ng	អញ្ចឹង	so, in that case
qonyjeng	q8n8j8ng	អញ្ចឹង	so, in that case
qanhchoeng	q8nhch8ng	អញ្ចឹង	so, in that case
qanhcheung	q8nhch8ng	អញ្ចឹង	so, in that case
qanhcheng	q8nhch8ng	អញ្ចឹង	so, in that case
qanhjoeng	q8nhj8ng	អញ្ចឹង	so, in that case
qanhjeung	q8nhj8ng	អញ្ចឹង	so, in that case
qanhjeng	q8nhj8ng	អញ្ចឹង	so, in that case
qanychoeng	q8n8ch8ng	អញ្ចឹង	so, in that case
qanycheung	q8n8ch8ng	អញ្ចឹង	so, in that case
qanycheng	q8n8ch8ng	អញ្ចឹង	so, in that case
qanyjoeng	q8n8j8ng	អញ្ចឹង	so, in that case
qanyjeung	q8n8j8ng	អញ្ចឹង	so, in that case
qanyjeng	q8n8j8ng	អញ្ចឹង	so, in that case
nhchoeng	nhch8ng	អញ្ចឹង	so, in that case
nhcheung	nhch8ng	អញ្ចឹង	so, in that case
nhcheng	nhch8ng	អញ្ចឹង	so, in that case
nhjoeng	nhj8ng	អញ្ចឹង	so, in that case
nhjeung	nhj8ng	អញ្ចឹង	so, in that case
nhjeng	nhj8ng	អញ្ចឹង	so, in that case
nychoeng	n8ch8ng	អញ្ចឹង	so, in that case
nycheung	n8ch8ng	អញ្ចឹង	so, in that case
nycheng	n8ch8ng	អញ្ចឹង	so, in that case
nyjoeng	n8j8ng	អញ្ចឹង	so, in that case
nyjeung	n8j8ng	អញ្ចឹង	so, in that case
nyjeng	n8j8ng	អញ្ចឹង	so, in that case
anchoeng	8nch8ng	អញ្ចឹង	so, in that case
choeng	ch8ng	ចឹង	so, then (colloq.)
cheung	ch8ng	ចឹង	so, then (colloq.)
cheng	ch8ng	ចឹង	so, then (colloq.)
joeng	j8ng	ចឹង	so, then (colloq.)
jeung	j8ng	ចឹង	so, then (colloq.)
jeng	j8ng	ចឹង	so, then (colloq.)
mng	mng	ម៉ង	at once, really (colloq.)
mong	m8ng	ម៉ង	at once, really (colloq.)
mang	m8ng	ម៉ង	at once, really (colloq.)
ataeyte	8t8t8	អត់អីទេ	no problem (colloq.)
ataeytei	8t8t8	អត់អីទេ	no problem (colloq.)
ataeyde	8t8d8	អត់អីទេ	no problem (colloq.)
ataeydei	8t8d8	អត់អីទេ	no problem (colloq.)
ataeydde	8t8dd8	អត់អីទេ	no problem (colloq.)
ataeyddei	8t8dd8	អត់អីទេ	no problem (colloq.)
ataite	8t8t8	អត់អីទេ	no problem (colloq.)
ataitei	8t8t8	អត់អីទេ	no problem (colloq.)
ataide	8t8d8	អត់អីទេ	no problem (colloq.)
ataidei	8t8d8	អត់អីទេ	no problem (colloq.)
ataidde	8t8dd8	អត់អីទេ	no problem (colloq.)
ataiddei	8t8dd8	អត់អីទេ	no problem (colloq.)
ataiite	8t8t8	អត់អីទេ	no problem (colloq.)
ataiitei	8t8t8	អត់អីទេ	no problem (colloq.)
ataiide	8t8d8	អត់អីទេ	no problem (colloq.)
ataiidei	8t8d8	អត់អីទេ	no problem (colloq.)
ataiidde	8t8dd8	អត់អីទេ	no problem (colloq.)
ataiiddei	8t8dd8	អត់អីទេ	no problem (colloq.)
atoeyte	8t8t8	អត់អីទេ	no problem (colloq.)
atoeytei	8t8t8	អត់អីទេ	no problem (colloq.)
atoeyde	8t8d8	អត់អីទេ	no problem (colloq.)
atoeydei	8t8d8	អត់អីទេ	no problem (colloq.)
atoeydde	8t8dd8	អត់អីទេ	no problem (colloq.)
atoeyddei	8t8dd8	អត់អីទេ	no problem (colloq.)
atoite	8t8t8	អត់អីទេ	no problem (colloq.)
atoitei	8t8t8	អត់អីទេ	no problem (colloq.)
atoide	8t8d8	អត់អីទេ	no problem (colloq.)
atoidei	8t8d8	អត់អីទេ	no problem (colloq.)
atoidde	8t8dd8	អត់អីទេ	no problem (colloq.)
atoiddei	8t8dd8	អត់អីទេ	no problem (colloq.)
atoiite	8t8t8	អត់អីទេ	no problem (colloq.)
atoiitei	8t8t8	អត់អីទេ	no problem (colloq.)
atoiide	8t8d8	អត់អីទេ	no problem (colloq.)
atoiidei	8t8d8	អត់អីទេ	no problem (colloq.)
atoiidde	8t8dd8	អត់អីទេ	no problem (colloq.)
atoiiddei	8t8dd8	អត់អីទេ	no problem (colloq.)
atqeyte	8tq8t8	អត់អីទេ	no problem (colloq.)
atqeytei	8tq8t8	អត់អីទេ	no problem (colloq.)
atqeyde	8tq8d8	អត់អីទេ	no problem (colloq.)
atqeydei	8tq8d8	អត់អីទេ	no problem (colloq.)
atqeydde	8tq8dd8	អត់អីទេ	no problem (colloq.)
atqeyddei	8tq8dd8	អត់អីទេ	no problem (colloq.)
atqite	8tq8t8	អត់អីទេ	no problem (colloq.)
atqitei	8tq8t8	អត់អីទេ	no problem (colloq.)
atqide	8tq8d8	អត់អីទេ	no problem (colloq.)
atqidei	8tq8d8	អត់អីទេ	no problem (colloq.)
atqidde	8tq8dd8	អត់អីទេ	no problem (colloq.)
atqiddei	8tq8dd8	អត់អីទេ	no problem (colloq.)
atqiite	8tq8t8	អត់អីទេ	no problem (colloq.)
atqiitei	8tq8t8	អត់អីទេ	no problem (colloq.)
atqiide	8tq8d8	អត់អីទេ	no problem (colloq.)
atqiidei	8tq8d8	អត់អីទេ	no problem (colloq.)
atqiidde	8tq8dd8	អត់អីទេ	no problem (colloq.)
atqiiddei	8tq8dd8	អត់អីទេ	no problem (colloq.)
ateyte	8t8t8	អត់អីទេ	no problem (colloq.)
ateytei	8t8t8	អត់អីទេ	no problem (colloq.)
ateyde	8t8d8	អត់អីទេ	no problem (colloq.)
ateydei	8t8d8	អត់អីទេ	no problem (colloq.)
ateydde	8t8dd8	អត់អីទេ	no problem (colloq.)
ateyddei	8t8dd8	អត់អីទេ	no problem (colloq.)
atite	8t8t8	អត់អីទេ	no problem (colloq.)
atitei	8t8t8	អត់អីទេ	no problem (colloq.)
atide	8t8d8	អត់អីទេ	no problem (colloq.)
atidei	8t8d8	អត់អីទេ	no problem (colloq.)
atidde	8t8dd8	អត់អីទេ	no problem (colloq.)
atiddei	8t8dd8	អត់អីទេ	no problem (colloq.)
atiite	8t8t8	អត់អីទេ	no problem (colloq.)
atiitei	8t8t8	អត់អីទេ	no problem (colloq.)
atiide	8t8d8	អត់អីទេ	no problem (colloq.)
atiidei	8t8d8	អត់អីទេ	no problem (colloq.)
atiidde	8t8dd8	អត់អីទេ	no problem (colloq.)
atiiddei	8t8dd8	អត់អីទេ	no problem (colloq.)
at'aeyte	8t'8t8	អត់អីទេ	no problem (colloq.)
at'aeytei	8t'8t8	អត់អីទេ	no problem (colloq.)
at'aeyde	8t'8d8	អត់អីទេ	no problem (colloq.)
at'aeydei	8t'8d8	អត់អីទេ	no problem (colloq.)
at'aeydde	8t'8dd8	អត់អីទេ	no problem (colloq.)
at'aeyddei	8t'8dd8	អត់អីទេ	no problem (colloq.)
at'aite	8t'8t8	អត់អីទេ	no problem (colloq.)
at'aitei	8t'8t8	អត់អីទេ	no problem (colloq.)
at'aide	8t'8d8	អត់អីទេ	no problem (colloq.)
at'aidei	8t'8d8	អត់អីទេ	no problem (colloq.)
at'aidde	8t'8dd8	អត់អីទេ	no problem (colloq.)
at'aiddei	8t'8dd8	អត់អីទេ	no problem (colloq.)
at'aiite	8t'8t8	អត់អីទេ	no problem (colloq.)
at'aiitei	8t'8t8	អត់អីទេ	no problem (colloq.)
at'aiide	8t'8d8	អត់អីទេ	no problem (colloq.)
at'aiidei	8t'8d8	អត់អីទេ	no problem (colloq.)
at'aiidde	8t'8dd8	អត់អីទេ	no problem (colloq.)
at'aiiddei	8t'8dd8	អត់អីទេ	no problem (colloq.)
at'oeyte	8t'8t8	អត់អីទេ	no problem (colloq.)
at'oeytei	8t'8t8	អត់អីទេ	no problem (colloq.)
at'oeyde	8t'8d8	អត់អីទេ	no problem (colloq.)
at'oeydei	8t'8d8	អត់អីទេ	no problem (colloq.)
at'oeydde	8t'8dd8	អត់អីទេ	no problem (colloq.)
at'oeyddei	8t'8dd8	អត់អីទេ	no problem (colloq.)
at'oite	8t'8t8	អត់អីទេ	no problem (colloq.)
at'oitei	8t'8t8	អត់អីទេ	no problem (colloq.)
at'oide	8t'8d8	អត់អីទេ	no problem (colloq.)
at'oidei	8t'8d8	អត់អីទេ	no problem (colloq.)
at'oidde	8t'8dd8	អត់អីទេ	no problem (colloq.)
at'oiddei	8t'8dd8	អត់អីទេ	no problem (colloq.)
at'oiite	8t'8t8	អត់អីទេ	no problem (colloq.)
at'oiitei	8t'8t8	អត់អីទេ	no problem (colloq.)
at'oiide	8t'8d8	អត់អីទេ	no problem (colloq.)
at'oiidei	8t'8d8	អត់អីទេ	no problem (colloq.)
at'oiidde	8t'8dd8	អត់អីទេ	no problem (colloq.)
at'oiiddei	8t'8dd8	អត់អីទេ	no problem (colloq.)
at'qeyte	8t'q8t8	អត់អីទេ	no problem (colloq.)
at'qeytei	8t'q8t8	អត់អីទេ	no problem (colloq.)
at'qeyde	8t'q8d8	អត់អីទេ	no problem (colloq.)
at'qeydei	8t'q8d8	អត់អីទេ	no problem (colloq.)
at'qeydde	8t'q8dd8	អត់អីទេ	no problem (colloq.)
at'qeyddei	8t'q8dd8	អត់អីទេ	no problem (colloq.)
at'qite	8t'q8t8	អត់អីទេ	no problem (colloq.)
at'qitei	8t'q8t8	អត់អីទេ	no problem (colloq.)
at'qide	8t'q8d8	អត់អីទេ	no problem (colloq.)
at'qidei	8t'q8d8	អត់អីទេ	no problem (colloq.)
at'qidde	8t'q8dd8	អត់អីទេ	no problem (colloq.)
at'qiddei	8t'q8dd8	អត់អីទេ	no problem (colloq.)
oteyte	8t8t8	អត់អីទេ	no problem (colloq.)
otaite	8t8t8	អត់អីទេ	no problem (colloq.)
ot'eyte	8t'8t8	អត់អីទេ	no problem (colloq.)
mechdaer	m8chd8r	ម៉េចដែរ	how is it? (colloq.)
mechder	m8chd8r	ម៉េចដែរ	how is it? (colloq.)
mechdear	m8chd8r	ម៉េចដែរ	how is it? (colloq.)
mechodaer	m8ch8d8r	ម៉េចដែរ	how is it? (colloq.)
mechoder	m8ch8d8r	ម៉េចដែរ	how is it? (colloq.)
mechodear	m8ch8d8r	ម៉េចដែរ	how is it? (colloq.)
mechadaer	m8ch8d8r	ម៉េចដែរ	how is it? (colloq.)
mechader	m8ch8d8r	ម៉េចដែរ	how is it? (colloq.)
mechadear	m8ch8d8r	ម៉េចដែរ	how is it? (colloq.)
mejdaer	m8jd8r	ម៉េចដែរ	how is it? (colloq.)
mejder	m8jd8r	ម៉េចដែរ	how is it? (colloq.)
mejdear	m8jd8r	ម៉េចដែរ	how is it? (colloq.)
mejodaer	m8j8d8r	ម៉េចដែរ	how is it? (colloq.)
mejoder	m8j8d8r	ម៉េចដែរ	how is it? (colloq.)
mejodear	m8j8d8r	ម៉េចដែរ	how is it? (colloq.)
mejadaer	m8j8d8r	ម៉េចដែរ	how is it? (colloq.)
mejader	m8j8d8r	ម៉េចដែរ	how is it? (colloq.)
mejadear	m8j8d8r	ម៉េចដែរ	how is it? (colloq.)
meichdaer	m8chd8r	ម៉េចដែរ	how is it? (colloq.)
meichder	m8chd8r	ម៉េចដែរ	how is it? (colloq.)
meichdear	m8chd8r	ម៉េចដែរ	how is it? (colloq.)
meichodaer	m8ch8d8r	ម៉េចដែរ	how is it? (colloq.)
meichoder	m8ch8d8r	ម៉េចដែរ	how is it? (colloq.)
meichodear	m8ch8d8r	ម៉េចដែរ	how is it? (colloq.)
meichadaer	m8ch8d8r	ម៉េចដែរ	how is it? (colloq.)
meichader	m8ch8d8r	ម៉េចដែរ	how is it? (colloq.)
meichadear	m8ch8d8r	ម៉េចដែរ	how is it? (colloq.)
meijdaer	m8jd8r	ម៉េចដែរ	how is it? (colloq.)
meijder	m8jd8r	ម៉េចដែរ	how is it? (colloq.)
meijdear	m8jd8r	ម៉េចដែរ	how is it? (colloq.)
meijodaer	m8j8d8r	ម៉េចដែរ	how is it? (colloq.)
meijoder	m8j8d8r	ម៉េចដែរ	how is it? (colloq.)
meijodear	m8j8d8r	ម៉េចដែរ	how is it? (colloq.)
meijadaer	m8j8d8r	ម៉េចដែរ	how is it? (colloq.)
meijader	m8j8d8r	ម៉េចដែរ	how is it? (colloq.)
meijadear	m8j8d8r	ម៉េចដែរ	how is it? (colloq.)
mechdae	m8chd8	ម៉េចដែរ	how is it? (colloq.)
michder	m8chd8r	ម៉េចដែរ	how is it? (colloq.)
atdoeng	8td8ng	អត់ដឹង	don't know (colloq.)
atdeung	8td8ng	អត់ដឹង	don't know (colloq.)
atdeng	8td8ng	អត់ដឹង	don't know (colloq.)
at'doeng	8t'd8ng	អត់ដឹង	don't know (colloq.)
at'deung	8t'd8ng	អត់ដឹង	don't know (colloq.)
at'deng	8t'd8ng	អត់ដឹង	don't know (colloq.)
addoeng	8dd8ng	អត់ដឹង	don't know (colloq.)
addeung	8dd8ng	អត់ដឹង	don't know (colloq.)
addeng	8dd8ng	អត់ដឹង	don't know (colloq.)
ad'doeng	8d'd8ng	អត់ដឹង	don't know (colloq.)
ad'deung	8d'd8ng	អត់ដឹង	don't know (colloq.)
ad'deng	8d'd8ng	អត់ដឹង	don't know (colloq.)
aotdoeng	8td8ng	អត់ដឹង	don't know (colloq.)
aotdeung	8td8ng	អត់ដឹង	don't know (colloq.)
aotdeng	8td8ng	អត់ដឹង	don't know (colloq.)
aot'doeng	8t'd8ng	អត់ដឹង	don't know (colloq.)
aot'deung	8t'd8ng	អត់ដឹង	don't know (colloq.)
aot'deng	8t'd8ng	អត់ដឹង	don't know (colloq.)
aoddoeng	8dd8ng	អត់ដឹង	don't know (colloq.)
aoddeung	8dd8ng	អត់ដឹង	don't know (colloq.)
aoddeng	8dd8ng	អត់ដឹង	don't know (colloq.)
aod'doeng	8d'd8ng	អត់ដឹង	don't know (colloq.)
aod'deung	8d'd8ng	អត់ដឹង	don't know (colloq.)
aod'deng	8d'd8ng	អត់ដឹង	don't know (colloq.)
aatdoeng	8td8ng	អត់ដឹង	don't know (colloq.)
aatdeung	8td8ng	អត់ដឹង	don't know (colloq.)
aatdeng	8td8ng	អត់ដឹង	don't know (colloq.)
aat'doeng	8t'd8ng	អត់ដឹង	don't know (colloq.)
aat'deung	8t'd8ng	អត់ដឹង	don't know (colloq.)
aat'deng	8t'd8ng	អត់ដឹង	don't know (colloq.)
aaddoeng	8dd8ng	អត់ដឹង	don't know (colloq.)
aaddeung	8dd8ng	អត់ដឹង	don't know (colloq.)
aaddeng	8dd8ng	អត់ដឹង	don't know (colloq.)
aad'doeng	8d'd8ng	អត់ដឹង	don't know (colloq.)
aad'deung	8d'd8ng	អត់ដឹង	don't know (colloq.)
aad'deng	8d'd8ng	អត់ដឹង	don't know (colloq.)
otdoeng	8td8ng	អត់ដឹង	don't know (colloq.)
otdeung	8td8ng	អត់ដឹង	don't know (colloq.)
otdeng	8td8ng	អត់ដឹង	don't know (colloq.)
ot'doeng	8t'd8ng	អត់ដឹង	don't know (colloq.)
ot'deung	8t'd8ng	អត់ដឹង	don't know (colloq.)
ot'deng	8t'd8ng	អត់ដឹង	don't know (colloq.)
oddoeng	8dd8ng	អត់ដឹង	don't know (colloq.)
oddeung	8dd8ng	អត់ដឹង	don't know (colloq.)
oddeng	8dd8ng	អត់ដឹង	don't know (colloq.)
od'doeng	8d'd8ng	អត់ដឹង	don't know (colloq.)
od'deung	8d'd8ng	អត់ដឹង	don't know (colloq.)
od'deng	8d'd8ng	អត់ដឹង	don't know (colloq.)
ootdoeng	8td8ng	អត់ដឹង	don't know (colloq.)
ootdeung	8td8ng	អត់ដឹង	don't know (colloq.)
ootdeng	8td8ng	អត់ដឹង	don't know (colloq.)
oot'doeng	8t'd8ng	អត់ដឹង	don't know (colloq.)
oot'deung	8t'd8ng	អត់ដឹង	don't know (colloq.)
oot'deng	8t'd8ng	អត់ដឹង	don't know (colloq.)
ooddoeng	8dd8ng	អត់ដឹង	don't know (colloq.)
ooddeung	8dd8ng	អត់ដឹង	don't know (colloq.)
ooddeng	8dd8ng	អត់ដឹង	don't know (colloq.)
ood'doeng	8d'd8ng	អត់ដឹង	don't know (colloq.)
ood'deung	8d'd8ng	អត់ដឹង	don't know (colloq.)
ood'deng	8d'd8ng	អត់ដឹង	don't know (colloq.)
oatdoeng	8td8ng	អត់ដឹង	don't know (colloq.)
oatdeung	8td8ng	អត់ដឹង	don't know (colloq.)
oatdeng	8td8ng	អត់ដឹង	don't know (colloq.)
oat'doeng	8t'd8ng	អត់ដឹង	don't know (colloq.)
oat'deung	8t'd8ng	អត់ដឹង	don't know (colloq.)
oat'deng	8t'd8ng	អត់ដឹង	don't know (colloq.)
oaddoeng	8dd8ng	អត់ដឹង	don't know (colloq.)
oaddeung	8dd8ng	អត់ដឹង	don't know (colloq.)
oaddeng	8dd8ng	អត់ដឹង	don't know (colloq.)
oad'doeng	8d'd8ng	អត់ដឹង	don't know (colloq.)
oad'deung	8d'd8ng	អត់ដឹង	don't know (colloq.)
oad'deng	8d'd8ng	អត់ដឹង	don't know (colloq.)
qtdoeng	qtd8ng	អត់ដឹង	don't know (colloq.)
qtdeung	qtd8ng	អត់ដឹង	don't know (colloq.)
qtdeng	qtd8ng	អត់ដឹង	don't know (colloq.)
qt'doeng	qt'd8ng	អត់ដឹង	don't know (colloq.)
qt'deung	qt'd8ng	អត់ដឹង	don't know (colloq.)
qt'deng	qt'd8ng	អត់ដឹង	don't know (colloq.)
qddoeng	qdd8ng	អត់ដឹង	don't know (colloq.)
qddeung	qdd8ng	អត់ដឹង	don't know (colloq.)
qddeng	qdd8ng	អត់ដឹង	don't know (colloq.)
qd'doeng	qd'd8ng	អត់ដឹង	don't know (colloq.)
qd'deung	qd'd8ng	អត់ដឹង	don't know (colloq.)
qd'deng	qd'd8ng	អត់ដឹង	don't know (colloq.)
qotdoeng	q8td8ng	អត់ដឹង	don't know (colloq.)
qotdeung	q8td8ng	អត់ដឹង	don't know (colloq.)
qotdeng	q8td8ng	អត់ដឹង	don't know (colloq.)
qot'doeng	q8t'd8ng	អត់ដឹង	don't know (colloq.)
qot'deung	q8t'd8ng	អត់ដឹង	don't know (colloq.)
qot'deng	q8t'd8ng	អត់ដឹង	don't know (colloq.)
qoddoeng	q8dd8ng	អត់ដឹង	don't know (colloq.)
qoddeung	q8dd8ng	អត់ដឹង	don't know (colloq.)
qoddeng	q8dd8ng	អត់ដឹង	don't know (colloq.)
qod'doeng	q8d'd8ng	អត់ដឹង	don't know (colloq.)
qod'deung	q8d'd8ng	អត់ដឹង	don't know (colloq.)
qod'deng	q8d'd8ng	អត់ដឹង	don't know (colloq.)
qatdoeng	q8td8ng	អត់ដឹង	don't know (colloq.)
qatdeung	q8td8ng	អត់ដឹង	don't know (colloq.)
qatdeng	q8td8ng	អត់ដឹង	don't know (colloq.)
qat'doeng	q8t'd8ng	អត់ដឹង	don't know (colloq.)
qat'deung	q8t'd8ng	អត់ដឹង	don't know (colloq.)
qat'deng	q8t'd8ng	អត់ដឹង	don't know (colloq.)
qaddoeng	q8dd8ng	អត់ដឹង	don't know (colloq.)
qaddeung	q8dd8ng	អត់ដឹង	don't know (colloq.)
qaddeng	q8dd8ng	អត់ដឹង	don't know (colloq.)
qad'doeng	q8d'd8ng	អត់ដឹង	don't know (colloq.)
qad'deung	q8d'd8ng	អត់ដឹង	don't know (colloq.)
qad'deng	q8d'd8ng	អត់ដឹង	don't know (colloq.)
tdoeng	td8ng	អត់ដឹង	don't know (colloq.)
tdeung	td8ng	អត់ដឹង	don't know (colloq.)
tdeng	td8ng	អត់ដឹង	don't know (colloq.)
t'doeng	t'd8ng	អត់ដឹង	don't know (colloq.)
t'deung	t'd8ng	អត់ដឹង	don't know (colloq.)
t'deng	t'd8ng	អត់ដឹង	don't know (colloq.)
ddoeng	dd8ng	អត់ដឹង	don't know (colloq.)
ddeung	dd8ng	អត់ដឹង	don't know (colloq.)
ddeng	dd8ng	អត់ដឹង	don't know (colloq.)
d'doeng	d'd8ng	អត់ដឹង	don't know (colloq.)
d'deung	d'd8ng	អត់ដឹង	don't know (colloq.)
d'deng	d'd8ng	អត់ដឹង	don't know (colloq.)
hnoeng	hn8ng	ហ្នឹង	that, this (colloq.)
hneung	hn8ng	ហ្នឹង	that, this (colloq.)
hneng	hn8ng	ហ្នឹង	that, this (colloq.)
neng	n8ng	ហ្នឹង	that, this (colloq.)
nung	n8ng	ហ្នឹង	that, this (colloq.)
suamtos	s8mt8s	សុំទោស	sorry (colloq.)
suamtaos	s8mt8s	សុំទោស	sorry (colloq.)
suamtous	s8mt8s	សុំទោស	sorry (colloq.)
suamtoas	s8mt8s	សុំទោស	sorry (colloq.)
suamdos	s8md8s	សុំទោស	sorry (colloq.)
suamdaos	s8md8s	សុំទោស	sorry (colloq.)
suamdous	s8md8s	សុំទោស	sorry (colloq.)
suamdoas	s8md8s	សុំទោស	sorry (colloq.)
suamddos	s8mdd8s	សុំទោស	sorry (colloq.)
suamddaos	s8mdd8s	សុំទោស	sorry (colloq.)
suamddous	s8mdd8s	សុំទោស	sorry (colloq.)
suamddoas	s8mdd8s	សុំទោស	sorry (colloq.)
suomtos	s8mt8s	សុំទោស	sorry (colloq.)
suomtaos	s8mt8s	សុំទោស	sorry (colloq.)
suomtous	s8mt8s	សុំទោស	sorry (colloq.)
suomtoas	s8mt8s	សុំទោស	sorry (colloq.)
suomdos	s8md8s	សុំទោស	sorry (colloq.)
suomdaos	s8md8s	សុំទោស	sorry (colloq.)
suomdous	s8md8s	សុំទោស	sorry (colloq.)
suomdoas	s8md8s	សុំទោស	sorry (colloq.)
suomddos	s8mdd8s	សុំទោស	sorry (colloq.)
suomddaos	s8mdd8s	សុំទោស	sorry (colloq.)
suomddous	s8mdd8s	សុំទោស	sorry (colloq.)
suomddoas	s8mdd8s	សុំទោស	sorry (colloq.)
suumtos	s8mt8s	សុំទោស	sorry (colloq.)
suumtaos	s8mt8s	សុំទោស	sorry (colloq.)
suumtous	s8mt8s	សុំទោស	sorry (colloq.)
suumtoas	s8mt8s	សុំទោស	sorry (colloq.)
suumdos	s8md8s	សុំទោស	sorry (colloq.)
suumdaos	s8md8s	សុំទោស	sorry (colloq.)
suumdous	s8md8s	សុំទោស	sorry (colloq.)
suumdoas	s8md8s	សុំទោស	sorry (colloq.)
suumddos	s8mdd8s	សុំទោស	sorry (colloq.)
suumddaos	s8mdd8s	សុំទោស	sorry (colloq.)
suumddous	s8mdd8s	សុំទោស	sorry (colloq.)
suumddoas	s8mdd8s	សុំទោស	sorry (colloq.)
soamtos	s8mt8s	សុំទោស	sorry (colloq.)
soamtaos	s8mt8s	សុំទោស	sorry (colloq.)
soamtous	s8mt8s	សុំទោស	sorry (colloq.)
soamtoas	s8mt8s	សុំទោស	sorry (colloq.)
soamdos	s8md8s	សុំទោស	sorry (colloq.)
soamdaos	s8md8s	សុំទោស	sorry (colloq.)
soamdous	s8md8s	សុំទោស	sorry (colloq.)
soamdoas	s8md8s	សុំទោស	sorry (colloq.)
soamddos	s8mdd8s	សុំទោស	sorry (colloq.)
soamddaos	s8mdd8s	សុំទោស	sorry (colloq.)
soamddous	s8mdd8s	សុំទោស	sorry (colloq.)
soamddoas	s8mdd8s	សុំទោស	sorry (colloq.)
soomtos	s8mt8s	សុំទោស	sorry (colloq.)
soomtaos	s8mt8s	សុំទោស	sorry (colloq.)
soomtous	s8mt8s	សុំទោស	sorry (colloq.)
soomtoas	s8mt8s	សុំទោស	sorry (colloq.)
soomdos	s8md8s	សុំទោស	sorry (colloq.)
soomdaos	s8md8s	សុំទោស	sorry (colloq.)
soomdous	s8md8s	សុំទោស	sorry (colloq.)
soomdoas	s8md8s	សុំទោស	sorry (colloq.)
soomddos	s8mdd8s	សុំទោស	sorry (colloq.)
soomddaos	s8mdd8s	សុំទោស	sorry (colloq.)
soomddous	s8mdd8s	សុំទោស	sorry (colloq.)
soomddoas	s8mdd8s	សុំទោស	sorry (colloq.)
soumtos	s8mt8s	សុំទោស	sorry (colloq.)
soumtaos	s8mt8s	សុំទោស	sorry (colloq.)
soumtous	s8mt8s	សុំទោស	sorry (colloq.)
soumtoas	s8mt8s	សុំទោស	sorry (colloq.)
soumdos	s8md8s	សុំទោស	sorry (colloq.)
soumdaos	s8md8s	សុំទោស	sorry (colloq.)
soumdous	s8md8s	សុំទោស	sorry (colloq.)
soumdoas	s8md8s	សុំទោស	sorry (colloq.)
soumddos	s8mdd8s	សុំទោស	sorry (colloq.)
soumddaos	s8mdd8s	សុំទោស	sorry (colloq.)
soumddous	s8mdd8s	សុំទោស	sorry (colloq.)
soumddoas	s8mdd8s	សុំទោស	sorry (colloq.)
somtos	s8mt8s	សុំទោស	sorry (colloq.)
sumtoh	s8mt8h	សុំទោស	sorry (colloq.)
somtoh	s8mt8h	សុំទោស	sorry (colloq.)
arkunchraen	8rk8nchr8n	អរគុណច្រើន	thanks a lot
arkunchrern	8rk8nchr8rn	អរគុណច្រើន	thanks a lot
arkunchreun	8rk8nchr8n	អរគុណច្រើន	thanks a lot
arkunchraeun	8rk8nchr8n	អរគុណច្រើន	thanks a lot
arkunjraen	8rk8njr8n	អរគុណច្រើន	thanks a lot
arkunjrern	8rk8njr8rn	អរគុណច្រើន	thanks a lot
arkunjreun	8rk8njr8n	អរគុណច្រើន	thanks a lot
arkunjraeun	8rk8njr8n	អរគុណច្រើន	thanks a lot
arkunochraen	8rk8n8chr8n	អរគុណច្រើន	thanks a lot
arkunochrern	8rk8n8chr8rn	អរគុណច្រើន	thanks a lot
arkunochreun	8rk8n8chr8n	អរគុណច្រើន	thanks a lot
arkunochraeun	8rk8n8chr8n	អរគុណច្រើន	thanks a lot
arkunojraen	8rk8n8jr8n	អរគុណច្រើន	thanks a lot
arkunojrern	8rk8n8jr8rn	អរគុណច្រើន	thanks a lot
arkunojreun	8rk8n8jr8n	អរគុណច្រើន	thanks a lot
arkunojraeun	8rk8n8jr8n	អរគុណច្រើន	thanks a lot
arkunachraen	8rk8n8chr8n	អរគុណច្រើន	thanks a lot
arkunachrern	8rk8n8chr8rn	អរគុណច្រើន	thanks a lot
arkunachreun	8rk8n8chr8n	អរគុណច្រើន	thanks a lot
arkunachraeun	8rk8n8chr8n	អរគុណច្រើន	thanks a lot
arkunajraen	8rk8n8jr8n	អរគុណច្រើន	thanks a lot
arkunajrern	8rk8n8jr8rn	អរគុណច្រើន	thanks a lot
arkunajreun	8rk8n8jr8n	អរគុណច្រើន	thanks a lot
arkunajraeun	8rk8n8jr8n	អរគុណច្រើន	thanks a lot
arkonchraen	8rk8nchr8n	អរគុណច្រើន	thanks a lot
arkonchrern	8rk8nchr8rn	អរគុណច្រើន	thanks a lot
arkonchreun	8rk8nchr8n	អរគុណច្រើន	thanks a lot
arkonchraeun	8rk8nchr8n	អរគុណច្រើន	thanks a lot
arkonjraen	8rk8njr8n	អរគុណច្រើន	thanks a lot
arkonjrern	8rk8njr8rn	អរគុណច្រើន	thanks a lot
arkonjreun	8rk8njr8n	អរគុណច្រើន	thanks a lot
arkonjraeun	8rk8njr8n	អរគុណច្រើន	thanks a lot
arkonochraen	8rk8n8chr8n	អរគុណច្រើន	thanks a lot
arkonochrern	8rk8n8chr8rn	អរគុណច្រើន	thanks a lot
arkonochreun	8rk8n8chr8n	អរគុណច្រើន	thanks a lot
arkonochraeun	8rk8n8chr8n	អរគុណច្រើន	thanks a lot
arkonojraen	8rk8n8jr8n	អរគុណច្រើន	thanks a lot
arkonojrern	8rk8n8jr8rn	អរគុណច្រើន	thanks a lot
arkonojreun	8rk8n8jr8n	អរគុណច្រើន	thanks a lot
arkonojraeun	8rk8n8jr8n	អរគុណច្រើន	thanks a lot
arkonachraen	8rk8n8chr8n	អរគុណច្រើន	thanks a lot
arkonachrern	8rk8n8chr8rn	អរគុណច្រើន	thanks a lot
arkonachreun	8rk8n8chr8n	អរគុណច្រើន	thanks a lot
arkonachraeun	8rk8n8chr8n	អរគុណច្រើន	thanks a lot
arkonajraen	8rk8n8jr8n	អរគុណច្រើន	thanks a lot
arkonajrern	8rk8n8jr8rn	អរគុណច្រើន	thanks a lot
arkonajreun	8rk8n8jr8n	អរគុណច្រើន	thanks a lot
arkonajraeun	8rk8n8jr8n	អរគុណច្រើន	thanks a lot
argunchraen	8rg8nchr8n	អរគុណច្រើន	thanks a lot
argunchrern	8rg8nchr8rn	អរគុណច្រើន	thanks a lot
argunchreun	8rg8nchr8n	អរគុណច្រើន	thanks a lot
argunchraeun	8rg8nchr8n	អរគុណច្រើន	thanks a lot
argunjraen	8rg8njr8n	អរគុណច្រើន	thanks a lot
argunjrern	8rg8njr8rn	អរគុណច្រើន	thanks a lot
argunjreun	8rg8njr8n	អរគុណច្រើន	thanks a lot
argunjraeun	8rg8njr8n	អរគុណច្រើន	thanks a lot
argunochraen	8rg8n8chr8n	អរគុណច្រើន	thanks a lot
argunochrern	8rg8n8chr8rn	អរគុណច្រើន	thanks a lot
argunochreun	8rg8n8chr8n	អរគុណច្រើន	thanks a lot
argunochraeun	8rg8n8chr8n	អរគុណច្រើន	thanks a lot
argunojraen	8rg8n8jr8n	អរគុណច្រើន	thanks a lot
argunojrern	8rg8n8jr8rn	អរគុណច្រើន	thanks a lot
argunojreun	8rg8n8jr8n	អរគុណច្រើន	thanks a lot
argunojraeun	8rg8n8jr8n	អរគុណច្រើន	thanks a lot
argunachraen	8rg8n8chr8n	អរគុណច្រើន	thanks a lot
argunachrern	8rg8n8chr8rn	អរគុណច្រើន	thanks a lot
argunachreun	8rg8n8chr8n	អរគុណច្រើន	thanks a lot
argunachraeun	8rg8n8chr8n	អរគុណច្រើន	thanks a lot
argunajraen	8rg8n8jr8n	អរគុណច្រើន	thanks a lot
argunajrern	8rg8n8jr8rn	អរគុណច្រើន	thanks a lot
argunajreun	8rg8n8jr8n	អរគុណច្រើន	thanks a lot
argunajraeun	8rg8n8jr8n	អរគុណច្រើន	thanks a lot
argonchraen	8rg8nchr8n	អរគុណច្រើន	thanks a lot
argonchrern	8rg8nchr8rn	អរគុណច្រើន	thanks a lot
argonchreun	8rg8nchr8n	អរគុណច្រើន	thanks a lot
argonchraeun	8rg8nchr8n	អរគុណច្រើន	thanks a lot
argonjraen	8rg8njr8n	អរគុណច្រើន	thanks a lot
argonjrern	8rg8njr8rn	អរគុណច្រើន	thanks a lot
argonjreun	8rg8njr8n	អរគុណច្រើន	thanks a lot
argonjraeun	8rg8njr8n	អរគុណច្រើន	thanks a lot
argonochraen	8rg8n8chr8n	អរគុណច្រើន	thanks a lot
argonochrern	8rg8n8chr8rn	អរគុណច្រើន	thanks a lot
argonochreun	8rg8n8chr8n	អរគុណច្រើន	thanks a lot
argonochraeun	8rg8n8chr8n	អរគុណច្រើន	thanks a lot
argonojraen	8rg8n8jr8n	អរគុណច្រើន	thanks a lot
argonojrern	8rg8n8jr8rn	អរគុណច្រើន	thanks a lot
argonojreun	8rg8n8jr8n	អរគុណច្រើន	thanks a lot
argonojraeun	8rg8n8jr8n	អរគុណច្រើន	thanks a lot
argonachraen	8rg8n8chr8n	អរគុណច្រើន	thanks a lot
argonachrern	8rg8n8chr8rn	អរគុណច្រើន	thanks a lot
argonachreun	8rg8n8chr8n	អរគុណច្រើន	thanks a lot
argonachraeun	8rg8n8chr8n	អរគុណច្រើន	thanks a lot
argonajraen	8rg8n8jr8n	អរគុណច្រើន	thanks a lot
argonajrern	8rg8n8jr8rn	អរគុណច្រើន	thanks a lot
argonajreun	8rg8n8jr8n	អរគុណច្រើន	thanks a lot
argonajraeun	8rg8n8jr8n	អរគុណច្រើន	thanks a lot
arokunchraen	8r8k8nchr8n	អរគុណច្រើន	thanks a lot
arokunchrern	8r8k8nchr8rn	អរគុណច្រើន	thanks a lot
arokunchreun	8r8k8nchr8n	អរគុណច្រើន	thanks a lot
arokunchraeun	8r8k8nchr8n	អរគុណច្រើន	thanks a lot
arokunjraen	8r8k8njr8n	អរគុណច្រើន	thanks a lot
arokunjrern	8r8k8njr8rn	អរគុណច្រើន	thanks a lot
arokunjreun	8r8k8njr8n	អរគុណច្រើន	thanks a lot
arokunjraeun	8r8k8njr8n	អរគុណច្រើន	thanks a lot
arokunochraen	8r8k8n8chr8n	អរគុណច្រើន	thanks a lot
arokunochrern	8r8k8n8chr8rn	អរគុណច្រើន	thanks a lot
arokunochreun	8r8k8n8chr8n	អរគុណច្រើន	thanks a lot
arokunochraeun	8r8k8n8chr8n	អរគុណច្រើន	thanks a lot
arokunojraen	8r8k8n8jr8n	អរគុណច្រើន	thanks a lot
arokunojrern	8r8k8n8jr8rn	អរគុណច្រើន	thanks a lot
arokunojreun	8r8k8n8jr8n	អរគុណច្រើន	thanks a lot
arokunojraeun	8r8k8n8jr8n	អរគុណច្រើន	thanks a lot
arokunachraen	8r8k8n8chr8n	អរគុណច្រើន	thanks a lot
arokunachrern	8r8k8n8chr8rn	អរគុណច្រើន	thanks a lot
arokunachreun	8r8k8n8chr8n	អរគុណច្រើន	thanks a lot
arokunachraeun	8r8k8n8chr8n	អរគុណច្រើន	thanks a lot
arokunajraen	8r8k8n8jr8n	អរគុណច្រើន	thanks a lot
arokunajrern	8r8k8n8jr8rn	អរគុណច្រើន	thanks a lot
arokunajreun	8r8k8n8jr8n	អរគុណច្រើន	thanks a lot
arokunajraeun	8r8k8n8jr8n	អរគុណច្រើន	thanks a lot
orkunchraeun	8rk8nchr8n	អរគុណច្រើន	thanks a lot
akunchren	8k8nchr8n	អរគុណច្រើន	thanks a lot
orkunchren	8rk8nchr8n	អរគុណច្រើន	thanks a lot
